; HEADER_BLOCK_START
; generated by OrcaSlicer 2.5.0-dev on 2026-10-05 at 18:07:46
; total layer number: 32
; filament_density: 1.27
; filament_diameter: 1.75
; max_z_height: 3.96
; filament: 1
; HEADER_BLOCK_END

; external perimeters extrusion width = 0.42mm
; perimeters extrusion width = 0.42mm
; infill extrusion width = 0.42mm
; solid infill extrusion width = 0.42mm
; top infill extrusion width = 0.42mm
; first layer extrusion width = 0.42mm

; EXECUTABLE_BLOCK_START
M73 P0 R12
;TYPE:Custom
SET_VELOCITY_LIMIT SQUARE_CORNER_VELOCITY=10 ACCEL=10000
SET_PRESSURE_ADVANCE EXTRUDER=extruder1 ADVANCE=0.04
M104 S250 T1
M140 S75
M141 S0
G21
G90
M83
G92 E0
G0 Z10 F900
M190 S75
M191 S0
M400
T1 ; switch extruder type to:PLASTIC
MOVE_TO_BRUSH_STATION
M109 S250 T1
CLEAN_NOZZLE
MOVE_OUT_BRUSH_STATION
M106 P3 S0
M106 P5 S0
M104 S270 T0
M400
MOVE_TO_BRUSH_STATION
CLEAN_NOZZLE
M104 S150 T1 ; standby
M104 S180 T0 ; standby
M104 S270 T0 ; pre-charge
M109 S270 T0
MOVE_OUT_BRUSH_STATION
M106 P3 S255 ; auxiliary fan on while T0 deposits
M106 P5 S255 ; exhaust fan on while T0 deposits
T0 ; switch extruder type to:FIBER
M104 S250 T1 ; FS_PREHEAT next_tool=1 lead_s=15
M1001 L79
G1 F1200 Z1.44
G1 X10.00 Y10.00 F1200
G1 F1200 U55.000 ; Extrude restart
G1 F1200 Z0.24
G1 F600 V1.000 ; Recover matrix retract
G1 F600 V3.000 ; Matrix prime
G1 X35.20 Y10.00 V0.840 U24.696 P0.034 F1200
; Start to cut
M2800
M400
;CUT DISTANCE 54.8
G1 X90.00 Y10.00 V1.826 F1200
; Cutting completed.
G1 F600 V-1.000 ; Retract
; FS_RELEASE_BEGIN length_mm=6.800 speed_mm_s=10.000
G1 X96.800 Y10.000 F600
; FS_RELEASE_END physical_clearance=unmeasured
M1002
M400
G1 F600 V-4.000 ; Toolchange matrix retract
G1 F1200 Z0.84
MOVE_TO_BRUSH_STATION
CLEAN_NOZZLE
M104 S180 T0 ; standby
M104 S250 T1 ; pre-charge
M109 S250 T1
MOVE_OUT_BRUSH_STATION
M106 P3 S0 ; auxiliary fan off while T1 deposits
M106 P5 S0 ; exhaust fan off while T1 deposits
T1 ; switch extruder type to:PLASTIC
G90
G21
M83 ; use relative distances for extrusion
; Filament gcode
M106 S0
;LAYER_CHANGE
;Z:0.24
;HEIGHT:0.24
;_SET_FAN_SPEED_CHANGING_LAYER
G1 E-1 F1200
G1 X127.098 Y135.177 F9000
G1 Z.24 F9000
M73 P1 R12
G1 Z.24 F9000
G1 E1 F1500
;TYPE:Skirt
;WIDTH:0.42
G1 F3000
G1 X128.619 Y134.759 E.05798
G1 X130.683 Y134.444 E.07678
G1 X132.331 Y134.39 E.06063
G1 X168.708 Y134.366 E1.33753
G1 X169.935 Y134.473 E.04528
G1 X171.488 Y134.747 E.05798
G1 X173.488 Y135.348 E.07679
G1 X175.163 Y136.091 E.06738
G1 X176.526 Y136.883 E.05798
G1 X178.196 Y138.137 E.07678
G1 X179.513 Y139.412 E.06739
G1 X180.52 Y140.626 E.05798
G1 X181.529 Y142.155 E.06738
G1 X182.451 Y144.029 E.07678
G1 X182.978 Y145.515 E.05799
G1 X183.397 Y147.299 E.06738
G1 X183.618 Y149.376 E.07678
G1 X183.599 Y150.953 E.05798
G1 X183.378 Y152.772 E.06738
G1 X182.869 Y154.797 E.07678
G1 X182.308 Y156.271 E.05799
G1 X181.474 Y157.903 E.06738
G1 X180.297 Y159.628 E.07678
G1 X179.084 Y161.002 E.06739
G1 X177.718 Y162.223 E.06738
G1 X176.435 Y163.14 E.05798
G1 X174.605 Y164.147 E.07678
G1 X172.902 Y164.823 E.06738
G1 X171.381 Y165.241 E.05798
G1 X169.572 Y165.532 E.06739
G1 X167.741 Y165.609 E.06738
G1 X131.465 Y165.64 E1.33382
G1 X130.065 Y165.527 E.05164
G1 X128.263 Y165.194 E.06738
G1 X126.512 Y164.652 E.06739
G1 X124.837 Y163.909 E.06738
G1 X123.26 Y162.975 E.06739
G1 X121.804 Y161.863 E.06738
G1 X120.662 Y160.776 E.05798
G1 X119.688 Y159.625 E.05542
G1 X118.471 Y157.845 E.07929
G1 X117.648 Y156.207 E.06738
G1 X117.022 Y154.485 E.06738
G1 X116.603 Y152.701 E.06738
G1 X116.382 Y150.624 E.07679
G1 X116.419 Y148.792 E.06738
G1 X116.669 Y146.976 E.06738
G1 X117.054 Y145.447 E.05798
G1 X117.692 Y143.729 E.06738
G1 X118.658 Y141.877 E.07679
G1 X119.703 Y140.372 E.06738
G1 X120.916 Y138.999 E.06739
G1 X122.282 Y137.777 E.06738
G1 X123.565 Y136.86 E.05798
G1 X125.395 Y135.853 E.07678
G1 X127.061 Y135.192 E.06591
; printing object s+hook+20mm id:0 copy 0
G1 E-1 F1200
G1 X130.855 Y161.106 F9000
G1 E1 F1500
;TYPE:Inner wall
;WIDTH:0.419999
G1 F1200
G1 X130.858 Y162.803 E.06238
G1 X130.521 Y162.776 E.01243
G1 X129.031 Y162.513 E.05561
G1 X127.589 Y162.08 E.05537
G1 X126.208 Y161.481 E.05537
G1 X124.906 Y160.724 E.05537
G1 X123.701 Y159.82 E.05537
G1 X122.611 Y158.781 E.05537
G1 X121.65 Y157.622 E.05537
G1 X120.831 Y156.358 E.05537
G1 X120.166 Y155.007 E.05537
G1 X119.663 Y153.587 E.05537
G1 X119.33 Y152.119 E.05537
G1 X119.171 Y150.621 E.05537
G1 X119.189 Y149.115 E.05537
G1 X119.382 Y147.622 E.05537
G1 X119.75 Y146.161 E.05537
G1 X120.285 Y144.754 E.05537
G1 X120.982 Y143.419 E.05537
G1 X121.83 Y142.175 E.05537
G1 X122.818 Y141.038 E.05537
G1 X123.933 Y140.025 E.05537
G1 X125.158 Y139.149 E.05537
G1 X126.477 Y138.423 E.05537
G1 X127.872 Y137.856 E.05537
G1 X129.324 Y137.457 E.05537
G1 X130.813 Y137.23 E.05537
G1 X132.318 Y137.179 E.05537
G1 X133.819 Y137.304 E.05537
G1 X135.295 Y137.605 E.05537
G1 X136.725 Y138.076 E.05537
G1 X138.133 Y138.737 E.0572
G1 X139.372 Y139.502 E.05353
G1 X140.566 Y140.448 E.05603
G1 X160.586 Y158.318 E.98669
G1 X161.743 Y159.22 E.05393
M73 P2 R12
G1 X163.027 Y159.97 E.05468
G1 X164.435 Y160.552 E.05602
G1 X165.872 Y160.932 E.05466
G1 X167.274 Y161.113 E.05196
G1 X168.797 Y161.111 E.05602
G1 X170.27 Y160.906 E.05467
G1 X171.703 Y160.507 E.05467
G1 X173.07 Y159.921 E.05471
G1 X174.375 Y159.136 E.05599
G1 X175.536 Y158.207 E.05466
G1 X176.562 Y157.131 E.05466
G1 X177.398 Y155.992 E.05196
G1 X178.131 Y154.656 E.05602
G1 X178.663 Y153.267 E.05467
G1 X179.005 Y151.82 E.05468
G1 X179.151 Y150.34 E.05468
G1 X179.121 Y149.449 E.03281
G1 X179.094 Y148.818 E.02321
G1 X178.841 Y147.353 E.05466
G1 X178.421 Y146.004 E.05196
G1 X177.784 Y144.62 E.05602
G1 X176.984 Y143.366 E.05467
G1 X176.025 Y142.23 E.05468
G1 X174.922 Y141.232 E.05467
G1 X173.664 Y140.372 E.05602
G1 X172.336 Y139.704 E.05466
G1 X170.931 Y139.219 E.05466
G1 X169.818 Y138.991 E.04179
G1 X169.146 Y138.894 E.02495
G1 X169.146 Y137.198 E.06236
G1 X169.479 Y137.224 E.01228
G1 X170.969 Y137.487 E.0556
G1 X172.411 Y137.92 E.05537
G1 X173.792 Y138.519 E.05537
G1 X175.094 Y139.276 E.05537
G1 X176.299 Y140.18 E.05537
G1 X177.389 Y141.219 E.05537
G1 X178.35 Y142.378 E.05537
G1 X179.169 Y143.642 E.05537
G1 X179.834 Y144.993 E.05537
G1 X180.337 Y146.413 E.05537
G1 X180.67 Y147.881 E.05537
G1 X180.828 Y149.429 E.05721
G1 X180.811 Y150.885 E.05353
G1 X180.618 Y152.378 E.05537
G1 X180.25 Y153.839 E.05537
G1 X179.715 Y155.246 E.05537
G1 X179.018 Y156.581 E.05537
G1 X178.17 Y157.826 E.05537
G1 X177.182 Y158.962 E.05537
G1 X176.067 Y159.975 E.05537
G1 X174.842 Y160.851 E.05537
G1 X173.523 Y161.577 E.05537
G1 X172.128 Y162.144 E.05537
G1 X170.676 Y162.543 E.05537
G1 X169.187 Y162.77 E.05537
G1 X167.682 Y162.821 E.05537
G1 X166.181 Y162.696 E.05537
G1 X164.705 Y162.395 E.05537
G1 X163.275 Y161.924 E.05537
G1 X161.867 Y161.263 E.0572
G1 X160.628 Y160.498 E.05353
G1 X159.434 Y159.552 E.05603
G1 X139.414 Y141.682 E.98669
G1 X138.257 Y140.78 E.05393
G1 X136.973 Y140.03 E.05468
G1 X135.565 Y139.448 E.05602
G1 X134.128 Y139.068 E.05466
G1 X132.726 Y138.887 E.05196
G1 X131.203 Y138.889 E.05602
G1 X129.73 Y139.094 E.05467
G1 X128.297 Y139.493 E.05467
G1 X126.93 Y140.079 E.05471
G1 X125.625 Y140.864 E.05599
G1 X124.464 Y141.793 E.05466
G1 X123.438 Y142.869 E.05466
M73 P3 R12
G1 X122.602 Y144.008 E.05196
G1 X121.869 Y145.344 E.05602
G1 X121.338 Y146.733 E.05467
G1 X120.995 Y148.18 E.05468
G1 X120.849 Y149.66 E.05468
G1 X120.879 Y150.551 E.03281
G1 X120.906 Y151.182 E.02321
G1 X121.159 Y152.647 E.05466
G1 X121.579 Y153.996 E.05196
G1 X122.216 Y155.38 E.05602
G1 X123.016 Y156.634 E.05467
G1 X123.975 Y157.77 E.05468
G1 X125.078 Y158.768 E.05467
G1 X126.336 Y159.628 E.05602
G1 X127.664 Y160.296 E.05466
G1 X129.069 Y160.781 E.05466
G1 X130.185 Y161.01 E.04188
G1 X130.816 Y161.1 E.02343
G1 X131.249 Y160.747 F9000
;TYPE:Outer wall
G1 F1200
G1 X131.253 Y163.229 E.09127
G1 X130.471 Y163.168 E.02883
G1 X128.94 Y162.898 E.05716
G1 X127.454 Y162.451 E.05707
G1 X126.03 Y161.833 E.05708
G1 X124.688 Y161.053 E.05707
G1 X123.446 Y160.121 E.05707
G1 X122.322 Y159.051 E.05708
G1 X121.331 Y157.856 E.05708
G1 X120.487 Y156.553 E.05707
G1 X119.802 Y155.16 E.05707
G1 X119.284 Y153.697 E.05708
G1 X118.94 Y152.183 E.05707
G1 X118.777 Y150.64 E.05708
G1 X118.795 Y149.087 E.05707
G1 X118.994 Y147.548 E.05707
G1 X119.373 Y146.043 E.05707
G1 X119.925 Y144.592 E.05707
G1 X120.643 Y143.216 E.05708
G1 X121.518 Y141.933 E.05707
G1 X122.536 Y140.762 E.05708
G1 X123.685 Y139.718 E.05707
G1 X124.947 Y138.815 E.05707
G1 X126.307 Y138.067 E.05708
G1 X127.745 Y137.482 E.05707
G1 X129.242 Y137.071 E.05707
G1 X130.777 Y136.837 E.05708
G1 X132.328 Y136.784 E.05707
G1 X133.875 Y136.913 E.05708
G1 X135.396 Y137.223 E.05707
G1 X136.87 Y137.709 E.05707
G1 X138.34 Y138.402 E.05975
G1 X139.599 Y139.178 E.05438
G1 X140.82 Y140.146 E.0573
G1 X160.839 Y158.015 E.98664
G1 X161.965 Y158.892 E.05248
G1 X163.203 Y159.616 E.05274
G1 X164.537 Y160.171 E.05312
G1 X165.923 Y160.541 E.05274
G1 X167.324 Y160.722 E.05196
G1 X168.769 Y160.717 E.05313
G1 X170.19 Y160.519 E.05274
G1 X171.572 Y160.134 E.05274
G1 X172.89 Y159.569 E.05274
G1 X174.13 Y158.827 E.05312
G1 X175.251 Y157.933 E.05273
G1 X176.231 Y156.915 E.05196
G1 X177.086 Y155.75 E.05312
G1 X177.772 Y154.491 E.05274
G1 X178.285 Y153.151 E.05274
G1 X178.615 Y151.755 E.05274
G1 X178.757 Y150.328 E.05274
G1 X178.727 Y149.462 E.03184
G1 X178.705 Y148.884 E.02128
G1 X178.464 Y147.47 E.05274
G1 X178.045 Y146.121 E.05196
G1 X177.438 Y144.809 E.05313
G1 X176.666 Y143.6 E.05274
G1 X175.74 Y142.505 E.05274
G1 X174.677 Y141.542 E.05274
G1 X173.486 Y140.724 E.05312
G1 X172.206 Y140.077 E.05273
G1 X170.872 Y139.611 E.05196
G1 X169.451 Y139.319 E.05335
G1 X168.752 Y139.253 E.02583
G1 X168.752 Y136.772 E.09123
G1 X169.529 Y136.832 E.02865
G1 X171.06 Y137.102 E.05715
M73 P4 R12
G1 X172.546 Y137.549 E.05707
G1 X173.97 Y138.167 E.05708
G1 X175.312 Y138.947 E.05707
G1 X176.554 Y139.879 E.05707
G1 X177.678 Y140.949 E.05708
G1 X178.669 Y142.144 E.05707
G1 X179.513 Y143.447 E.05707
G1 X180.198 Y144.84 E.05707
G1 X180.716 Y146.303 E.05708
G1 X181.06 Y147.817 E.05707
G1 X181.223 Y149.434 E.05975
G1 X181.205 Y150.913 E.05438
G1 X181.006 Y152.452 E.05707
G1 X180.627 Y153.957 E.05708
G1 X180.075 Y155.408 E.05707
G1 X179.357 Y156.784 E.05708
G1 X178.482 Y158.067 E.05707
G1 X177.464 Y159.238 E.05707
G1 X176.315 Y160.282 E.05708
G1 X175.053 Y161.185 E.05707
G1 X173.693 Y161.933 E.05708
G1 X172.255 Y162.518 E.05707
G1 X170.758 Y162.929 E.05707
G1 X169.223 Y163.163 E.05708
G1 X167.672 Y163.216 E.05707
G1 X166.125 Y163.087 E.05708
G1 X164.604 Y162.777 E.05707
G1 X163.13 Y162.291 E.05707
G1 X161.66 Y161.598 E.05975
G1 X160.401 Y160.822 E.05438
G1 X159.18 Y159.854 E.0573
G1 X139.161 Y141.985 E.98664
G1 X138.035 Y141.108 E.05248
G1 X136.797 Y140.384 E.05274
G1 X135.463 Y139.829 E.05312
G1 X134.077 Y139.459 E.05274
G1 X132.676 Y139.278 E.05196
G1 X131.231 Y139.283 E.05313
G1 X129.81 Y139.481 E.05274
G1 X128.429 Y139.866 E.05274
G1 X127.11 Y140.431 E.05274
G1 X125.87 Y141.173 E.05312
G1 X124.749 Y142.067 E.05273
G1 X123.769 Y143.085 E.05196
G1 X122.914 Y144.25 E.05312
G1 X122.228 Y145.509 E.05274
G1 X121.715 Y146.849 E.05274
G1 X121.385 Y148.245 E.05274
G1 X121.243 Y149.672 E.05274
G1 X121.273 Y150.538 E.03185
G1 X121.295 Y151.116 E.02128
G1 X121.536 Y152.53 E.05274
G1 X121.955 Y153.879 E.05196
G1 X122.562 Y155.191 E.05313
G1 X123.334 Y156.4 E.05274
G1 X124.26 Y157.495 E.05274
G1 X125.323 Y158.458 E.05274
G1 X126.514 Y159.276 E.05312
G1 X127.794 Y159.923 E.05273
G1 X129.128 Y160.389 E.05196
G1 X130.549 Y160.681 E.05335
G1 X131.209 Y160.743 E.02437
G1 E-1 F1200
G1 X178.332 Y142.554 F9000
G1 E1 F1500
;TYPE:Bottom surface
;WIDTH:0.420836
G1 F1200
G1 X177.179 Y141.4 E.06012
G1 X176.12 Y140.391 E.05391
M73 P4 R11
G1 X174.941 Y139.507 E.0543
G1 X174.515 Y139.259 E.01816
G1 X178.733 Y143.476 E.21979
G1 X178.928 Y143.779 E.01328
G1 X179.332 Y144.598 E.03366
G1 X173.372 Y138.638 E.31061
G1 X172.45 Y138.238 E.03705
G1 X179.726 Y145.514 E.37921
M73 P5 R11
G1 X180.012 Y146.323 E.03161
G1 X177.755 Y144.066 E.11763
G1 X177.231 Y143.239 E.03608
G1 X176.187 Y142.005 E.05958
G1 X175.078 Y141.004 E.05503
G1 X173.851 Y140.162 E.05484
G1 X171.677 Y137.988 E.1133
G1 X170.931 Y137.764 E.02873
G1 X172.785 Y139.618 E.09663
G1 X172.484 Y139.465 E.01245
G1 X171.908 Y139.264 E.02247
G1 X170.293 Y137.648 E.08419
G1 X169.659 Y137.536 E.02373
G1 X171.104 Y138.982 E.07532
G1 X170.44 Y138.84 E.02502
G1 X169.423 Y137.823 E.05302
G1 X169.422 Y138.345 E.01924
G1 X169.993 Y138.916 E.02975
G1 E-1 F1200
G1 X178.009 Y144.842 F9000
G1 E1 F1500
G1 F1200
G1 X180.193 Y147.026 E.1138
G1 X180.346 Y147.701 E.02552
G1 X178.73 Y146.085 E.08421
G1 X178.969 Y146.847 E.0294
G1 X180.438 Y148.316 E.07658
G1 X180.5 Y148.9 E.02165
G1 X179.16 Y147.56 E.06986
G1 X179.266 Y148.189 E.0235
G1 X180.551 Y149.474 E.06698
G1 X180.545 Y149.99 E.01903
G1 X179.373 Y148.817 E.06112
G1 X179.393 Y149.36 E.02001
G1 X180.539 Y150.506 E.05975
G1 X180.535 Y150.865 E.01323
G1 X180.517 Y151.006 E.00523
G1 X179.412 Y149.902 E.05757
G1 X179.427 Y150.3 E.0147
G1 X179.414 Y150.426 E.00465
G1 X180.457 Y151.468 E.05434
G1 X180.397 Y151.931 E.01718
G1 X179.367 Y150.901 E.05367
G1 X179.32 Y151.376 E.0176
G1 X180.33 Y152.387 E.05267
G1 X180.226 Y152.804 E.01586
G1 X179.273 Y151.851 E.04965
G1 X179.179 Y152.28 E.01616
G1 X180.121 Y153.221 E.04908
G1 X180.016 Y153.639 E.01586
G1 X179.078 Y152.701 E.04889
G1 X178.976 Y153.122 E.01596
G1 X179.883 Y154.028 E.04722
G1 X179.739 Y154.406 E.01492
G1 X178.859 Y153.527 E.04584
G1 X178.714 Y153.905 E.01491
G1 X179.595 Y154.785 E.04587
G1 X179.462 Y155.133 E.01372
G1 X179.448 Y155.16 E.00115
G1 X178.57 Y154.282 E.04575
G1 X178.425 Y154.66 E.01491
G1 X179.269 Y155.503 E.04395
G1 X179.09 Y155.847 E.01427
G1 X178.249 Y155.006 E.0438
G1 X178.066 Y155.345 E.01421
G1 X178.91 Y156.19 E.04401
G1 X178.722 Y156.524 E.01413
G1 X177.883 Y155.685 E.04375
G1 X177.7 Y156.024 E.01421
G1 X178.511 Y156.835 E.04225
G1 X178.299 Y157.145 E.01385
G1 X177.485 Y156.331 E.04245
G1 X177.264 Y156.633 E.01378
G1 X178.087 Y157.456 E.04289
G1 X177.864 Y157.755 E.01376
G1 X177.044 Y156.935 E.04275
G1 X176.824 Y157.237 E.01378
G1 X177.622 Y158.035 E.04157
G1 X177.379 Y158.314 E.01364
G1 X176.58 Y157.516 E.0416
G1 X176.323 Y157.781 E.01361
G1 X177.136 Y158.594 E.04234
G1 X176.984 Y158.768 E.00853
G1 X176.881 Y158.861 E.00511
G1 X176.066 Y158.047 E.04245
G1 X175.81 Y158.312 E.01361
G1 X176.607 Y159.109 E.04155
G1 X176.332 Y159.357 E.01363
G1 X175.539 Y158.563 E.04137
G1 X175.247 Y158.795 E.0137
G1 X176.058 Y159.605 E.04224
G1 X175.862 Y159.782 E.00975
G1 X175.775 Y159.844 E.00393
G1 X174.956 Y159.026 E.04267
G1 X174.665 Y159.257 E.0137
G1 X175.47 Y160.062 E.04196
G1 X175.166 Y160.28 E.0138
G1 X174.357 Y159.471 E.04214
G1 X174.031 Y159.667 E.01403
G1 X174.861 Y160.497 E.04328
G1 X174.695 Y160.616 E.00754
G1 X174.542 Y160.701 E.00643
G1 X173.704 Y159.863 E.04366
G1 X173.378 Y160.059 E.01403
G1 X174.205 Y160.886 E.04312
G1 X173.868 Y161.071 E.01417
G1 X173.029 Y160.233 E.04371
G1 X172.665 Y160.391 E.01463
G1 X173.531 Y161.257 E.04514
G1 X173.404 Y161.327 E.00536
G1 X173.173 Y161.421 E.00919
G1 X172.301 Y160.549 E.04545
G1 X171.936 Y160.707 E.01463
G1 X172.801 Y161.572 E.04508
G1 X172.43 Y161.723 E.01477
G1 X171.541 Y160.833 E.04634
G1 X171.132 Y160.947 E.01564
G1 X172.059 Y161.873 E.04829
G1 X171.651 Y161.988 E.0156
G1 X170.723 Y161.06 E.04836
G1 X170.314 Y161.174 E.01564
G1 X171.241 Y162.101 E.04832
G1 X170.832 Y162.214 E.01566
G1 X169.859 Y161.241 E.0507
G1 X169.399 Y161.304 E.0171
G1 X170.401 Y162.305 E.05222
G1 X169.948 Y162.375 E.0169
G1 X168.94 Y161.366 E.05255
G1 X168.789 Y161.387 E.0056
G1 X168.44 Y161.389 E.01288
G1 X169.495 Y162.444 E.05499
G1 X169.161 Y162.494 E.01243
G1 X169.028 Y162.499 E.00492
G1 X167.92 Y161.391 E.05773
G1 X167.4 Y161.394 E.01915
G1 X168.523 Y162.516 E.05849
G1 X168.017 Y162.533 E.01863
G1 X166.811 Y161.327 E.06286
G1 X166.214 Y161.252 E.0222
G1 X167.49 Y162.528 E.06651
G1 X166.92 Y162.48 E.02108
M73 P6 R11
G1 X165.584 Y161.145 E.0696
G1 X164.871 Y160.953 E.02722
G1 X166.35 Y162.432 E.07708
G1 X166.22 Y162.422 E.00478
G1 X165.713 Y162.318 E.01906
G1 X164.117 Y160.722 E.08322
G1 X163.222 Y160.349 E.0357
G1 X165.058 Y162.185 E.09566
G1 X164.776 Y162.128 E.01057
G1 X164.332 Y161.981 E.01726
G1 X162.082 Y159.732 E.11725
G1 X161.549 Y159.419 E.02278
G1 X160.391 Y158.514 E.05416
G1 X159.937 Y158.109 E.0224
G1 X163.553 Y161.725 E.18844
G1 X163.377 Y161.667 E.00683
G1 X162.621 Y161.315 E.03073
G1 X155.073 Y153.767 E.39339
G1 X150.208 Y149.425 E.2403
G1 X161.487 Y160.704 E.58783
G1 X160.787 Y160.272 E.03033
G1 X159.52 Y159.259 E.05978
G1 X145.344 Y145.083 E.73882
G1 X140.479 Y140.74 E.2403
G1 X154.655 Y154.917 E.73882
G1 X149.791 Y150.574 E.2403
G1 X138.513 Y139.296 E.58779
G1 X137.959 Y138.955 E.02396
G1 X137.379 Y138.685 E.02358
G1 X144.926 Y146.232 E.39335
G1 X140.062 Y141.89 E.2403
G1 X136.447 Y138.275 E.1884
M73 P7 R11
G1 X135.668 Y138.019 E.03021
G1 X137.907 Y140.257 E.11667
G1 X137.078 Y139.775 E.03533
G1 X136.777 Y139.65 E.01203
G1 X134.942 Y137.815 E.09561
G1 X134.287 Y137.682 E.02466
G1 X135.88 Y139.275 E.08303
G1 X135.736 Y139.215 E.00576
G1 X135.134 Y139.051 E.02299
G1 X133.65 Y137.568 E.07731
G1 X133.08 Y137.52 E.02108
G1 X134.417 Y138.856 E.06964
G1 X134.222 Y138.803 E.00744
G1 X133.786 Y138.748 E.01617
G1 X132.51 Y137.472 E.06651
G1 X132.35 Y137.459 E.00592
G1 X131.986 Y137.47 E.01343
G1 X133.189 Y138.673 E.06268
G1 X132.6 Y138.606 E.02185
G1 X131.479 Y137.486 E.05839
G1 X130.973 Y137.502 E.01868
G1 X132.08 Y138.609 E.05771
G1 X131.56 Y138.611 E.01915
G1 X130.505 Y137.556 E.05499
G1 X130.052 Y137.625 E.0169
G1 X131.06 Y138.634 E.05255
G1 X130.601 Y138.696 E.01709
G1 X129.599 Y137.695 E.05222
G1 X129.382 Y137.728 E.00808
G1 X129.168 Y137.786 E.00817
G1 X130.141 Y138.759 E.0507
G1 X129.685 Y138.825 E.01699
G1 X128.759 Y137.899 E.04827
G1 X128.349 Y138.012 E.01566
G1 X129.276 Y138.939 E.04832
G1 X128.868 Y139.053 E.01563
G1 X127.941 Y138.127 E.04827
G1 X127.57 Y138.277 E.01477
G1 X128.459 Y139.166 E.04633
G1 X128.173 Y139.246 E.01093
G1 X128.064 Y139.293 E.0044
G1 X127.199 Y138.428 E.04508
G1 X126.827 Y138.579 E.01477
G1 X127.699 Y139.451 E.04545
G1 X127.335 Y139.609 E.01463
G1 X126.469 Y138.743 E.04514
G1 X126.132 Y138.929 E.01417
G1 X126.971 Y139.767 E.04371
G1 X126.762 Y139.858 E.00837
G1 X126.622 Y139.941 E.00601
G1 X125.795 Y139.114 E.04312
G1 X125.458 Y139.299 E.01417
G1 X126.296 Y140.137 E.04366
G1 X125.969 Y140.333 E.01403
G1 X125.139 Y139.503 E.04328
G1 X124.834 Y139.72 E.0138
G1 X125.643 Y140.529 E.04214
G1 X125.488 Y140.622 E.00665
G1 X125.335 Y140.743 E.00721
G1 X124.53 Y139.938 E.04196
G1 X124.225 Y140.156 E.0138
G1 X125.044 Y140.974 E.04267
G1 X124.753 Y141.205 E.0137
G1 X123.939 Y140.392 E.04238
G1 X123.666 Y140.641 E.01363
G1 X124.461 Y141.437 E.04146
G1 X124.342 Y141.531 E.0056
G1 X124.19 Y141.688 E.00804
G1 X123.392 Y140.89 E.0416
G1 X123.119 Y141.138 E.01363
G1 X123.933 Y141.953 E.04247
G1 X123.677 Y142.219 E.01361
G1 X122.864 Y141.406 E.04233
G1 X122.621 Y141.686 E.01364
G1 X123.42 Y142.484 E.0416
G1 X123.257 Y142.652 E.00862
G1 X123.176 Y142.763 E.00505
G1 X122.378 Y141.965 E.04155
G1 X122.136 Y142.245 E.01364
G1 X122.954 Y143.064 E.04268
G1 X122.733 Y143.365 E.01377
G1 X121.913 Y142.544 E.04276
G1 X121.701 Y142.855 E.01385
G1 X122.512 Y143.666 E.04226
G1 X122.361 Y143.871 E.00937
G1 X122.303 Y143.979 E.00454
G1 X121.489 Y143.165 E.04239
G1 X121.278 Y143.476 E.01385
G1 X122.119 Y144.317 E.04385
G1 X121.935 Y144.656 E.0142
G1 X121.09 Y143.81 E.04407
G1 X120.91 Y144.153 E.01427
G1 X121.751 Y144.995 E.04383
G1 X121.575 Y145.34 E.0143
G1 X120.731 Y144.497 E.04395
G1 X120.552 Y144.84 E.01427
G1 X121.43 Y145.718 E.04575
G1 X121.285 Y146.095 E.01491
G1 X120.405 Y145.215 E.04587
G1 X120.261 Y145.594 E.01492
G1 X121.141 Y146.473 E.04584
G1 X121.087 Y146.615 E.00559
G1 X121.024 Y146.878 E.00998
G1 X120.117 Y145.972 E.04722
G1 X120.034 Y146.19 E.00859
G1 X119.989 Y146.366 E.0067
G1 X120.922 Y147.299 E.04863
G1 X120.821 Y147.72 E.01596
G1 X119.883 Y146.782 E.04891
G1 X119.776 Y147.198 E.01582
G1 X120.727 Y148.148 E.04955
G1 X120.678 Y148.622 E.01754
G1 X119.67 Y147.614 E.05254
G1 X119.603 Y148.069 E.01697
G1 X120.629 Y149.095 E.05347
G1 X120.58 Y149.568 E.01754
G1 X119.543 Y148.532 E.05404
G1 X119.483 Y148.994 E.01718
G1 X120.592 Y150.103 E.05781
G1 X120.609 Y150.643 E.01989
G1 X119.461 Y149.494 E.05987
G1 X119.455 Y150.01 E.01903
G1 X120.627 Y151.183 E.06112
G1 X120.737 Y151.814 E.02362
G1 X119.449 Y150.526 E.06712
G1 X119.5 Y151.1 E.02122
G1 X120.846 Y152.446 E.07015
G1 X120.894 Y152.723 E.01038
G1 X121.026 Y153.148 E.01641
G1 X119.562 Y151.684 E.07631
G1 X119.603 Y152.073 E.01443
G1 X119.654 Y152.299 E.00851
G1 X121.262 Y153.907 E.0838
G1 X121.326 Y154.112 E.00791
G1 X121.652 Y154.819 E.02873
G1 X119.587 Y152.754 E.10763
G1 E-1 F1200
G1 X130.007 Y161.084 F9000
G1 E1 F1500
G1 F1200
G1 X130.58 Y161.657 E.02987
G1 X130.58 Y162.181 E.01928
G1 X129.56 Y161.16 E.05319
G1 X128.896 Y161.018 E.02502
G1 X130.341 Y162.464 E.07533
G1 X129.707 Y162.352 E.02373
G1 X128.092 Y160.736 E.08419
G1 X127.516 Y160.535 E.02247
G1 X127.215 Y160.382 E.01246
G1 X129.069 Y162.236 E.09664
G1 X128.322 Y162.012 E.02873
M73 P8 R11
G1 X126.148 Y159.837 E.11332
G1 X124.869 Y158.952 E.05731
G1 X123.799 Y157.983 E.05321
G1 X122.79 Y156.791 E.05755
G1 X122.251 Y155.94 E.03714
G1 X119.988 Y153.677 E.11793
G1 X120.274 Y154.486 E.03161
G1 X127.55 Y161.762 E.3792
G1 X126.628 Y161.362 E.03705
G1 X125.08 Y159.82 E0.081 F1200
M104 S270 T0 ; FS_PREHEAT next_tool=0 lead_s=15
G1 X120.67 Y155.40 E0.230 F1200
G1 X121.072 Y156.221 E.03365
G1 X121.268 Y156.524 E.01329
G1 X125.484 Y160.741 E.21976
G1 X125.059 Y160.493 E.01815
G1 X123.88 Y159.609 E.0543
G1 X122.819 Y158.598 E.05401
G1 X121.668 Y157.446 E.06
; stop printing object s+hook+20mm id:0 copy 0
;LAYER_CHANGE
;Z:0.36
;HEIGHT:0.12
;_SET_FAN_SPEED_CHANGING_LAYER
M140 S75 ; set bed temperature
; printing object s+hook+20mm id:0 copy 0
G1 E-1 F1200
G1 X123.233 Y156.504 Z.36 F9000
G1 E1 F1500
;TYPE:Inner wall
;WIDTH:0.419999
G1 F7200
G1 X124.156 Y157.596 E.02812
G1 X125.233 Y158.572 E.02859
G1 X126.466 Y159.413 E.02936
G1 X127.764 Y160.066 E.02858
G1 X129.062 Y160.519 E.02704
G1 X130.557 Y160.826 E.03002
G1 X131.107 Y160.87 E.01085
G1 X131.105 Y163.068 E.04323
G1 X130.49 Y163.024 E.01213
G1 X128.974 Y162.757 E.03028
G1 X127.503 Y162.315 E.03021
G1 X126.095 Y161.704 E.03019
G1 X124.767 Y160.933 E.0302
G1 X123.539 Y160.011 E.0302
G1 X122.428 Y158.952 E.03019
G1 X121.448 Y157.77 E.0302
G1 X120.632 Y156.511 E.02951
G1 X119.934 Y155.104 E.03089
G1 X119.422 Y153.657 E.03019
G1 X119.083 Y152.16 E.03019
G1 X118.921 Y150.633 E.0302
G1 X118.939 Y149.098 E.03019
G1 X119.136 Y147.575 E.03021
G1 X119.511 Y146.086 E.0302
G1 X120.057 Y144.651 E.0302
G1 X120.767 Y143.29 E.03019
G1 X121.632 Y142.021 E.03021
G1 X122.639 Y140.863 E.03018
G1 X123.775 Y139.83 E.0302
G1 X125.024 Y138.937 E.0302
G1 X126.369 Y138.197 E.03019
G1 X127.792 Y137.619 E.03021
G1 X129.238 Y137.221 E.0295
G1 X130.791 Y136.98 E.03091
G1 X132.324 Y136.928 E.03017
G1 X133.854 Y137.056 E.0302
G1 X135.359 Y137.363 E.03021
G1 X136.817 Y137.843 E.03019
G1 X137.762 Y138.282 E.02049
G1 X138.264 Y138.524 E.01096
G1 X139.516 Y139.296 E.02893
G1 X140.734 Y140.261 E.03056
G1 X160.753 Y158.131 E.52781
G1 X161.884 Y159.012 E.0282
G1 X163.139 Y159.745 E.02859
G1 X164.518 Y160.315 E.02935
G1 X165.923 Y160.687 E.02859
G1 X167.287 Y160.863 E.02705
G1 X168.779 Y160.861 E.02935
G1 X170.219 Y160.66 E.0286
G1 X171.62 Y160.271 E.0286
G1 X172.957 Y159.697 E.02862
G1 X174.234 Y158.928 E.02932
G1 X175.345 Y158.039 E.02799
G1 X175.774 Y157.594 E.01216
G1 X176.372 Y156.968 E.01703
G1 X177.185 Y155.859 E.02705
G1 X177.903 Y154.551 E.02935
G1 X178.423 Y153.194 E.02858
G1 X178.758 Y151.779 E.0286
G1 X178.901 Y150.332 E.0286
G1 X178.871 Y149.457 E.01722
G1 X178.844 Y148.841 E.01213
G1 X178.596 Y147.409 E.02859
G1 X178.188 Y146.096 E.02704
G1 X177.577 Y144.767 E.02877
G1 X176.783 Y143.515 E.02916
G1 X175.844 Y142.404 E.02861
G1 X174.767 Y141.428 E.02859
G1 X173.56 Y140.604 E.02875
G1 X172.236 Y139.934 E.02919
G1 X170.938 Y139.481 E.02704
G1 X169.443 Y139.174 E.03002
G1 X168.893 Y139.13 E.01085
G1 X168.891 Y136.932 E.04323
G1 X169.488 Y136.974 E.01177
G1 X171.027 Y137.243 E.03073
G1 X172.497 Y137.685 E.03019
G1 X173.905 Y138.296 E.03019
G1 X175.233 Y139.067 E.0302
G1 X176.461 Y139.989 E.0302
G1 X177.572 Y141.048 E.03019
G1 X178.552 Y142.23 E.0302
G1 X179.387 Y143.518 E.03019
G1 X180.065 Y144.896 E.03021
G1 X180.578 Y146.343 E.0302
G1 X180.917 Y147.84 E.03019
G1 X181.078 Y149.432 E.03147
G1 X181.061 Y150.902 E.02892
G1 X180.864 Y152.425 E.03021
G1 X180.489 Y153.914 E.0302
G1 X179.943 Y155.349 E.0302
G1 X179.233 Y156.71 E.03019
G1 X178.368 Y157.979 E.03021
G1 X177.361 Y159.137 E.03018
G1 X176.225 Y160.17 E.0302
G1 X174.976 Y161.063 E.0302
G1 X173.631 Y161.803 E.03019
G1 X172.208 Y162.381 E.03021
G1 X170.728 Y162.788 E.03019
G1 X169.21 Y163.02 E.0302
G1 X167.676 Y163.072 E.03019
G1 X166.146 Y162.944 E.0302
G1 X164.641 Y162.637 E.03021
G1 X163.183 Y162.157 E.03019
G1 X162.238 Y161.718 E.02049
G1 X161.736 Y161.476 E.01096
G1 X160.484 Y160.704 E.02893
G1 X159.266 Y159.739 E.03056
G1 X139.247 Y141.869 E.52781
G1 X138.116 Y140.988 E.0282
G1 X136.861 Y140.255 E.02859
G1 X135.482 Y139.685 E.02935
G1 X134.077 Y139.313 E.02859
G1 X132.713 Y139.137 E.02705
G1 X131.221 Y139.139 E.02935
G1 X129.781 Y139.34 E.0286
G1 X128.38 Y139.73 E.0286
G1 X127.043 Y140.303 E.02861
G1 X125.766 Y141.072 E.02932
G1 X124.655 Y141.961 E.02799
G1 X124.226 Y142.406 E.01216
G1 X123.628 Y143.032 E.01703
G1 X122.815 Y144.141 E.02705
G1 X122.097 Y145.449 E.02935
G1 X121.577 Y146.806 E.02858
G1 X121.249 Y148.192 E.02801
G1 X121.099 Y149.667 E.02916
G1 X121.129 Y150.543 E.01724
G1 X121.156 Y151.159 E.01213
G1 X121.404 Y152.591 E.02859
G1 X121.812 Y153.904 E.02704
G1 X122.423 Y155.233 E.02877
G1 X123.209 Y156.472 E.02886
G1 X123.546 Y156.243 F9000
;TYPE:Outer wall
G1 F6000
G1 X124.449 Y157.312 E.02752
G1 X125.486 Y158.252 E.02753
G1 X126.65 Y159.05 E.02776
G1 X127.899 Y159.681 E.02752
G1 X129.196 Y160.135 E.02703
G1 X130.589 Y160.421 E.02797
G1 X131.514 Y160.494 E.01825
G1 X131.512 Y163.504 E.0592
G1 X130.44 Y163.429 E.02114
G1 X128.879 Y163.154 E.03118
G1 X127.363 Y162.698 E.03114
G1 X125.911 Y162.068 E.03113
G1 X124.542 Y161.273 E.03114
G1 X123.276 Y160.322 E.03114
G1 X122.13 Y159.23 E.03114
G1 X121.119 Y158.012 E.03113
G1 X120.277 Y156.713 E.03045
G1 X119.559 Y155.262 E.03184
G1 X119.03 Y153.77 E.03114
G1 X118.68 Y152.226 E.03114
G1 X118.513 Y150.652 E.03113
G1 X118.532 Y149.069 E.03114
G1 X118.736 Y147.499 E.03114
G1 X119.122 Y145.964 E.03113
G1 X119.685 Y144.484 E.03115
G1 X120.417 Y143.08 E.03114
G1 X121.309 Y141.772 E.03114
G1 X122.348 Y140.578 E.03113
G1 X123.519 Y139.513 E.03113
G1 X124.807 Y138.592 E.03114
G1 X126.194 Y137.829 E.03114
G1 X127.661 Y137.233 E.03114
G1 X129.153 Y136.822 E.03044
G1 X130.753 Y136.574 E.03185
G1 X132.334 Y136.521 E.03111
G1 X133.912 Y136.653 E.03115
G1 X135.463 Y136.968 E.03113
G1 X136.967 Y137.463 E.03114
G1 X137.933 Y137.913 E.02096
G1 X138.478 Y138.178 E.01192
G1 X139.75 Y138.962 E.02939
G1 X140.996 Y139.949 E.03127
G1 X161.014 Y157.819 E.5278
G1 X162.112 Y158.674 E.02737
G1 X163.321 Y159.38 E.02754
G1 X164.624 Y159.922 E.02776
G1 X165.976 Y160.283 E.02752
G1 X167.339 Y160.459 E.02703
G1 X168.75 Y160.454 E.02775
G1 X170.136 Y160.261 E.02752
G1 X171.484 Y159.886 E.02752
G1 X172.77 Y159.334 E.02753
G1 X173.981 Y158.609 E.02776
G1 X175.052 Y157.756 E.02693
G1 X176.028 Y156.747 E.02761
G1 X176.965 Y155.423 E.0319
G1 X177.533 Y154.38 E.02336
G1 X178.033 Y153.073 E.02752
G1 X178.355 Y151.712 E.02751
G1 X178.493 Y150.319 E.02753
G1 X178.464 Y149.471 E.01669
G1 X178.443 Y148.909 E.01106
G1 X178.207 Y147.53 E.02752
G1 X177.799 Y146.217 E.02704
G1 X177.219 Y144.963 E.02718
G1 X176.454 Y143.757 E.02809
G1 X175.551 Y142.688 E.02752
G1 X174.514 Y141.748 E.02753
G1 X173.375 Y140.967 E.02716
G1 X172.102 Y140.319 E.0281
G1 X170.804 Y139.865 E.02705
G1 X169.411 Y139.579 E.02797
G1 X168.486 Y139.506 E.01825
G1 X168.484 Y136.495 E.05922
G1 X169.537 Y136.569 E.02076
G1 X171.121 Y136.846 E.03163
G1 X172.637 Y137.302 E.03114
G1 X174.089 Y137.932 E.03113
G1 X175.458 Y138.727 E.03114
G1 X176.724 Y139.678 E.03114
G1 X177.87 Y140.77 E.03114
G1 X178.881 Y141.988 E.03113
G1 X179.742 Y143.317 E.03115
G1 X180.441 Y144.737 E.03113
G1 X180.97 Y146.23 E.03115
G1 X181.32 Y147.774 E.03114
G1 X181.486 Y149.437 E.03287
G1 X181.468 Y150.931 E.02939
G1 X181.264 Y152.501 E.03114
G1 X180.878 Y154.036 E.03113
G1 X180.315 Y155.516 E.03115
G1 X179.583 Y156.92 E.03114
G1 X178.691 Y158.228 E.03114
G1 X177.652 Y159.422 E.03113
G1 X176.481 Y160.487 E.03113
G1 X175.193 Y161.408 E.03114
G1 X173.806 Y162.171 E.03114
G1 X172.339 Y162.767 E.03114
G1 X170.813 Y163.187 E.03113
G1 X169.248 Y163.426 E.03114
G1 X167.666 Y163.479 E.03113
G1 X166.088 Y163.347 E.03115
G1 X164.537 Y163.032 E.03113
G1 X163.033 Y162.537 E.03114
G1 X162.067 Y162.087 E.02096
G1 X161.522 Y161.822 E.01192
G1 X160.25 Y161.038 E.02939
G1 X159.004 Y160.051 E.03127
G1 X138.986 Y142.181 E.5278
G1 X137.888 Y141.326 E.02737
G1 X136.679 Y140.62 E.02754
G1 X135.376 Y140.078 E.02776
G1 X134.024 Y139.717 E.02752
G1 X132.661 Y139.541 E.02703
M73 P9 R11
G1 X131.25 Y139.546 E.02775
G1 X129.864 Y139.739 E.02752
G1 X128.516 Y140.114 E.02752
G1 X127.23 Y140.666 E.02753
G1 X126.019 Y141.391 E.02776
G1 X124.948 Y142.244 E.02693
G1 X123.972 Y143.253 E.02761
G1 X123.035 Y144.577 E.0319
G1 X122.467 Y145.62 E.02336
G1 X121.967 Y146.927 E.02752
G1 X121.652 Y148.259 E.02692
G1 X121.507 Y149.68 E.02809
G1 X121.557 Y151.091 E.02777
G1 X121.793 Y152.47 E.02752
G1 X122.201 Y153.783 E.02704
G1 X122.781 Y155.037 E.02718
G1 X123.525 Y156.209 E.0273
G1 E-1 F1200
G1 X130.712 Y161.232 F9000
G1 E1 F1500
;TYPE:Internal solid infill
G1 F7200
G1 X130.157 Y161.151 E.01104
G1 X128.99 Y160.909 E.02344
G1 X127.537 Y160.397 E.03031
G1 X126.248 Y159.743 E.02843
G1 X125.031 Y158.911 E.02899
G1 X123.837 Y157.83 E.03169
G1 X122.897 Y156.713 E.02872
G1 X122.104 Y155.466 E.02907
G1 X121.594 Y154.373 E.02371
G1 X121.445 Y154.05 E.00701
G1 X121.011 Y152.648 E.02886
G1 X120.767 Y151.225 E.0284
G1 X120.71 Y149.613 E.03173
G1 X120.857 Y148.156 E.02881
G1 X121.134 Y146.968 E.02401
G1 X119.494 Y148.608 E.04563
G1 X119.4 Y148.608 E.00185
G1 X119.333 Y149.125 E.01026
G1 X119.315 Y150.614 E.02929
G1 X119.472 Y152.095 E.02929
G1 X119.802 Y153.547 E.02929
G1 X120.298 Y154.95 E.02926
G1 X120.975 Y156.316 E.02998
G1 X121.766 Y157.536 E.02861
G1 X122.716 Y158.683 E.02929
G1 X123.795 Y159.71 E.02929
G1 X124.985 Y160.604 E.02929
G1 X126.273 Y161.352 E.02929
G1 X127.639 Y161.944 E.02929
G1 X129.065 Y162.373 E.02929
G1 X130.538 Y162.633 E.02942
G1 X130.711 Y162.645 E.00342
G1 X130.712 Y161.272 E.027
G1 X130.265 Y161.63 F9000
;WIDTH:0.529889
G1 F7200
G1 X129.281 Y161.432 E.02525
G1 X128.816 Y161.32 E.01202
G1 X127.97 Y161.032 E.0225
G1 X127.389 Y160.815 E.01559
G1 X126.71 Y160.488 E.01896
G1 X126.047 Y160.139 E.01885
G1 X125.524 Y159.799 E.01569
G1 X124.674 Y159.203 E.02609
G1 X123.491 Y158.118 E.04039
G1 X122.534 Y156.977 E.03743
G1 X121.731 Y155.719 E.03756
G1 X121.184 Y154.565 E.03212
G1 X121.021 Y154.181 E.01049
G1 X120.587 Y152.779 E.0369
G1 X120.428 Y151.935 E.0216
G1 X120.33 Y151.3 E.01618
G1 X120.287 Y150.572 E.01834
G1 X120.266 Y149.629 E.02373
G1 X120.382 Y148.359 E.03206
G1 X119.814 Y148.927 E.0202
G1 X119.773 Y149.513 E.01478
G1 X119.771 Y150.578 E.02677
G1 X119.829 Y151.249 E.01694
G1 X119.919 Y152.006 E.01917
G1 X120.085 Y152.793 E.02025
G1 X120.235 Y153.406 E.01587
G1 X120.552 Y154.336 E.02472
G1 X120.723 Y154.787 E.01211
G1 X121.339 Y156.048 E.0353
G1 X122.128 Y157.272 E.03664
G1 X123.074 Y158.408 E.03718
G1 X124.077 Y159.352 E.03465
G1 X124.473 Y159.664 E.01266
G1 X125.224 Y160.216 E.02346
G1 X125.711 Y160.512 E.01434
G1 X126.465 Y160.938 E.02177
G1 X127.103 Y161.228 E.01762
G1 X127.781 Y161.511 E.01849
G1 X128.663 Y161.789 E.02326
G1 X129.155 Y161.927 E.01286
G1 X130.265 Y162.131 E.02837
G1 X130.265 Y161.67 E.01159
G1 E-1 F1200
G1 X128.101 Y139.722 F9000
G1 E1 F1500
;WIDTH:0.42
G1 F7200
G1 X130.447 Y137.376 E.06525
G1 X130.41 Y137.339 E.00104
G1 X129.838 Y137.427 E.01137
G1 X127.116 Y140.149 E.07572
G1 E-1 F1200
G1 X121.725 Y146.098 F9000
G1 E1 F1500
G1 F7200
G1 X119.355 Y148.469 E.06593
G1 X119.323 Y148.437 E.00089
G1 X119.396 Y147.869 E.01125
G1 X122.151 Y145.114 E.07664
G1 E-1 F1200
G1 X119.3 Y147.408 F9000
G1 E1 F1500
G1 F7200
G1 X122.371 Y144.337 E.08542
G1 X122.558 Y143.993 E.00769
G1 X123.435 Y142.8 E.02912
G1 X124.524 Y141.682 E.03071
G1 X125.619 Y140.812 E.0275
G1 X126.311 Y140.398 E.01586
G1 X129.158 Y137.55 E.07922
G1 X128.389 Y137.761 E.01569
G1 X119.732 Y146.419 E.24081
G1 X119.793 Y146.175 E.00494
G1 X120.024 Y145.569 E.01275
G1 X127.561 Y138.032 E.20966
G1 X126.622 Y138.413 E.01993
G1 X120.397 Y144.638 E.17315
G1 X121.006 Y143.472 E.02587
G1 X125.872 Y138.605 E.13538
G1 E-1 F1200
G1 X159.52 Y159.437 F9000
G1 E1 F1500
;WIDTH:0.419999
G1 F7200
G1 X160.711 Y160.38 E.02987
G1 X161.943 Y161.14 E.02847
G1 X163.328 Y161.79 E.0301
G1 X164.742 Y162.256 E.02929
G1 X166.202 Y162.553 E.02929
G1 X167.685 Y162.677 E.02929
G1 X169.174 Y162.626 E.02929
G1 X170.483 Y162.427 E.02605
G1 X170.489 Y162.288 E.00272
G1 X172.429 Y160.349 E.05395
G1 X171.785 Y160.628 E.01379
G1 X170.26 Y161.051 E.03114
G1 X168.765 Y161.255 E.02968
G1 X167.367 Y161.262 E.02749
G1 X165.817 Y161.068 E.03072
G1 X164.374 Y160.683 E.02938
G1 X162.982 Y160.106 E.02963
G1 X161.62 Y159.307 E.03107
G1 X160.481 Y158.417 E.02844
G1 X140.48 Y140.563 E.52734
G1 X139.289 Y139.62 E.02987
G1 X138.057 Y138.86 E.02847
G1 X136.672 Y138.21 E.0301
G1 X135.258 Y137.744 E.02929
G1 X133.798 Y137.447 E.02929
G1 X132.367 Y137.328 E.02825
G1 X130.827 Y137.374 E.0303
G1 X130.597 Y137.409 E.00458
G1 X130.587 Y137.515 E.0021
G1 X128.929 Y139.173 E.04611
G1 X129.741 Y138.947 E.01657
G1 X131.222 Y138.745 E.02941
G1 X132.658 Y138.74 E.02824
G1 X134.183 Y138.932 E.03022
G1 X135.684 Y139.338 E.03059
G1 X137.018 Y139.893 E.02841
G1 X138.309 Y140.644 E.02937
G1 X139.519 Y141.583 E.03014
G1 X159.49 Y159.41 E.52656
G1 X159.826 Y159.108 F9000
;WIDTH:0.529551
G1 F7200
G1 X161 Y160.035 E.0376
G1 X162.18 Y160.755 E.03475
G1 X163.482 Y161.361 E.03609
G1 X164.007 Y161.546 E.014
G1 X164.845 Y161.811 E.02208
G1 X165.563 Y161.97 E.0185
G1 X166.251 Y162.099 E.01759
G1 X167.235 Y162.193 E.02483
G1 X167.712 Y162.223 E.01201
G1 X168.802 Y162.194 E.02742
G1 X170.166 Y162.022 E.03456
G1 X170.173 Y161.972 E.00127
G1 X170.769 Y161.375 E.02122
G1 X170.294 Y161.5 E.01235
G1 X168.871 Y161.698 E.03611
G1 X167.702 Y161.713 E.0294
G1 X167.286 Y161.701 E.01045
G1 X166.335 Y161.592 E.02407
G1 X165.762 Y161.508 E.01455
G1 X164.992 Y161.319 E.01993
G1 X164.259 Y161.112 E.01914
G1 X163.688 Y160.892 E.01537
G1 X162.703 Y160.47 E.02695
G1 X161.342 Y159.661 E.03978
G1 X160.179 Y158.749 E.03714
G1 X140.173 Y140.891 E.67403
G1 X138.98 Y139.95 E.0382
G1 X137.82 Y139.245 E.03412
G1 X136.518 Y138.639 E.03609
G1 X135.987 Y138.451 E.01417
G1 X135.155 Y138.189 E.02192
G1 X134.44 Y138.03 E.01841
G1 X133.749 Y137.901 E.01767
G1 X132.341 Y137.78 E.03552
G1 X131.202 Y137.807 E.02862
G1 X130.903 Y137.832 E.00754
G1 X130.319 Y138.416 E.02076
G1 X131.16 Y138.302 E.02132
G1 X132.35 Y138.288 E.0299
G1 X133.665 Y138.409 E.03321
G1 X134.238 Y138.492 E.01455
G1 X135.007 Y138.683 E.01991
G1 X135.8 Y138.91 E.02075
G1 X136.312 Y139.107 E.01377
G1 X137.3 Y139.532 E.02703
G1 X138.601 Y140.3 E.03799
G1 X139.82 Y141.25 E.03883
G1 X159.796 Y159.082 E.67303
G1 E-1 F1200
G1 X175.561 Y160.499 F9000
G1 E1 F1500
;WIDTH:0.447748
G1 F7200
G1 X177.277 Y158.783 E.0511
G1 X178.134 Y157.798 E.02749
G1 X178.979 Y156.558 E.03159
G1 X179.059 Y156.404 E.00364
G1 X174.447 Y161.016 E.13732
G1 X173.503 Y161.536 E.02268
G1 X173.213 Y161.654 E.0066
G1 X179.694 Y155.172 E.19298
G1 X180.061 Y154.209 E.02171
M73 P10 R11
G1 X172.208 Y162.062 E.23382
G1 X172.113 Y162.1 E.00215
G1 X171.367 Y162.306 E.01629
G1 X180.327 Y153.345 E.26679
G1 X180.497 Y152.672 E.01463
G1 X180.451 Y152.625 E.00138
G1 X177.455 Y155.621 E.08919
G1 E-1 F1200
G1 X173.667 Y159.409 F9000
G1 E1 F1500
G1 F7200
G1 X170.507 Y162.569 E.09408
G1 E-1 F1200
G1 X169.287 Y138.768 F9000
G1 E1 F1500
;WIDTH:0.419999
G1 F7200
G1 X169.839 Y138.849 E.01099
G1 X171.043 Y139.102 E.0242
G1 X172.42 Y139.583 E.02868
G1 X173.777 Y140.273 E.02995
G1 X174.995 Y141.107 E.02904
G1 X176.089 Y142.094 E.02898
G1 X177.103 Y143.287 E.03079
G1 X177.938 Y144.609 E.03075
G1 X178.527 Y145.881 E.02757
G1 X178.988 Y147.351 E.03031
G1 X179.24 Y148.824 E.02938
G1 X179.294 Y150.292 E.02891
G1 X179.135 Y151.896 E.03169
G1 X178.782 Y153.36 E.02962
G1 X178.38 Y154.398 E.02189
G1 X180.305 Y152.473 E.05353
G1 X180.405 Y152.422 E.00221
G1 X180.464 Y152.44 E.00122
G1 X180.662 Y150.916 E.03023
G1 X180.684 Y149.427 E.02928
G1 X180.528 Y147.905 E.0301
G1 X180.198 Y146.453 E.02929
G1 X179.701 Y145.049 E.02929
G1 X179.044 Y143.713 E.02929
G1 X178.234 Y142.464 E.02929
G1 X177.284 Y141.317 E.02929
G1 X176.205 Y140.29 E.02929
G1 X175.015 Y139.396 E.02929
G1 X173.727 Y138.648 E.02929
G1 X172.361 Y138.056 E.02929
G1 X170.936 Y137.627 E.02927
G1 X169.44 Y137.365 E.02987
G1 X169.286 Y137.355 E.00304
G1 X169.287 Y138.728 E.02701
G1 X169.733 Y138.37 F9000
;WIDTH:0.529271
G1 F7200
G1 X170.719 Y138.57 E.02527
G1 X171.215 Y138.69 E.01282
G1 X172.032 Y138.966 E.02166
G1 X172.567 Y139.165 E.01433
G1 X173.289 Y139.514 E.02015
G1 X173.979 Y139.878 E.0196
G1 X174.476 Y140.201 E.01491
G1 X175.347 Y140.812 E.02672
G1 X176.452 Y141.823 E.03761
G1 X177.465 Y143.022 E.03944
G1 X178.306 Y144.344 E.03936
G1 X178.916 Y145.639 E.03597
G1 X179.269 Y146.728 E.02874
G1 X179.412 Y147.218 E.01283
G1 X179.572 Y148.064 E.02164
G1 X179.677 Y148.75 E.01741
G1 X179.717 Y149.428 E.01708
G1 X179.737 Y150.263 E.02098
G1 X179.7 Y150.799 E.0135
G1 X179.58 Y151.926 E.02847
G1 X179.384 Y152.763 E.0216
G1 X179.986 Y152.161 E.02139
G1 X180.057 Y152.12 E.00206
G1 X180.211 Y150.858 E.03194
G1 X180.23 Y150.299 E.01403
G1 X180.23 Y149.422 E.02204
G1 X180.176 Y148.799 E.01572
G1 X180.081 Y147.994 E.02035
G1 X179.915 Y147.208 E.0202
G1 X179.761 Y146.578 E.01628
G1 X179.278 Y145.211 E.03641
G1 X178.686 Y143.992 E.03405
G1 X177.872 Y142.728 E.03778
G1 X176.906 Y141.57 E.03786
G1 X175.923 Y140.647 E.03388
G1 X175.523 Y140.333 E.01277
G1 X174.776 Y139.784 E.0233
G1 X174.314 Y139.503 E.01357
G1 X173.535 Y139.062 E.02249
G1 X172.856 Y138.753 E.01875
G1 X172.219 Y138.488 E.01732
G1 X171.368 Y138.221 E.02241
G1 X170.846 Y138.074 E.01363
G1 X169.733 Y137.87 E.02842
G1 X169.733 Y138.33 E.01155
; stop printing object s+hook+20mm id:0 copy 0
;LAYER_CHANGE
;Z:0.48
;HEIGHT:0.12
;_SET_FAN_SPEED_CHANGING_LAYER
; printing object s+hook+20mm id:0 copy 0
G1 E-1 F1200
G1 X131.192 Y162.635 Z.48 F9000
G1 E1 F1500
;TYPE:Inner wall
;WIDTH:0.419999
G1 F7200
G1 X131.191 Y163.161 E.01035
G1 X130.668 Y163.12 E.01032
G1 E-1 F1200
G1 X169.332 Y136.88 F9000
G1 E1 F1500
G1 F7200
G1 X168.809 Y136.839 E.01032
G1 X168.808 Y137.365 E.01035
G1 E-1 F1200
G1 X168.452 Y136.443 F9000
G1 E1 F1500
;TYPE:Outer wall
G1 F6000
G1 X168.558 Y136.413 E.00217
G1 X169.568 Y136.491 E.01992
G1 X171.139 Y136.768 E.03138
G1 X172.664 Y137.226 E.03132
G1 X174.125 Y137.86 E.03133
G1 X175.502 Y138.66 E.03132
G1 X176.776 Y139.616 E.03133
G1 X177.929 Y140.715 E.03133
G1 X178.945 Y141.941 E.03132
G1 X179.812 Y143.277 E.03133
G1 X180.515 Y144.706 E.03132
G1 X181.047 Y146.207 E.03132
G1 X181.399 Y147.761 E.03134
G1 X181.566 Y149.438 E.03315
G1 X181.548 Y150.937 E.02949
G1 X181.343 Y152.516 E.03132
G1 X180.955 Y154.06 E.03131
G1 X180.388 Y155.549 E.03134
G1 X179.652 Y156.961 E.03132
G1 X178.755 Y158.277 E.03133
G1 X177.71 Y159.478 E.03131
G1 X176.531 Y160.55 E.03134
G1 X175.236 Y161.476 E.03131
G1 X173.84 Y162.244 E.03134
G1 X172.365 Y162.843 E.03131
G1 X170.83 Y163.266 E.03132
G1 X169.255 Y163.506 E.03134
G1 X167.664 Y163.559 E.03131
G1 X166.077 Y163.427 E.03132
G1 X164.516 Y163.109 E.03133
G1 X163.003 Y162.611 E.03133
G1 X162.035 Y162.161 E.021
G1 X161.48 Y161.89 E.01215
G1 X160.204 Y161.103 E.02949
G1 X158.951 Y160.11 E.03145
G1 X138.932 Y142.241 E.5278
G1 X137.843 Y141.392 E.02716
G1 X136.644 Y140.692 E.02731
G1 X135.35 Y140.154 E.02756
G1 X134.009 Y139.796 E.0273
G1 X132.656 Y139.621 E.02683
G1 X131.255 Y139.626 E.02756
G1 X129.88 Y139.818 E.02731
G1 X128.543 Y140.19 E.0273
G1 X127.266 Y140.737 E.02732
G1 X126.065 Y141.457 E.02754
G1 X124.979 Y142.322 E.02731
G1 X124.034 Y143.305 E.02682
G1 X123.106 Y144.615 E.03158
G1 X122.54 Y145.653 E.02325
G1 X122.044 Y146.95 E.02731
G1 X121.724 Y148.301 E.02731
G1 X121.587 Y149.683 E.02732
G1 X121.616 Y150.526 E.01659
G1 X121.637 Y151.083 E.01096
G1 X121.871 Y152.452 E.02732
G1 X122.275 Y153.754 E.02681
G1 X122.864 Y155.025 E.02755
G1 X123.611 Y156.196 E.02732
G1 X124.507 Y157.257 E.02731
G1 X125.536 Y158.189 E.02731
G1 X126.691 Y158.981 E.02755
G1 X127.93 Y159.608 E.02731
G1 X129.218 Y160.057 E.02683
G1 X130.601 Y160.341 E.02777
G1 X131.499 Y160.406 E.01771
G1 X131.604 Y160.475 E.00247
G1 X131.598 Y163.438 E.05828
G1 X131.57 Y163.535 E.00199
G1 X131.439 Y163.586 E.00277
G1 X130.432 Y163.509 E.01986
G1 X128.861 Y163.232 E.03138
G1 X127.336 Y162.774 E.03132
G1 X125.875 Y162.14 E.03133
G1 X124.498 Y161.34 E.03132
G1 X123.224 Y160.384 E.03133
G1 X122.071 Y159.285 E.03133
G1 X121.055 Y158.059 E.03132
G1 X120.188 Y156.723 E.03133
G1 X119.485 Y155.294 E.03132
G1 X118.953 Y153.793 E.03132
G1 X118.601 Y152.239 E.03134
G1 X118.433 Y150.656 E.03131
G1 X118.452 Y149.063 E.03134
G1 X118.657 Y147.484 E.03132
G1 X119.045 Y145.94 E.03131
G1 X119.612 Y144.451 E.03134
G1 X120.348 Y143.039 E.03132
G1 X121.245 Y141.723 E.03133
G1 X122.29 Y140.522 E.03131
G1 X123.469 Y139.45 E.03134
G1 X124.764 Y138.524 E.03131
G1 X126.16 Y137.756 E.03134
G1 X127.635 Y137.157 E.03131
G1 X129.17 Y136.734 E.03132
G1 X130.745 Y136.494 E.03134
G1 X132.336 Y136.441 E.03131
G1 X133.923 Y136.573 E.03132
G1 X135.484 Y136.891 E.03133
G1 X136.997 Y137.389 E.03133
G1 X137.965 Y137.839 E.021
G1 X138.52 Y138.11 E.01215
G1 X139.796 Y138.897 E.02949
G1 X141.049 Y139.89 E.03145
G1 X161.068 Y157.759 E.5278
G1 X162.157 Y158.608 E.02716
G1 X163.356 Y159.308 E.02731
G1 X164.65 Y159.846 E.02756
G1 X165.991 Y160.204 E.0273
G1 X167.344 Y160.379 E.02683
G1 X168.745 Y160.374 E.02756
G1 X170.12 Y160.182 E.02731
G1 X171.458 Y159.81 E.02732
G1 X172.734 Y159.263 E.02731
G1 X173.935 Y158.543 E.02754
G1 X175.021 Y157.678 E.02731
G1 X175.967 Y156.695 E.02683
G1 X176.894 Y155.385 E.03157
G1 X177.46 Y154.347 E.02325
G1 X177.957 Y153.05 E.02732
G1 X178.276 Y151.699 E.0273
G1 X178.413 Y150.317 E.02732
G1 X178.384 Y149.474 E.01659
G1 X178.363 Y148.917 E.01096
G1 X178.129 Y147.548 E.02732
G1 X177.725 Y146.246 E.02681
G1 X177.136 Y144.975 E.02755
G1 X176.389 Y143.804 E.02732
G1 X175.493 Y142.743 E.02731
G1 X174.464 Y141.811 E.02731
G1 X173.309 Y141.019 E.02755
G1 X172.07 Y140.392 E.02731
G1 X170.782 Y139.943 E.02683
G1 X169.399 Y139.659 E.02777
G1 X168.501 Y139.594 E.01771
G1 X168.396 Y139.525 E.00247
G1 X168.402 Y136.558 E.05836
G1 X168.437 Y136.479 E.0017
G1 E-1 F1200
G1 X120.213 Y150.843 F9000
G1 E1 F1500
;TYPE:Sparse infill
;WIDTH:0.42
G1 F7200
G1 X119.856 Y149.906 E.01973
; stop printing object s+hook+20mm id:0 copy 0
; FIBER RESERVE: mode=band strands=1 removed=8
M400
G1 E-10 F1200
MOVE_TO_BRUSH_STATION
CLEAN_NOZZLE
M104 S150 T1 ; standby
M104 S270 T0 ; pre-charge
M109 S270 T0
MOVE_OUT_BRUSH_STATION
M106 P2 S0 ; fibre-side cooling, fan4, owned by T0 (depositing)
M106 P1 S0 ; part-cooling, fan3, owned by T1 (idle)
M106 P3 S255 ; auxiliary fan on while T0 deposits
M106 P5 S255 ; exhaust fan on while T0 deposits
T0 ; switch extruder type to:FIBER
; LAYER:3 [0.48]
M1001 L233
G1 F1200 Z1.68
G1 X155.41 Y153.92 F1200
M73 P11 R11
G1 F1200 U55.000 ; Extrude restart
G1 F1200 Z0.48
G1 F600 V1.000 ; Recover matrix retract
G1 F600 V3.000 ; Matrix prime
G1 X160.49 Y158.45 V0.227 U6.674 P0.034 F300
G1 X161.07 Y158.91 V0.025 U0.721 P0.034 F300
G1 X161.66 Y159.34 V0.024 U0.720 P0.034 F300
G1 X162.28 Y159.73 V0.024 U0.720 P0.034 F300
G1 X162.30 Y159.74 V0.001 U0.019 P0.034 F300
G1 X162.96 Y160.10 V0.025 U0.739 P0.034 F300
G1 X163.65 Y160.41 V0.025 U0.739 P0.034 F300
G1 X164.37 Y160.68 V0.026 U0.750 P0.034 F300
G1 X165.09 Y160.90 V0.025 U0.738 P0.034 F300
G1 X165.82 Y161.07 V0.025 U0.738 P0.034 F300
G1 X166.55 Y161.19 V0.025 U0.726 P0.034 F300
G1 X167.29 Y161.26 V0.025 U0.726 P0.034 F300
G1 X168.03 Y161.28 V0.025 U0.726 P0.034 F300
G1 X168.05 Y161.28 V0.001 U0.024 P0.034 F600
G1 X168.81 Y161.25 V0.025 U0.739 P0.034 F600
G1 X169.56 Y161.17 V0.025 U0.739 P0.034 F600
G1 X170.30 Y161.05 V0.025 U0.739 P0.034 F600
G1 X171.03 Y160.87 V0.025 U0.738 P0.034 F600
G1 X171.75 Y160.64 V0.025 U0.738 P0.034 F600
G1 X172.45 Y160.37 V0.025 U0.738 P0.034 F600
G1 X173.13 Y160.05 V0.025 U0.739 P0.034 F600
G1 X173.79 Y159.68 V0.025 U0.739 P0.034 F600
G1 X174.44 Y159.27 V0.026 U0.750 P0.034 F600
G1 X175.04 Y158.82 V0.025 U0.738 P0.034 F600
G1 X175.62 Y158.33 V0.025 U0.738 P0.034 F600
G1 X176.15 Y157.81 V0.025 U0.730 P0.034 F600
G1 X176.64 Y157.25 V0.025 U0.729 P0.034 F600
G1 X177.10 Y156.66 V0.025 U0.729 P0.034 F600
G1 X177.29 Y156.39 V0.011 U0.326 P0.034 F600
G1 X177.65 Y155.85 V0.022 U0.634 P0.034 F600
G1 X177.97 Y155.30 V0.022 U0.634 P0.034 F600
G1 X178.26 Y154.72 V0.022 U0.634 P0.034 F600
G1 X178.51 Y154.12 V0.022 U0.634 P0.034 F600
G1 X178.55 Y154.02 V0.004 U0.105 P0.034 F600
G1 X178.80 Y153.31 V0.025 U0.738 P0.034 F600
G1 X179.00 Y152.58 V0.025 U0.738 P0.034 F600
G1 X179.15 Y151.84 V0.025 U0.738 P0.034 F600
G1 X179.24 Y151.10 V0.025 U0.738 P0.034 F600
G1 X179.27 Y150.80 V0.010 U0.296 P0.034 F600
G1 X179.30 Y150.35 V0.015 U0.443 P0.034 F600
G1 X179.30 Y149.89 V0.015 U0.443 P0.034 F600
G1 X179.29 Y149.44 V0.015 U0.443 P0.034 F600
G1 X179.28 Y149.13 V0.010 U0.303 P0.034 F600
G1 X179.25 Y148.82 V0.010 U0.303 P0.034 F600
G1 X179.21 Y148.52 V0.010 U0.303 P0.034 F600
G1 X179.14 Y148.07 V0.015 U0.448 P0.034 F600
G1 X178.99 Y147.34 V0.025 U0.726 P0.034 F600
G1 X178.79 Y146.63 V0.025 U0.726 P0.034 F600
G1 X178.55 Y145.93 V0.025 U0.726 P0.034 F600
G1 X178.26 Y145.25 V0.025 U0.726 P0.034 F600
G1 X178.25 Y145.22 V0.001 U0.024 P0.034 F600
G1 X177.91 Y144.55 V0.025 U0.739 P0.034 F600
G1 X177.53 Y143.90 V0.025 U0.739 P0.034 F600
G1 X177.10 Y143.28 V0.025 U0.739 P0.034 F600
M73 P12 R11
G1 X176.63 Y142.69 V0.025 U0.738 P0.034 F600
G1 X176.13 Y142.13 V0.025 U0.738 P0.034 F600
G1 X175.59 Y141.61 V0.025 U0.738 P0.034 F600
G1 X175.01 Y141.12 V0.025 U0.739 P0.034 F600
G1 X174.40 Y140.67 V0.025 U0.739 P0.034 F600
G1 X173.76 Y140.26 V0.026 U0.750 P0.034 F600
G1 X173.10 Y139.90 V0.025 U0.738 P0.034 F600
G1 X172.42 Y139.58 V0.025 U0.738 P0.034 F600
G1 X171.72 Y139.31 V0.025 U0.726 P0.034 F600
G1 X171.02 Y139.09 V0.025 U0.726 P0.034 F600
G1 X170.30 Y138.92 V0.025 U0.726 P0.034 F600
G1 X169.63 Y138.78 V0.023 U0.665 P0.034 F600
G1 X169.52 Y138.76 V0.004 U0.108 P0.034 F600
G1 X169.41 Y138.75 V0.004 U0.108 P0.034 F600
G1 X169.30 Y138.75 V0.004 U0.109 P0.034 F600
G1 X169.30 Y137.38 V0.046 U1.340 P0.034 F600
G1 X169.38 Y137.38 V0.003 U0.074 P0.034 F600
G1 X169.45 Y137.39 V0.002 U0.073 P0.034 F600
G1 X169.53 Y137.40 V0.002 U0.073 P0.034 F600
G1 X170.24 Y137.53 V0.024 U0.704 P0.034 F600
G1 X170.93 Y137.67 V0.023 U0.690 P0.034 F600
G1 X171.60 Y137.85 V0.023 U0.690 P0.034 F600
G1 X171.68 Y137.87 V0.003 U0.075 P0.034 F600
G1 X172.35 Y138.10 V0.023 U0.690 P0.034 F600
G1 X173.00 Y138.36 V0.023 U0.690 P0.034 F600
G1 X173.07 Y138.39 V0.003 U0.075 P0.034 F600
G1 X173.71 Y138.69 V0.023 U0.689 P0.034 F600
G1 X174.33 Y139.02 V0.023 U0.689 P0.034 F600
G1 X174.39 Y139.06 V0.003 U0.076 P0.034 F600
G1 X174.99 Y139.43 V0.023 U0.690 P0.034 F600
G1 X175.57 Y139.84 V0.023 U0.690 P0.034 F600
G1 X175.63 Y139.88 V0.003 U0.075 P0.034 F600
G1 X176.18 Y140.32 V0.023 U0.690 P0.034 F600
G1 X176.70 Y140.79 V0.023 U0.690 P0.034 F600
G1 X176.76 Y140.85 V0.003 U0.075 P0.034 F600
G1 X177.25 Y141.35 V0.023 U0.690 P0.034 F600
G1 X177.72 Y141.88 V0.023 U0.690 P0.034 F600
G1 X177.77 Y141.93 V0.003 U0.075 P0.034 F600
G1 X178.20 Y142.49 V0.023 U0.690 P0.034 F600
G1 X178.60 Y143.07 V0.023 U0.690 P0.034 F600
G1 X178.64 Y143.13 V0.003 U0.075 P0.034 F600
G1 X179.01 Y143.73 V0.023 U0.690 P0.034 F600
G1 X179.34 Y144.36 V0.023 U0.690 P0.034 F600
G1 X179.37 Y144.43 V0.003 U0.075 P0.034 F600
G1 X179.66 Y145.07 V0.023 U0.690 P0.034 F600
G1 X179.92 Y145.72 V0.023 U0.690 P0.034 F600
G1 X179.94 Y145.79 V0.003 U0.075 P0.034 F600
G1 X180.16 Y146.46 V0.023 U0.690 P0.034 F600
G1 X180.33 Y147.15 V0.023 U0.690 P0.034 F600
G1 X180.34 Y147.18 V0.001 U0.036 P0.034 F600
G1 X180.48 Y147.91 V0.025 U0.726 P0.034 F600
G1 X180.58 Y148.64 V0.025 U0.726 P0.034 F600
G1 X180.59 Y148.81 V0.006 U0.168 P0.034 F600
G1 X180.64 Y149.48 V0.022 U0.652 P0.034 F600
G1 X180.65 Y150.14 V0.022 U0.652 P0.034 F600
G1 X180.65 Y150.18 V0.001 U0.031 P0.034 F600
G1 X180.62 Y150.87 V0.023 U0.683 P0.034 F600
G1 X180.55 Y151.57 V0.023 U0.683 P0.034 F600
G1 X180.54 Y151.65 V0.003 U0.082 P0.034 F600
G1 X180.43 Y152.34 V0.023 U0.690 P0.034 F600
G1 X180.28 Y153.03 V0.023 U0.690 P0.034 F600
G1 X180.26 Y153.10 V0.003 U0.075 P0.034 F600
G1 X180.07 Y153.78 V0.023 U0.690 P0.034 F600
G1 X179.84 Y154.45 V0.023 U0.690 P0.034 F600
G1 X179.81 Y154.52 V0.003 U0.075 P0.034 F600
G1 X179.54 Y155.17 V0.023 U0.690 P0.034 F600
G1 X179.24 Y155.80 V0.023 U0.690 P0.034 F600
G1 X179.20 Y155.87 V0.003 U0.075 P0.034 F600
G1 X178.86 Y156.48 V0.023 U0.690 P0.034 F600
G1 X178.48 Y157.08 V0.023 U0.690 P0.034 F600
G1 X178.43 Y157.14 V0.003 U0.075 P0.034 F600
G1 X178.02 Y157.71 V0.023 U0.690 P0.034 F600
G1 X177.58 Y158.26 V0.023 U0.690 P0.034 F600
G1 X177.52 Y158.31 V0.003 U0.075 P0.034 F600
G1 X177.05 Y158.83 V0.023 U0.690 P0.034 F600
G1 X176.54 Y159.32 V0.023 U0.690 P0.034 F600
G1 X176.48 Y159.37 V0.003 U0.075 P0.034 F600
G1 X175.95 Y159.83 V0.023 U0.689 P0.034 F600
G1 X175.39 Y160.25 V0.023 U0.689 P0.034 F600
G1 X175.33 Y160.30 V0.003 U0.076 P0.034 F600
G1 X174.74 Y160.69 V0.023 U0.690 P0.034 F600
G1 X174.14 Y161.05 V0.023 U0.690 P0.034 F600
G1 X174.07 Y161.09 V0.003 U0.075 P0.034 F600
G1 X173.44 Y161.41 V0.023 U0.690 P0.034 F600
G1 X172.80 Y161.69 V0.023 U0.690 P0.034 F600
G1 X172.73 Y161.72 V0.003 U0.075 P0.034 F600
G1 X172.07 Y161.97 V0.023 U0.690 P0.034 F600
G1 X171.39 Y162.17 V0.023 U0.690 P0.034 F600
G1 X171.32 Y162.19 V0.003 U0.075 P0.034 F600
G1 X170.64 Y162.36 V0.023 U0.690 P0.034 F600
G1 X169.94 Y162.49 V0.023 U0.690 P0.034 F600
G1 X169.87 Y162.50 V0.003 U0.075 P0.034 F600
G1 X169.17 Y162.58 V0.023 U0.690 P0.034 F600
G1 X168.47 Y162.63 V0.023 U0.690 P0.034 F600
G1 X168.39 Y162.63 V0.003 U0.075 P0.034 F600
G1 X167.69 Y162.63 V0.023 U0.690 P0.034 F600
G1 X166.98 Y162.60 V0.023 U0.690 P0.034 F600
G1 X166.91 Y162.59 V0.003 U0.075 P0.034 F600
G1 X166.21 Y162.51 V0.023 U0.690 P0.034 F600
G1 X165.51 Y162.39 V0.023 U0.690 P0.034 F600
G1 X165.44 Y162.37 V0.003 U0.075 P0.034 F600
G1 X164.75 Y162.21 V0.023 U0.690 P0.034 F600
G1 X164.08 Y162.01 V0.023 U0.690 P0.034 F600
G1 X163.81 Y161.93 V0.009 U0.273 P0.034 F600
G1 X163.34 Y161.76 V0.017 U0.493 P0.034 F600
G1 X162.88 Y161.56 V0.017 U0.493 P0.034 F600
G1 X162.42 Y161.34 V0.017 U0.493 P0.034 F600
M104 S250 T1 ; FS_PREHEAT next_tool=1 lead_s=15
G1 X162.17 Y161.22 V0.009 U0.276 P0.034 F600
G1 X161.92 Y161.09 V0.009 U0.276 P0.034 F600
G1 X161.68 Y160.95 V0.009 U0.276 P0.034 F600
G1 X161.32 Y160.73 V0.014 U0.410 P0.034 F600
G1 X160.74 Y160.34 V0.023 U0.686 P0.034 F600
G1 X160.17 Y159.93 V0.023 U0.686 P0.034 F600
G1 X159.53 Y159.42 V0.027 U0.802 P0.034 F600
G1 X139.51 Y141.55 V0.894 U26.301 P0.034 F600
G1 X138.93 Y141.09 V0.025 U0.721 P0.034 F600
M73 P13 R10
G1 X138.34 Y140.66 V0.024 U0.720 P0.034 F600
G1 X137.72 Y140.27 V0.024 U0.720 P0.034 F600
G1 X137.70 Y140.26 V0.001 U0.019 P0.034 F600
G1 X137.04 Y139.90 V0.025 U0.739 P0.034 F600
G1 X136.35 Y139.59 V0.025 U0.739 P0.034 F600
G1 X135.63 Y139.32 V0.026 U0.750 P0.034 F600
G1 X134.91 Y139.10 V0.025 U0.738 P0.034 F600
G1 X134.63 Y139.03 V0.010 U0.287 P0.034 F600
G1 X134.18 Y138.92 V0.015 U0.452 P0.034 F600
G1 X133.73 Y138.85 V0.015 U0.452 P0.034 F600
G1 X133.27 Y138.79 V0.015 U0.453 P0.034 F600
G1 X132.99 Y138.75 V0.009 U0.274 P0.034 F600
G1 X132.71 Y138.73 V0.009 U0.274 P0.034 F600
G1 X132.43 Y138.72 V0.009 U0.274 P0.034 F600
G1 X131.95 Y138.72 V0.016 U0.477 P0.034 F600
G1 X131.19 Y138.75 V0.025 U0.739 P0.034 F600
G1 X130.44 Y138.83 V0.025 U0.739 P0.034 F600
G1 X129.70 Y138.95 V0.025 U0.739 P0.034 F600
G1 X128.97 Y139.13 V0.025 U0.738 P0.034 F600
G1 X128.25 Y139.36 V0.025 U0.738 P0.034 F600
G1 X127.55 Y139.63 V0.025 U0.738 P0.034 F600
G1 X126.87 Y139.95 V0.025 U0.739 P0.034 F600
G1 X126.21 Y140.32 V0.025 U0.739 P0.034 F600
G1 X125.56 Y140.73 V0.026 U0.750 P0.034 F600
G1 X124.96 Y141.18 V0.025 U0.738 P0.034 F600
G1 X124.39 Y141.67 V0.025 U0.738 P0.034 F600
G1 X123.85 Y142.19 V0.025 U0.730 P0.034 F600
G1 X123.36 Y142.75 V0.025 U0.729 P0.034 F600
G1 X122.90 Y143.34 V0.025 U0.729 P0.034 F600
G1 X122.71 Y143.61 V0.011 U0.326 P0.034 F600
G1 X122.35 Y144.15 V0.022 U0.634 P0.034 F600
G1 X122.03 Y144.70 V0.022 U0.634 P0.034 F600
G1 X121.74 Y145.28 V0.022 U0.634 P0.034 F600
G1 X121.49 Y145.88 V0.022 U0.634 P0.034 F600
G1 X121.45 Y145.98 V0.004 U0.105 P0.034 F600
G1 X121.20 Y146.69 V0.025 U0.738 P0.034 F600
G1 X121.00 Y147.42 V0.025 U0.738 P0.034 F600
G1 X120.85 Y148.16 V0.025 U0.738 P0.034 F600
G1 X120.76 Y148.90 V0.025 U0.738 P0.034 F600
G1 X120.73 Y149.20 V0.010 U0.296 P0.034 F600
G1 X120.70 Y149.65 V0.015 U0.443 P0.034 F600
G1 X120.70 Y150.11 V0.015 U0.443 P0.034 F600
G1 X120.71 Y150.56 V0.015 U0.443 P0.034 F600
G1 X120.72 Y150.87 V0.010 U0.303 P0.034 F600
G1 X120.75 Y151.18 V0.010 U0.303 P0.034 F600
G1 X120.79 Y151.48 V0.010 U0.303 P0.034 F600
G1 X120.86 Y151.93 V0.015 U0.448 P0.034 F600
G1 X121.01 Y152.66 V0.025 U0.726 P0.034 F600
G1 X121.21 Y153.37 V0.025 U0.726 P0.034 F600
G1 X121.45 Y154.07 V0.025 U0.726 P0.034 F600
G1 X121.74 Y154.75 V0.025 U0.726 P0.034 F600
G1 X121.75 Y154.78 V0.001 U0.024 P0.034 F600
G1 X122.09 Y155.45 V0.025 U0.739 P0.034 F600
G1 X122.47 Y156.10 V0.025 U0.739 P0.034 F600
G1 X122.90 Y156.72 V0.025 U0.739 P0.034 F600
G1 X123.37 Y157.31 V0.025 U0.738 P0.034 F600
G1 X123.87 Y157.87 V0.025 U0.738 P0.034 F600
G1 X124.41 Y158.39 V0.025 U0.738 P0.034 F600
G1 X124.99 Y158.88 V0.025 U0.739 P0.034 F600
G1 X125.60 Y159.33 V0.025 U0.739 P0.034 F600
G1 X126.24 Y159.74 V0.026 U0.750 P0.034 F600
G1 X126.90 Y160.10 V0.025 U0.738 P0.034 F600
G1 X127.58 Y160.42 V0.025 U0.738 P0.034 F600
G1 X128.28 Y160.69 V0.025 U0.726 P0.034 F600
G1 X128.98 Y160.91 V0.025 U0.726 P0.034 F600
G1 X129.70 Y161.08 V0.025 U0.726 P0.034 F600
G1 X130.37 Y161.22 V0.023 U0.665 P0.034 F600
G1 X130.48 Y161.24 V0.004 U0.108 P0.034 F600
G1 X130.59 Y161.25 V0.004 U0.108 P0.034 F600
G1 X130.70 Y161.25 V0.004 U0.109 P0.034 F600
G1 X130.70 Y162.62 V0.046 U1.340 P0.034 F600
G1 X130.62 Y162.62 V0.003 U0.074 P0.034 F600
G1 X130.55 Y162.61 V0.002 U0.073 P0.034 F600
G1 X130.47 Y162.60 V0.002 U0.073 P0.034 F600
G1 X129.76 Y162.47 V0.024 U0.704 P0.034 F600
G1 X129.07 Y162.33 V0.023 U0.690 P0.034 F600
G1 X128.40 Y162.15 V0.023 U0.690 P0.034 F600
G1 X128.32 Y162.13 V0.003 U0.075 P0.034 F600
G1 X127.65 Y161.90 V0.023 U0.690 P0.034 F600
G1 X127.00 Y161.64 V0.023 U0.690 P0.034 F600
G1 X126.93 Y161.61 V0.003 U0.075 P0.034 F600
G1 X126.29 Y161.31 V0.023 U0.689 P0.034 F600
G1 X125.67 Y160.98 V0.023 U0.689 P0.034 F600
G1 X125.61 Y160.94 V0.003 U0.076 P0.034 F600
G1 X125.01 Y160.57 V0.023 U0.690 P0.034 F600
G1 X124.43 Y160.16 V0.023 U0.690 P0.034 F600
G1 X124.37 Y160.12 V0.003 U0.075 P0.034 F600
G1 X123.82 Y159.68 V0.023 U0.690 P0.034 F600
G1 X123.30 Y159.21 V0.023 U0.690 P0.034 F600
G1 X123.24 Y159.15 V0.003 U0.075 P0.034 F600
G1 X122.75 Y158.65 V0.023 U0.690 P0.034 F600
G1 X122.28 Y158.12 V0.023 U0.690 P0.034 F600
G1 X122.23 Y158.07 V0.003 U0.075 P0.034 F600
G1 X121.80 Y157.51 V0.023 U0.689 P0.034 F600
G1 X121.40 Y156.93 V0.023 U0.689 P0.034 F600
G1 X121.36 Y156.87 V0.003 U0.075 P0.034 F600
G1 X120.99 Y156.27 V0.023 U0.690 P0.034 F600
G1 X120.66 Y155.64 V0.023 U0.690 P0.034 F600
G1 X120.63 Y155.57 V0.003 U0.075 P0.034 F600
G1 X120.59 Y155.47 V0.004 U0.108 P0.034 F600
; Start to cut
M2800
M400
;CUT DISTANCE 54.8
G1 X120.34 Y154.93 V0.014 F600
G1 X120.08 Y154.28 V0.017 F600
G1 X120.06 Y154.21 V0.002 F600
G1 X119.84 Y153.54 V0.017 F600
G1 X119.67 Y152.85 V0.017 F600
G1 X119.65 Y152.78 V0.002 F600
G1 X119.52 Y152.09 V0.017 F600
G1 X119.42 Y151.39 V0.017 F600
G1 X119.41 Y151.31 V0.002 F600
G1 X119.36 Y150.61 V0.017 F600
G1 X119.35 Y149.91 V0.017 F600
G1 X119.35 Y149.83 V0.002 F600
G1 X119.38 Y149.13 V0.017 F600
G1 X119.45 Y148.43 V0.017 F600
G1 X119.46 Y148.35 V0.002 F600
G1 X119.57 Y147.66 V0.017 F600
G1 X119.72 Y146.97 V0.017 F600
G1 X119.74 Y146.90 V0.002 F600
M73 P14 R10
G1 X119.93 Y146.22 V0.017 F600
G1 X120.16 Y145.55 V0.017 F600
G1 X120.19 Y145.48 V0.002 F600
G1 X120.46 Y144.83 V0.017 F600
G1 X120.76 Y144.20 V0.017 F600
G1 X120.80 Y144.13 V0.002 F600
G1 X121.14 Y143.52 V0.017 F600
G1 X121.52 Y142.92 V0.017 F600
G1 X121.57 Y142.86 V0.002 F600
G1 X121.98 Y142.29 V0.017 F600
G1 X122.42 Y141.74 V0.017 F600
G1 X122.48 Y141.69 V0.002 F600
G1 X122.95 Y141.17 V0.017 F600
G1 X123.46 Y140.68 V0.017 F600
G1 X123.52 Y140.63 V0.002 F600
G1 X124.05 Y140.17 V0.017 F600
G1 X124.61 Y139.75 V0.017 F600
G1 X124.67 Y139.70 V0.002 F600
G1 X125.26 Y139.31 V0.017 F600
G1 X125.86 Y138.95 V0.017 F600
G1 X125.93 Y138.91 V0.002 F600
G1 X126.56 Y138.59 V0.017 F600
G1 X127.20 Y138.31 V0.017 F600
G1 X127.27 Y138.28 V0.002 F600
G1 X127.93 Y138.03 V0.017 F600
G1 X128.61 Y137.83 V0.017 F600
G1 X128.68 Y137.81 V0.002 F600
G1 X129.36 Y137.64 V0.017 F600
G1 X130.06 Y137.51 V0.017 F600
G1 X130.13 Y137.50 V0.002 F600
G1 X130.83 Y137.42 V0.017 F600
G1 X131.53 Y137.37 V0.017 F600
G1 X131.61 Y137.37 V0.002 F600
G1 X132.31 Y137.37 V0.017 F600
G1 X133.02 Y137.40 V0.017 F600
G1 X133.09 Y137.41 V0.002 F600
G1 X133.79 Y137.49 V0.017 F600
G1 X134.49 Y137.61 V0.017 F600
G1 X134.56 Y137.63 V0.002 F600
G1 X135.25 Y137.79 V0.017 F600
G1 X135.92 Y137.99 V0.017 F600
G1 X136.19 Y138.07 V0.007 F600
G1 X136.66 Y138.24 V0.012 F600
G1 X137.12 Y138.44 V0.012 F600
G1 X137.58 Y138.66 V0.012 F600
G1 X137.83 Y138.78 V0.007 F600
G1 X138.08 Y138.91 V0.007 F600
G1 X138.32 Y139.05 V0.007 F600
G1 X138.68 Y139.27 V0.010 F600
G1 X139.26 Y139.66 V0.017 F600
G1 X139.83 Y140.07 V0.017 F600
G1 X140.47 Y140.58 V0.020 F600
G1 X155.41 Y153.92 V0.480 F600
; Cutting completed.
G1 F600 V-1.000 ; Retract
; FS_RELEASE_BEGIN length_mm=6.800 speed_mm_s=10.000
G1 X160.481 Y158.447 F600
; FS_RELEASE_END physical_clearance=unmeasured
M1002
M400
G1 F600 V-4.000 ; Toolchange matrix retract
G1 F1200 Z1.08
MOVE_TO_BRUSH_STATION
CLEAN_NOZZLE
M104 S180 T0 ; standby
M104 S250 T1 ; pre-charge
M109 S250 T1
MOVE_OUT_BRUSH_STATION
M106 P2 S0 ; fibre-side cooling, fan4, owned by T0 (idle)
M106 P1 S0 ; part-cooling, fan3, owned by T1 (depositing)
M106 P3 S0 ; auxiliary fan off while T1 deposits
M106 P5 S0 ; exhaust fan off while T1 deposits
T1 ; switch extruder type to:PLASTIC
; FIBER TURNS: 70 joints tighter than 12.00 mm, policy=keep, splits=0
;LAYER_CHANGE
;Z:0.6
;HEIGHT:0.12
;_SET_FAN_SPEED_CHANGING_LAYER
; printing object s+hook+20mm id:0 copy 0
M104 S270 T0 ; FS_PREHEAT next_tool=0 lead_s=15
G1 X131.26 Y163.25 Z.6 F9000
G1 Z.6 F9000
G1 E10 F1500
;TYPE:Inner wall
;WIDTH:0.419999
G1 F7200
G1 X130.475 Y163.185 E.01549
G1 X128.936 Y162.913 E.03074
G1 X127.448 Y162.466 E.03056
G1 X126.022 Y161.848 E.03057
G1 X124.679 Y161.066 E.03057
G1 X123.436 Y160.134 E.03056
G1 X122.311 Y159.062 E.03057
G1 X121.319 Y157.865 E.03058
G1 X120.473 Y156.561 E.03057
G1 X119.787 Y155.167 E.03056
G1 X119.268 Y153.702 E.03057
G1 X118.925 Y152.186 E.03057
G1 X118.761 Y150.64 E.03058
G1 X118.779 Y149.086 E.03057
G1 X118.979 Y147.545 E.03056
G1 X119.358 Y146.038 E.03056
G1 X119.91 Y144.585 E.03057
G1 X120.629 Y143.208 E.03055
G1 X121.505 Y141.923 E.03059
G1 X122.525 Y140.751 E.03056
G1 X123.675 Y139.705 E.03058
G1 X124.939 Y138.802 E.03055
G1 X126.3 Y138.052 E.03057
G1 X127.74 Y137.467 E.03057
G1 X129.239 Y137.055 E.03058
G1 X130.775 Y136.821 E.03056
G1 X132.328 Y136.768 E.03056
G1 X133.877 Y136.898 E.03057
G1 X135.4 Y137.207 E.03057
G1 X136.876 Y137.694 E.03057
G1 X137.825 Y138.135 E.02058
G1 X138.348 Y138.388 E.01143
G1 X139.608 Y139.165 E.02912
G1 X140.84 Y140.141 E.03091
G1 X160.86 Y158.012 E.52784
G1 X161.974 Y158.879 E.02777
G1 X163.21 Y159.602 E.02816
G1 X164.57 Y160.163 E.02894
G1 X165.955 Y160.529 E.02818
G1 X167.297 Y160.703 E.02662
G1 X168.768 Y160.701 E.02893
G1 X170.187 Y160.503 E.02818
G1 X171.566 Y160.119 E.02816
G1 X172.884 Y159.555 E.0282
G1 X174.143 Y158.796 E.02892
G1 X175.261 Y157.901 E.02817
G1 X176.199 Y156.925 E.02663
G1 X176.475 Y156.557 E.00905
G1 X177.182 Y155.541 E.02435
G1 X177.758 Y154.484 E.02368
G1 X178.27 Y153.146 E.02818
G1 X178.599 Y151.753 E.02815
G1 X178.741 Y150.327 E.02819
G1 X178.711 Y149.463 E.017
G1 X178.685 Y148.857 E.01193
G1 X178.44 Y147.446 E.02817
G1 X178.039 Y146.154 E.02661
G1 X177.424 Y144.817 E.02895
G1 X176.653 Y143.61 E.02817
G1 X175.729 Y142.516 E.02817
G1 X174.667 Y141.554 E.02818
G1 X173.452 Y140.725 E.02893
G1 X172.173 Y140.082 E.02816
G1 X170.895 Y139.636 E.02662
G1 X169.431 Y139.333 E.02941
G1 X168.726 Y139.254 E.01395
G1 X168.736 Y136.749 E.04927
G1 X169.525 Y136.815 E.01557
G1 X171.064 Y137.087 E.03074
G1 X172.552 Y137.534 E.03056
G1 X173.978 Y138.153 E.03058
G1 X175.321 Y138.934 E.03056
G1 X176.564 Y139.866 E.03056
G1 X177.689 Y140.938 E.03057
G1 X178.681 Y142.135 E.03058
G1 X179.527 Y143.439 E.03057
G1 X180.213 Y144.833 E.03056
G1 X180.732 Y146.298 E.03057
G1 X181.076 Y147.814 E.03058
G1 X181.239 Y149.434 E.03202
G1 X181.221 Y150.914 E.02911
G1 X181.021 Y152.455 E.03056
G1 X180.642 Y153.962 E.03056
G1 X180.09 Y155.415 E.03057
G1 X179.371 Y156.792 E.03055
G1 X178.495 Y158.077 E.03059
G1 X177.475 Y159.249 E.03056
G1 X176.326 Y160.295 E.03056
M73 P15 R10
G1 X175.061 Y161.198 E.03057
G1 X173.7 Y161.948 E.03057
G1 X172.26 Y162.533 E.03057
G1 X170.761 Y162.945 E.03058
G1 X169.225 Y163.179 E.03056
G1 X167.672 Y163.232 E.03056
G1 X166.123 Y163.102 E.03057
G1 X164.6 Y162.793 E.03057
G1 X163.124 Y162.306 E.03057
G1 X162.175 Y161.865 E.02058
G1 X161.652 Y161.612 E.01143
G1 X160.392 Y160.835 E.02912
G1 X159.16 Y159.859 E.03091
G1 X139.14 Y141.988 E.52784
G1 X138.026 Y141.121 E.02777
G1 X136.79 Y140.398 E.02816
G1 X135.43 Y139.837 E.02894
G1 X134.045 Y139.471 E.02818
G1 X132.703 Y139.297 E.02662
G1 X131.232 Y139.299 E.02893
G1 X129.813 Y139.497 E.02818
G1 X128.434 Y139.881 E.02816
G1 X127.116 Y140.445 E.0282
G1 X125.857 Y141.204 E.02892
G1 X124.739 Y142.099 E.02817
G1 X123.801 Y143.075 E.02663
G1 X123.525 Y143.443 E.00905
G1 X122.818 Y144.459 E.02435
G1 X122.242 Y145.516 E.02368
G1 X121.73 Y146.854 E.02818
G1 X121.401 Y148.247 E.02815
G1 X121.259 Y149.673 E.02819
G1 X121.289 Y150.537 E.017
G1 X121.315 Y151.143 E.01193
G1 X121.56 Y152.554 E.02817
G1 X121.961 Y153.846 E.02661
G1 X122.576 Y155.183 E.02895
G1 X123.347 Y156.39 E.02817
G1 X124.271 Y157.484 E.02817
G1 X125.333 Y158.446 E.02818
G1 X126.548 Y159.275 E.02893
G1 X127.827 Y159.918 E.02816
G1 X129.105 Y160.364 E.02662
G1 X130.569 Y160.667 E.02941
G1 X131.28 Y160.749 E.01408
G1 X131.261 Y163.21 E.04841
G1 X131.614 Y163.47 F9000
;TYPE:Outer wall
G1 F6000
G1 X131.366 Y163.668 E.00624
G1 X130.423 Y163.589 E.01861
G1 X128.842 Y163.31 E.03158
G1 X127.308 Y162.849 E.03151
G1 X125.838 Y162.211 E.03152
G1 X124.453 Y161.406 E.03151
G1 X123.172 Y160.445 E.0315
G1 X122.012 Y159.34 E.03151
G1 X120.99 Y158.107 E.0315
G1 X120.119 Y156.762 E.03152
G1 X119.411 Y155.325 E.03151
G1 X118.876 Y153.815 E.03151
G1 X118.522 Y152.253 E.0315
G1 X118.353 Y150.66 E.03151
G1 X118.372 Y149.058 E.03151
G1 X118.578 Y147.469 E.03152
G1 X118.969 Y145.916 E.0315
G1 X119.538 Y144.418 E.03152
G1 X120.28 Y142.998 E.03151
G1 X121.182 Y141.674 E.03151
G1 X122.233 Y140.465 E.03151
G1 X123.418 Y139.388 E.0315
G1 X124.722 Y138.456 E.03153
G1 X126.125 Y137.684 E.0315
G1 X127.609 Y137.081 E.03151
G1 X129.154 Y136.656 E.03152
G1 X130.737 Y136.415 E.03149
G1 X132.338 Y136.36 E.03151
G1 X133.935 Y136.494 E.03152
G1 X135.505 Y136.813 E.03151
G1 X137.026 Y137.314 E.0315
G1 X138.479 Y137.99 E.03152
G1 X139.919 Y138.892 E.03342
G1 X141.103 Y139.83 E.02971
G1 X161.121 Y157.699 E.52778
G1 X162.202 Y158.542 E.02696
G1 X163.392 Y159.237 E.02711
G1 X164.676 Y159.77 E.02734
G1 X166.007 Y160.125 E.02709
G1 X167.349 Y160.299 E.02662
G1 X168.739 Y160.294 E.02734
G1 X170.104 Y160.104 E.02711
G1 X171.431 Y159.734 E.0271
G1 X172.697 Y159.191 E.02709
G1 X173.89 Y158.477 E.02735
G1 X174.967 Y157.619 E.02708
G1 X175.905 Y156.643 E.02663
G1 X176.824 Y155.346 E.03127
G1 X177.387 Y154.313 E.02314
G1 X177.88 Y153.026 E.02711
G1 X178.197 Y151.685 E.0271
G1 X178.333 Y150.314 E.0271
G1 X178.283 Y148.925 E.02734
G1 X178.051 Y147.567 E.0271
G1 X177.65 Y146.275 E.02661
G1 X177.066 Y145.013 E.02735
G1 X176.325 Y143.852 E.02709
G1 X175.436 Y142.799 E.02711
G1 X174.414 Y141.874 E.02711
G1 X173.268 Y141.088 E.02733
G1 X172.039 Y140.466 E.02709
G1 X170.761 Y140.02 E.02662
G1 X169.393 Y139.739 E.02747
G1 X168.562 Y139.672 E.0164
G1 X168.319 Y139.417 E.00693
G1 X168.321 Y136.629 E.05484
G1 X168.417 Y136.496 E.00323
G1 X168.631 Y136.332 E.0053
G1 X169.577 Y136.411 E.01867
G1 X171.158 Y136.69 E.03158
G1 X172.692 Y137.151 E.03151
G1 X174.162 Y137.789 E.03152
G1 X175.547 Y138.594 E.03151
G1 X176.828 Y139.555 E.0315
G1 X177.988 Y140.66 E.03151
G1 X179.01 Y141.893 E.0315
G1 X179.881 Y143.238 E.03152
G1 X180.589 Y144.675 E.03151
G1 X181.124 Y146.185 E.03151
G1 X181.478 Y147.747 E.0315
G1 X181.646 Y149.439 E.03344
G1 X181.628 Y150.942 E.02956
G1 X181.422 Y152.531 E.03152
G1 X181.031 Y154.084 E.0315
G1 X180.462 Y155.582 E.03152
G1 X179.72 Y157.002 E.03151
G1 X178.818 Y158.326 E.03151
G1 X177.767 Y159.535 E.03151
G1 X176.582 Y160.612 E.0315
G1 X175.278 Y161.544 E.03153
G1 X173.875 Y162.316 E.0315
G1 X172.391 Y162.919 E.03151
G1 X170.846 Y163.344 E.03152
G1 X169.263 Y163.585 E.03149
G1 X167.662 Y163.64 E.03151
G1 X166.065 Y163.506 E.03152
G1 X164.495 Y163.187 E.03151
G1 X162.974 Y162.686 E.0315
G1 X161.521 Y162.01 E.03152
G1 X160.081 Y161.108 E.03342
G1 X158.897 Y160.17 E.02971
G1 X138.879 Y142.301 E.52778
G1 X137.798 Y141.458 E.02696
G1 X136.608 Y140.763 E.02711
G1 X135.324 Y140.23 E.02734
G1 X133.993 Y139.875 E.02709
G1 X132.651 Y139.701 E.02662
G1 X131.261 Y139.706 E.02734
G1 X129.896 Y139.896 E.02711
G1 X128.569 Y140.266 E.0271
G1 X127.303 Y140.809 E.02709
G1 X126.11 Y141.523 E.02735
G1 X125.033 Y142.381 E.02708
G1 X124.095 Y143.357 E.02663
G1 X123.176 Y144.654 E.03127
G1 X122.613 Y145.687 E.02314
G1 X122.12 Y146.974 E.02711
G1 X121.803 Y148.315 E.0271
G1 X121.667 Y149.686 E.0271
G1 X121.717 Y151.075 E.02734
G1 X121.823 Y151.699 E.01245
G1 X121.949 Y152.433 E.01465
G1 X122.35 Y153.725 E.02661
G1 X122.934 Y154.987 E.02735
G1 X123.675 Y156.148 E.02709
G1 X124.564 Y157.201 E.02711
G1 X125.586 Y158.126 E.02711
G1 X126.732 Y158.912 E.02733
G1 X127.961 Y159.534 E.02709
G1 X129.239 Y159.98 E.02662
G1 X130.607 Y160.261 E.02747
G1 X131.455 Y160.336 E.01674
G1 X131.687 Y160.593 E.00681
G1 X131.679 Y163.375 E.05472
G1 X131.637 Y163.437 E.00147
G1 E-1 F1200
G1 X126.87 Y161.893 F9000
G1 E1 F1500
;TYPE:Sparse infill
;WIDTH:0.42
G1 F7200
G1 X126.156 Y161.583 E.0153
G1 X125.465 Y161.182 E.01572
G1 X125.13 Y160.538 E.01428
G1 X124.408 Y159.816 E.02006
G1 X122.494 Y158.819 E.04247
G1 X121.557 Y157.69 E.02885
G1 X121.497 Y157.597 E.00216
G1 E-1 F1200
G1 X121.555 Y153.516 F9000
G1 E1 F1500
G1 F7200
G1 X121.26 Y152.576 E.01938
G1 X121.163 Y151.992 E.01164
G1 X120.676 Y151.505 E.01353
G1 X119.145 Y148.565 E.06522
G1 X119.27 Y147.6 E.01912
G1 X119.64 Y146.127 E.02989
G1 X120.181 Y144.707 E.02989
G1 X120.226 Y144.62 E.00194
G1 X120.676 Y145.484 E.01917
G1 X121.398 Y146.205 E.02006
G1 X121.619 Y146.321 E.00492
G1 X121.465 Y146.718 E.00839
G1 X121.199 Y147.837 E.02263
G1 E-1 F1200
G1 X121.749 Y142.093 F9000
G1 E1 F1500
G1 F7200
G1 X122.79 Y140.909 E.03101
G1 X124.408 Y141.752 E.03589
G1 X124.539 Y141.883 E.00364
G1 X125.71 Y140.944 E.02952
G1 X127.031 Y140.16 E.03022
G1 X127.287 Y140.051 E.00546
G1 X126.698 Y139.462 E.01637
G1 X126.175 Y138.459 E.02226
G1 X126.428 Y138.319 E.00567
G1 X127.835 Y137.748 E.02989
G1 X129.3 Y137.345 E.02988
G1 X130.802 Y137.116 E.02989
G1 X131.485 Y137.092 E.01343
G1 X132.479 Y139 E.04231
G1 X132.7 Y139 E.00434
G1 X134.045 Y139.173 E.02668
G1 E-1 F1200
G1 X136.954 Y138.056 F9000
G1 E1 F1500
G1 F7200
G1 X138.145 Y138.61 E.02584
G1 X138.369 Y138.748 E.00518
G1 X138.741 Y139.462 E.01584
G1 X139.462 Y140.184 E.02006
G1 X141.818 Y141.411 E.05225
G1 X143.356 Y142.783 E.04053
G1 X144.763 Y145.484 E.0599
G1 X145.484 Y146.205 E.02006
G1 X148.495 Y147.773 E.06677
G1 X149.216 Y148.495 E.02006
G1 X150.784 Y151.505 E.06677
G1 X151.505 Y152.227 E.02006
G1 X154.516 Y153.795 E.06677
G1 X155.237 Y154.516 E.02006
G1 X156.644 Y157.217 E.05991
G1 X158.181 Y158.589 E.04052
G1 X160.538 Y159.816 E.05226
G1 X161.259 Y160.538 E.02006
G1 X161.631 Y161.252 E.01584
G1 X161.855 Y161.39 E.00518
G1 X163.046 Y161.944 E.02584
G1 E-1 F1200
G1 X165.955 Y160.827 F9000
G1 E1 F1500
G1 F7200
G1 X167.301 Y161 E.02668
G1 X167.521 Y161 E.00434
G1 X168.515 Y162.908 E.04231
G1 X169.198 Y162.884 E.01343
G1 X170.7 Y162.655 E.02989
G1 X172.165 Y162.252 E.02988
G1 X173.572 Y161.681 E.02989
G1 X173.825 Y161.541 E.00567
G1 X173.302 Y160.538 E.02226
G1 X172.71 Y159.946 E.01647
G1 X173.039 Y159.806 E.00703
G1 X174.322 Y159.031 E.02949
G1 X175.461 Y158.117 E.02872
G1 X175.592 Y158.248 E.00364
G1 X177.21 Y159.091 E.03589
G1 X178.251 Y157.907 E.03101
G1 E-1 F1200
G1 X178.803 Y152.162 F9000
G1 E1 F1500
G1 F7200
G1 X178.565 Y153.182 E.0206
G1 X178.376 Y153.677 E.01042
G1 X178.602 Y153.795 E.00501
G1 X179.324 Y154.516 E.02006
G1 X179.774 Y155.38 E.01917
G1 X179.819 Y155.293 E.00194
G1 X180.36 Y153.873 E.02989
G1 X180.73 Y152.4 E.02989
G1 X180.855 Y151.435 E.01912
G1 X179.324 Y148.495 E.06522
G1 X178.836 Y148.007 E.01357
G1 X178.724 Y147.364 E.01282
G1 X178.449 Y146.481 E.0182
G1 E-1 F1200
G1 X178.503 Y142.403 F9000
G1 E1 F1500
M73 P16 R10
G1 F7200
G1 X178.443 Y142.31 E.00216
G1 X177.506 Y141.181 E.02885
G1 X175.592 Y140.184 E.04247
G1 X174.87 Y139.462 E.02006
G1 X174.535 Y138.818 E.01428
G1 X173.844 Y138.417 E.01572
G1 X173.13 Y138.107 E.0153
; stop printing object s+hook+20mm id:0 copy 0
;LAYER_CHANGE
;Z:0.72
;HEIGHT:0.12
;_SET_FAN_SPEED_CHANGING_LAYER
; printing object s+hook+20mm id:0 copy 0
G1 E-1 F1200
G1 X130.778 Y160.625 Z.72 F9000
G1 E1 F1500
;TYPE:Inner wall
;WIDTH:0.419999
G1 F7200
G1 X131.204 Y160.663 E.00841
G1 X131.327 Y160.797 E.00358
G1 X131.327 Y161.233 E.00858
G1 E-1 F1200
G1 X168.673 Y138.766 F9000
G1 E1 F1500
G1 F7200
G1 X168.673 Y139.203 E.0086
G1 X168.795 Y139.336 E.00355
G1 X169.221 Y139.374 E.00841
G1 E-1 F1200
G1 X168.457 Y136.441 F9000
G1 E1 F1500
;TYPE:Outer wall
G1 F6000
G1 X168.714 Y136.288 E.00588
G1 X169.523 Y136.346 E.01595
G1 X171.172 Y136.632 E.03292
G1 X172.792 Y137.126 E.03331
G1 X174.189 Y137.735 E.02998
G1 X175.561 Y138.531 E.0312
G1 X176.906 Y139.543 E.03311
G1 X178.032 Y140.619 E.03063
G1 X179.024 Y141.813 E.03053
G1 X179.934 Y143.208 E.03276
G1 X180.644 Y144.652 E.03165
G1 X181.154 Y146.082 E.02986
G1 X181.537 Y147.738 E.03343
G1 X181.707 Y149.495 E.03472
G1 X181.688 Y150.946 E.02854
G1 X181.481 Y152.542 E.03165
G1 X181.082 Y154.124 E.03209
G1 X180.516 Y155.606 E.0312
G1 X179.772 Y157.033 E.03165
G1 X178.866 Y158.362 E.03164
G1 X177.81 Y159.577 E.03166
G1 X176.619 Y160.659 E.03165
G1 X175.31 Y161.595 E.03165
G1 X173.876 Y162.382 E.03217
G1 X172.41 Y162.976 E.03111
G1 X170.859 Y163.403 E.03164
G1 X169.274 Y163.645 E.03154
G1 X167.66 Y163.7 E.03176
G1 X165.923 Y163.54 E.03431
G1 X164.48 Y163.245 E.02897
G1 X162.952 Y162.742 E.03164
G1 X161.403 Y162.011 E.03369
G1 X160.045 Y161.156 E.03156
G1 X158.857 Y160.215 E.02981
G1 X138.839 Y142.346 E.52778
G1 X137.764 Y141.508 E.02681
G1 X136.581 Y140.817 E.02695
G1 X135.305 Y140.287 E.02718
G1 X133.911 Y139.922 E.02834
G1 X132.647 Y139.761 E.02506
G1 X131.27 Y139.766 E.02708
G1 X129.909 Y139.955 E.02703
G1 X128.589 Y140.322 E.02695
G1 X127.336 Y140.859 E.02681
G1 X126.091 Y141.611 E.02861
G1 X125.073 Y142.426 E.02565
G1 X124.147 Y143.388 E.02626
G1 X123.902 Y143.723 E.00816
G1 X123.29 Y144.564 E.02046
G1 X122.667 Y145.712 E.02569
G1 X122.178 Y146.992 E.02695
G1 X121.862 Y148.324 E.02693
G1 X121.734 Y149.599 E.0252
G1 X121.777 Y151.07 E.02895
G1 X122.017 Y152.452 E.02759
G1 X122.482 Y153.872 E.02939
G1 X122.979 Y154.943 E.02322
G1 X123.724 Y156.112 E.02727
G1 X124.608 Y157.159 E.02695
G1 X125.608 Y158.066 E.02655
G1 X126.81 Y158.887 E.02863
G1 X127.985 Y159.479 E.02588
G1 X129.234 Y159.916 E.02603
G1 X130.617 Y160.202 E.02778
G1 X131.15 Y160.249 E.01052
G1 X131.427 Y160.305 E.00556
G1 X131.734 Y160.672 E.00941
G1 X131.736 Y163.264 E.05098
G1 X131.571 Y163.531 E.00617
G1 X131.249 Y163.718 E.00732
G1 X130.416 Y163.648 E.01644
G1 X128.817 Y163.366 E.03194
G1 X127.287 Y162.905 E.03143
G1 X125.898 Y162.306 E.02975
G1 X124.42 Y161.456 E.03354
G1 X123.094 Y160.457 E.03265
G1 X121.968 Y159.381 E.03063
G1 X120.976 Y158.187 E.03053
G1 X120.067 Y156.792 E.03275
G1 X119.323 Y155.263 E.03345
G1 X118.819 Y153.832 E.02984
G1 X118.466 Y152.279 E.03133
G1 X118.293 Y150.662 E.03199
G1 X118.312 Y149.053 E.03165
G1 X118.51 Y147.508 E.03064
G1 X118.911 Y145.897 E.03265
G1 X119.484 Y144.394 E.03164
G1 X120.228 Y142.967 E.03165
G1 X121.128 Y141.647 E.03142
G1 X122.19 Y140.423 E.03187
G1 X123.381 Y139.341 E.03165
G1 X124.69 Y138.406 E.03164
G1 X126.099 Y137.63 E.03164
G1 X127.59 Y137.024 E.03166
G1 X129.141 Y136.597 E.03164
G1 X130.732 Y136.355 E.03165
G1 X132.408 Y136.303 E.03298
G1 X133.943 Y136.434 E.0303
G1 X135.482 Y136.745 E.03088
G1 X137.049 Y137.258 E.03243
G1 X138.507 Y137.937 E.03163
G1 X139.956 Y138.845 E.03363
G1 X141.143 Y139.785 E.02978
G1 X161.162 Y157.654 E.5278
G1 X162.299 Y158.531 E.02824
G1 X163.43 Y159.187 E.02572
G1 X164.694 Y159.713 E.02693
G1 X165.375 Y159.896 E.01387
G1 X166.018 Y160.066 E.01308
G1 X167.274 Y160.231 E.02492
G1 X168.734 Y160.234 E.02872
G1 X170.091 Y160.045 E.02695
G1 X171.411 Y159.678 E.02695
G1 X172.67 Y159.138 E.02695
G1 X173.909 Y158.389 E.02848
G1 X174.927 Y157.574 E.02565
G1 X175.853 Y156.612 E.02626
G1 X176.772 Y155.317 E.03123
G1 X177.333 Y154.288 E.02305
G1 X177.823 Y153.008 E.02696
G1 X178.146 Y151.614 E.02815
G1 X178.272 Y150.3 E.02596
G1 X178.225 Y148.946 E.02665
G1 X177.993 Y147.581 E.02723
G1 X177.623 Y146.383 E.02466
G1 X177.484 Y146.054 E.00702
G1 X177.013 Y145.042 E.02196
G1 X176.276 Y143.887 E.02695
G1 X175.392 Y142.841 E.02694
G1 X174.377 Y141.921 E.02694
G1 X173.238 Y141.14 E.02716
G1 X171.895 Y140.478 E.02945
G1 X170.745 Y140.078 E.02395
G1 X169.383 Y139.798 E.02735
G1 X168.848 Y139.749 E.01057
G1 X168.574 Y139.696 E.00549
G1 X168.266 Y139.328 E.00944
G1 X168.264 Y136.738 E.05094
G1 X168.435 Y136.475 E.00617
G1 E-1 F1200
G1 X179.643 Y149.299 F9000
G1 E1 F1500
;TYPE:Sparse infill
;WIDTH:0.42
G1 F7200
G1 X180.281 Y150.261 E.02271
G1 E-1 F1200
G1 X155.644 Y155.451 F9000
G1 E1 F1500
G1 F7200
G1 X155.025 Y154.516 E.02205
G1 X154.516 Y154.007 E.01416
G1 X152.622 Y152.753 E.04468
G1 E-1 F1200
G1 X150.668 Y151.009 F9000
G1 E1 F1500
G1 F7200
G1 X149.332 Y148.991 E.04761
G1 E-1 F1200
G1 X147.378 Y147.247 F9000
G1 E1 F1500
G1 F7200
G1 X145.484 Y145.993 E.04468
G1 X144.975 Y145.484 E.01416
G1 X144.356 Y144.549 E.02205
G1 E-1 F1200
G1 X120.362 Y150.709 F9000
G1 E1 F1500
G1 F7200
G1 X119.721 Y149.741 E.02284
; stop printing object s+hook+20mm id:0 copy 0
; FIBER RESERVE: mode=band strands=1 removed=4
M400
G1 E-10 F1200
MOVE_TO_BRUSH_STATION
CLEAN_NOZZLE
M104 S150 T1 ; standby
M104 S270 T0 ; pre-charge
M109 S270 T0
MOVE_OUT_BRUSH_STATION
M106 P2 S0 ; fibre-side cooling, fan4, owned by T0 (depositing)
M106 P1 S0 ; part-cooling, fan3, owned by T1 (idle)
M106 P3 S255 ; auxiliary fan on while T0 deposits
M106 P5 S255 ; exhaust fan on while T0 deposits
T0 ; switch extruder type to:FIBER
; LAYER:5 [0.72]
M1001 L234
G1 F1200 Z1.92
G1 X155.50 Y153.82 F1200
G1 F1200 U55.000 ; Extrude restart
M73 P17 R10
G1 F1200 Z0.72
G1 F600 V1.000 ; Recover matrix retract
G1 F600 V3.000 ; Matrix prime
G1 X160.58 Y158.35 V0.227 U6.674 P0.034 F300
G1 X161.23 Y158.85 V0.027 U0.798 P0.034 F300
G1 X161.81 Y159.26 V0.024 U0.698 P0.034 F300
G1 X162.41 Y159.64 V0.024 U0.698 P0.034 F300
G1 X163.04 Y159.98 V0.024 U0.698 P0.034 F300
G1 X163.69 Y160.27 V0.024 U0.698 P0.034 F300
G1 X164.05 Y160.42 V0.013 U0.383 P0.034 F300
G1 X164.41 Y160.56 V0.013 U0.375 P0.034 F300
G1 X164.77 Y160.67 V0.013 U0.375 P0.034 F300
G1 X165.14 Y160.77 V0.013 U0.375 P0.034 F300
G1 X165.49 Y160.86 V0.012 U0.355 P0.034 F300
G1 X165.84 Y160.94 V0.012 U0.355 P0.034 F300
G1 X166.20 Y161.00 V0.012 U0.355 P0.034 F300
G1 X166.53 Y161.05 V0.011 U0.323 P0.034 F300
G1 X167.22 Y161.11 V0.023 U0.677 P0.034 F300
G1 X167.91 Y161.14 V0.023 U0.677 P0.034 F300
G1 X168.05 Y161.14 V0.005 U0.139 P0.034 F300
G1 X168.79 Y161.11 V0.025 U0.731 P0.034 F300
G1 X169.54 Y161.04 V0.025 U0.731 P0.034 F600
G1 X170.27 Y160.91 V0.025 U0.731 P0.034 F600
G1 X170.99 Y160.73 V0.025 U0.729 P0.034 F600
G1 X171.70 Y160.51 V0.025 U0.729 P0.034 F600
G1 X172.40 Y160.24 V0.025 U0.729 P0.034 F600
G1 X173.07 Y159.92 V0.025 U0.732 P0.034 F600
G1 X173.72 Y159.56 V0.025 U0.731 P0.034 F600
G1 X173.82 Y159.50 V0.004 U0.110 P0.034 F600
G1 X174.41 Y159.11 V0.024 U0.695 P0.034 F600
G1 X174.98 Y158.69 V0.024 U0.695 P0.034 F600
G1 X175.52 Y158.23 V0.024 U0.695 P0.034 F600
G1 X176.03 Y157.73 V0.024 U0.695 P0.034 F600
G1 X176.04 Y157.72 V0.001 U0.020 P0.034 F600
G1 X176.53 Y157.17 V0.024 U0.715 P0.034 F600
G1 X176.97 Y156.59 V0.024 U0.715 P0.034 F600
G1 X177.17 Y156.32 V0.011 U0.328 P0.034 F600
G1 X177.52 Y155.79 V0.021 U0.630 P0.034 F600
G1 X177.85 Y155.23 V0.021 U0.630 P0.034 F600
G1 X178.14 Y154.66 V0.021 U0.629 P0.034 F600
G1 X178.39 Y154.07 V0.021 U0.629 P0.034 F600
G1 X178.42 Y153.97 V0.003 U0.101 P0.034 F600
G1 X178.66 Y153.27 V0.025 U0.730 P0.034 F600
G1 X178.86 Y152.55 V0.025 U0.730 P0.034 F600
G1 X178.88 Y152.46 V0.003 U0.085 P0.034 F600
G1 X179.02 Y151.76 V0.024 U0.704 P0.034 F600
G1 X179.11 Y151.04 V0.024 U0.704 P0.034 F600
G1 X179.15 Y150.33 V0.024 U0.704 P0.034 F600
G1 X179.15 Y149.61 V0.024 U0.704 P0.034 F600
G1 X179.15 Y149.59 V0.001 U0.017 P0.034 F600
G1 X179.10 Y148.86 V0.025 U0.721 P0.034 F600
G1 X179.00 Y148.13 V0.025 U0.721 P0.034 F600
G1 X178.99 Y148.04 V0.003 U0.085 P0.034 F600
G1 X178.85 Y147.38 V0.023 U0.665 P0.034 F600
G1 X178.67 Y146.72 V0.023 U0.665 P0.034 F600
G1 X178.54 Y146.27 V0.016 U0.461 P0.034 F600
G1 X178.47 Y146.07 V0.007 U0.205 P0.034 F600
G1 X178.39 Y145.88 V0.007 U0.205 P0.034 F600
G1 X178.31 Y145.69 V0.007 U0.205 P0.034 F600
G1 X178.06 Y145.15 V0.020 U0.584 P0.034 F600
G1 X177.79 Y144.62 V0.020 U0.583 P0.034 F600
G1 X177.49 Y144.10 V0.020 U0.583 P0.034 F600
G1 X177.41 Y143.98 V0.005 U0.146 P0.034 F600
G1 X176.99 Y143.36 V0.025 U0.729 P0.034 F600
G1 X176.53 Y142.78 V0.025 U0.729 P0.034 F600
G1 X176.03 Y142.23 V0.025 U0.729 P0.034 F600
G1 X175.49 Y141.71 V0.025 U0.729 P0.034 F600
G1 X174.92 Y141.23 V0.025 U0.730 P0.034 F600
G1 X174.32 Y140.79 V0.025 U0.729 P0.034 F600
G1 X173.68 Y140.38 V0.025 U0.745 P0.034 F600
G1 X173.02 Y140.02 V0.025 U0.737 P0.034 F600
G1 X172.84 Y139.94 V0.007 U0.194 P0.034 F600
G1 X172.24 Y139.66 V0.022 U0.652 P0.034 F600
G1 X171.61 Y139.42 V0.022 U0.652 P0.034 F600
G1 X170.98 Y139.23 V0.022 U0.652 P0.034 F600
G1 X170.33 Y139.07 V0.022 U0.652 P0.034 F600
G1 X169.69 Y138.94 V0.022 U0.647 P0.034 F600
G1 X169.52 Y138.91 V0.006 U0.170 P0.034 F600
G1 X169.34 Y138.89 V0.006 U0.170 P0.034 F600
G1 X169.22 Y138.83 V0.005 U0.135 P0.034 F600
G1 X169.17 Y138.70 V0.005 U0.135 P0.034 F600
G1 X169.17 Y137.23 V0.049 U1.441 P0.034 F600
G1 X169.29 Y137.24 V0.004 U0.120 P0.034 F600
M73 P18 R10
G1 X169.41 Y137.25 V0.004 U0.120 P0.034 F600
G1 X169.53 Y137.27 V0.004 U0.120 P0.034 F600
G1 X170.22 Y137.39 V0.023 U0.687 P0.034 F600
G1 X170.96 Y137.54 V0.025 U0.732 P0.034 F600
G1 X171.68 Y137.73 V0.025 U0.732 P0.034 F600
G1 X171.82 Y137.77 V0.005 U0.146 P0.034 F600
G1 X172.47 Y137.99 V0.023 U0.675 P0.034 F600
G1 X173.11 Y138.25 V0.023 U0.675 P0.034 F600
G1 X173.15 Y138.27 V0.001 U0.039 P0.034 F600
G1 X173.77 Y138.56 V0.023 U0.675 P0.034 F600
G1 X174.38 Y138.89 V0.023 U0.675 P0.034 F600
G1 X174.44 Y138.93 V0.002 U0.072 P0.034 F600
G1 X175.05 Y139.30 V0.024 U0.702 P0.034 F600
G1 X175.63 Y139.72 V0.024 U0.702 P0.034 F600
G1 X175.76 Y139.81 V0.005 U0.150 P0.034 F600
G1 X176.31 Y140.25 V0.023 U0.690 P0.034 F600
G1 X176.83 Y140.72 V0.023 U0.690 P0.034 F600
G1 X176.87 Y140.76 V0.002 U0.059 P0.034 F600
G1 X177.36 Y141.25 V0.023 U0.673 P0.034 F600
G1 X177.81 Y141.77 V0.023 U0.673 P0.034 F600
G1 X177.85 Y141.81 V0.002 U0.062 P0.034 F600
G1 X178.28 Y142.36 V0.023 U0.683 P0.034 F600
G1 X178.68 Y142.94 V0.023 U0.683 P0.034 F600
G1 X178.75 Y143.05 V0.005 U0.138 P0.034 F600
G1 X179.13 Y143.67 V0.024 U0.705 P0.034 F600
G1 X179.46 Y144.30 V0.024 U0.705 P0.034 F600
G1 X179.50 Y144.38 V0.003 U0.086 P0.034 F600
G1 X179.79 Y145.01 V0.023 U0.679 P0.034 F600
G1 X180.04 Y145.66 V0.023 U0.679 P0.034 F600
G1 X180.05 Y145.69 V0.001 U0.032 P0.034 F600
G1 X180.27 Y146.34 V0.023 U0.673 P0.034 F600
G1 X180.44 Y147.01 V0.023 U0.673 P0.034 F600
G1 X180.47 Y147.12 V0.004 U0.110 P0.034 F600
G1 X180.62 Y147.89 V0.026 U0.771 P0.034 F600
G1 X180.72 Y148.67 V0.026 U0.771 P0.034 F600
G1 X180.74 Y148.88 V0.007 U0.206 P0.034 F600
G1 X180.78 Y149.53 V0.022 U0.644 P0.034 F600
G1 X180.79 Y150.19 V0.022 U0.644 P0.034 F600
G1 X180.79 Y150.21 V0.001 U0.016 P0.034 F600
G1 X180.77 Y150.88 V0.022 U0.660 P0.034 F600
G1 X180.70 Y151.55 V0.022 U0.660 P0.034 F600
G1 X180.68 Y151.67 V0.004 U0.116 P0.034 F600
G1 X180.57 Y152.37 V0.024 U0.695 P0.034 F600
G1 X180.42 Y153.06 V0.024 U0.695 P0.034 F600
G1 X180.39 Y153.17 V0.004 U0.110 P0.034 F600
G1 X180.20 Y153.85 V0.023 U0.689 P0.034 F600
G1 X179.97 Y154.51 V0.023 U0.689 P0.034 F600
G1 X179.94 Y154.58 V0.003 U0.075 P0.034 F600
G1 X179.67 Y155.23 V0.023 U0.686 P0.034 F600
G1 X179.37 Y155.86 V0.023 U0.686 P0.034 F600
G1 X179.32 Y155.94 V0.003 U0.096 P0.034 F600
G1 X178.98 Y156.56 V0.023 U0.690 P0.034 F600
G1 X178.60 Y157.15 V0.023 U0.690 P0.034 F600
G1 X178.55 Y157.23 V0.003 U0.092 P0.034 F600
G1 X178.13 Y157.80 V0.023 U0.690 P0.034 F600
G1 X177.69 Y158.34 V0.023 U0.690 P0.034 F600
G1 X177.63 Y158.41 V0.003 U0.091 P0.034 F600
G1 X177.15 Y158.93 V0.023 U0.690 P0.034 F600
G1 X176.64 Y159.42 V0.023 U0.690 P0.034 F600
G1 X176.57 Y159.48 V0.003 U0.091 P0.034 F600
G1 X176.04 Y159.94 V0.023 U0.690 P0.034 F600
G1 X175.48 Y160.36 V0.023 U0.690 P0.034 F600
G1 X175.41 Y160.41 V0.003 U0.085 P0.034 F600
G1 X174.82 Y160.81 V0.024 U0.696 P0.034 F600
G1 X174.20 Y161.17 V0.024 U0.696 P0.034 F600
G1 X174.10 Y161.23 V0.004 U0.113 P0.034 F600
G1 X173.48 Y161.55 V0.023 U0.689 P0.034 F600
G1 X172.83 Y161.83 V0.023 U0.689 P0.034 F600
G1 X172.77 Y161.86 V0.002 U0.071 P0.034 F600
G1 X172.11 Y162.10 V0.023 U0.685 P0.034 F600
G1 X171.44 Y162.30 V0.023 U0.685 P0.034 F600
G1 X171.35 Y162.33 V0.003 U0.099 P0.034 F600
G1 X170.67 Y162.50 V0.023 U0.688 P0.034 F600
G1 X169.98 Y162.62 V0.023 U0.688 P0.034 F600
G1 X169.89 Y162.64 V0.003 U0.088 P0.034 F600
G1 X169.19 Y162.72 V0.023 U0.690 P0.034 F600
G1 X168.49 Y162.77 V0.023 U0.690 P0.034 F600
G1 X168.44 Y162.77 V0.002 U0.047 P0.034 F600
G1 X167.69 Y162.77 V0.025 U0.736 P0.034 F600
G1 X166.94 Y162.73 V0.025 U0.736 P0.034 F600
G1 X166.72 Y162.71 V0.007 U0.217 P0.034 F600
G1 X166.06 Y162.63 V0.022 U0.650 P0.034 F600
G1 X165.41 Y162.51 V0.022 U0.650 P0.034 F600
G1 X165.38 Y162.51 V0.001 U0.021 P0.034 F600
G1 X164.72 Y162.35 V0.023 U0.671 P0.034 F600
G1 X164.06 Y162.16 V0.023 U0.671 P0.034 F600
G1 X163.99 Y162.13 V0.003 U0.076 P0.034 F600
G1 X163.30 Y161.88 V0.025 U0.723 P0.034 F600
G1 X162.62 Y161.58 V0.025 U0.723 P0.034 F600
G1 X162.49 Y161.53 V0.005 U0.136 P0.034 F600
G1 X161.85 Y161.20 V0.024 U0.709 P0.034 F600
M104 S250 T1 ; FS_PREHEAT next_tool=1 lead_s=15
G1 X161.23 Y160.83 V0.024 U0.709 P0.034 F600
G1 X161.12 Y160.76 V0.004 U0.123 P0.034 F600
G1 X160.58 Y160.40 V0.022 U0.637 P0.034 F600
G1 X160.06 Y160.01 V0.022 U0.637 P0.034 F600
G1 X159.44 Y159.52 V0.026 U0.773 P0.034 F600
G1 X139.42 Y141.65 V0.894 U26.301 P0.034 F600
G1 X138.85 Y141.20 V0.024 U0.712 P0.034 F600
M73 P19 R10
G1 X138.26 Y140.78 V0.024 U0.711 P0.034 F600
G1 X137.64 Y140.39 V0.024 U0.711 P0.034 F600
G1 X137.63 Y140.38 V0.001 U0.019 P0.034 F600
G1 X136.97 Y140.03 V0.025 U0.729 P0.034 F600
G1 X136.30 Y139.72 V0.025 U0.729 P0.034 F600
G1 X135.59 Y139.45 V0.025 U0.743 P0.034 F600
G1 X134.87 Y139.24 V0.025 U0.736 P0.034 F600
G1 X134.69 Y139.19 V0.006 U0.183 P0.034 F600
G1 X134.08 Y139.05 V0.021 U0.609 P0.034 F600
G1 X133.47 Y138.95 V0.021 U0.609 P0.034 F600
G1 X132.85 Y138.88 V0.021 U0.610 P0.034 F600
G1 X132.78 Y138.87 V0.002 U0.072 P0.034 F600
G1 X132.70 Y138.86 V0.002 U0.072 P0.034 F600
G1 X132.63 Y138.86 V0.002 U0.072 P0.034 F600
G1 X131.95 Y138.86 V0.023 U0.662 P0.034 F600
G1 X131.21 Y138.89 V0.025 U0.732 P0.034 F600
G1 X130.47 Y138.96 V0.025 U0.732 P0.034 F600
G1 X129.73 Y139.09 V0.025 U0.732 P0.034 F600
G1 X129.01 Y139.27 V0.025 U0.729 P0.034 F600
G1 X128.30 Y139.49 V0.025 U0.729 P0.034 F600
G1 X127.61 Y139.76 V0.025 U0.727 P0.034 F600
G1 X126.93 Y140.08 V0.025 U0.727 P0.034 F600
G1 X126.29 Y140.44 V0.025 U0.727 P0.034 F600
G1 X126.18 Y140.50 V0.004 U0.121 P0.034 F600
G1 X125.59 Y140.89 V0.024 U0.695 P0.034 F600
G1 X125.02 Y141.31 V0.024 U0.695 P0.034 F600
G1 X124.48 Y141.77 V0.024 U0.696 P0.034 F600
G1 X123.97 Y142.27 V0.024 U0.696 P0.034 F600
G1 X123.62 Y142.63 V0.017 U0.495 P0.034 F600
G1 X123.46 Y142.81 V0.008 U0.234 P0.034 F600
G1 X123.31 Y143.00 V0.008 U0.234 P0.034 F600
G1 X123.17 Y143.19 V0.008 U0.234 P0.034 F600
G1 X122.85 Y143.64 V0.018 U0.540 P0.034 F600
G1 X122.54 Y144.09 V0.018 U0.539 P0.034 F600
G1 X122.26 Y144.56 V0.018 U0.539 P0.034 F600
G1 X122.18 Y144.71 V0.005 U0.159 P0.034 F600
G1 X121.87 Y145.34 V0.024 U0.697 P0.034 F600
G1 X121.59 Y146.00 V0.024 U0.697 P0.034 F600
G1 X121.58 Y146.03 V0.001 U0.032 P0.034 F600
G1 X121.34 Y146.73 V0.025 U0.729 P0.034 F600
G1 X121.14 Y147.45 V0.025 U0.729 P0.034 F600
G1 X121.13 Y147.49 V0.001 U0.044 P0.034 F600
G1 X120.99 Y148.18 V0.023 U0.685 P0.034 F600
G1 X120.90 Y148.87 V0.023 U0.685 P0.034 F600
G1 X120.85 Y149.57 V0.023 U0.685 P0.034 F600
G1 X120.85 Y150.27 V0.023 U0.685 P0.034 F600
G1 X120.85 Y150.39 V0.004 U0.125 P0.034 F600
G1 X120.90 Y151.16 V0.026 U0.750 P0.034 F600
G1 X121.01 Y151.92 V0.026 U0.750 P0.034 F600
G1 X121.16 Y152.67 V0.026 U0.750 P0.034 F600
G1 X121.38 Y153.40 V0.026 U0.750 P0.034 F600
G1 X121.44 Y153.59 V0.007 U0.195 P0.034 F600
G1 X121.66 Y154.20 V0.022 U0.633 P0.034 F600
G1 X121.91 Y154.79 V0.022 U0.633 P0.034 F600
G1 X122.20 Y155.37 V0.022 U0.633 P0.034 F600
G1 X122.53 Y155.92 V0.022 U0.633 P0.034 F600
G1 X122.59 Y156.02 V0.004 U0.114 P0.034 F600
G1 X123.01 Y156.63 V0.025 U0.729 P0.034 F600
G1 X123.47 Y157.22 V0.025 U0.729 P0.034 F600
G1 X123.97 Y157.77 V0.025 U0.729 P0.034 F600
G1 X124.50 Y158.28 V0.024 U0.720 P0.034 F600
G1 X125.06 Y158.76 V0.024 U0.720 P0.034 F600
G1 X125.65 Y159.19 V0.024 U0.720 P0.034 F600
G1 X125.76 Y159.26 V0.004 U0.122 P0.034 F600
G1 X126.36 Y159.65 V0.024 U0.702 P0.034 F600
G1 X126.99 Y159.99 V0.024 U0.702 P0.034 F600
G1 X127.64 Y160.29 V0.024 U0.702 P0.034 F600
G1 X128.31 Y160.55 V0.024 U0.702 P0.034 F600
G1 X129.00 Y160.77 V0.024 U0.709 P0.034 F600
G1 X129.70 Y160.94 V0.024 U0.705 P0.034 F600
G1 X130.32 Y161.06 V0.021 U0.618 P0.034 F600
G1 X130.49 Y161.09 V0.006 U0.169 P0.034 F600
G1 X130.66 Y161.11 V0.006 U0.169 P0.034 F600
G1 X130.78 Y161.17 V0.005 U0.134 P0.034 F600
G1 X130.83 Y161.30 V0.005 U0.134 P0.034 F600
G1 X130.83 Y162.78 V0.049 U1.444 P0.034 F600
G1 X130.68 Y162.76 V0.005 U0.147 P0.034 F600
G1 X130.53 Y162.75 V0.005 U0.147 P0.034 F600
G1 X130.38 Y162.72 V0.005 U0.147 P0.034 F600
G1 X129.72 Y162.61 V0.022 U0.661 P0.034 F600
G1 X129.03 Y162.46 V0.023 U0.689 P0.034 F600
G1 X128.35 Y162.28 V0.023 U0.689 P0.034 F600
G1 X128.26 Y162.25 V0.003 U0.094 P0.034 F600
G1 X127.60 Y162.04 V0.023 U0.677 P0.034 F600
G1 X126.96 Y161.78 V0.023 U0.677 P0.034 F600
G1 X126.93 Y161.77 V0.001 U0.031 P0.034 F600
G1 X126.31 Y161.48 V0.023 U0.670 P0.034 F600
G1 X125.71 Y161.15 V0.023 U0.670 P0.034 F600
G1 X125.57 Y161.07 V0.005 U0.160 P0.034 F600
G1 X124.93 Y160.68 V0.025 U0.733 P0.034 F600
G1 X124.32 Y160.25 V0.025 U0.733 P0.034 F600
G1 X124.24 Y160.19 V0.003 U0.101 P0.034 F600
G1 X123.69 Y159.75 V0.023 U0.684 P0.034 F600
G1 X123.18 Y159.28 V0.023 U0.684 P0.034 F600
G1 X123.13 Y159.24 V0.002 U0.065 P0.034 F600
G1 X122.64 Y158.75 V0.023 U0.673 P0.034 F600
G1 X122.19 Y158.23 V0.023 U0.673 P0.034 F600
G1 X122.15 Y158.19 V0.002 U0.061 P0.034 F600
G1 X121.72 Y157.64 V0.023 U0.683 P0.034 F600
G1 X121.32 Y157.06 V0.023 U0.683 P0.034 F600
G1 X121.26 Y156.97 V0.004 U0.107 P0.034 F600
G1 X120.88 Y156.33 V0.025 U0.733 P0.034 F600
G1 X120.53 Y155.67 V0.025 U0.733 P0.034 F600
G1 X120.46 Y155.53 V0.005 U0.153 P0.034 F600
G1 X120.30 Y155.18 V0.013 U0.375 P0.034 F600
; Start to cut
M2800
M400
;CUT DISTANCE 54.8
G1 X120.18 Y154.91 V0.007 F600
G1 X119.93 Y154.27 V0.016 F600
G1 X119.92 Y154.23 V0.001 F600
G1 X119.71 Y153.58 V0.017 F600
G1 X119.54 Y152.91 V0.017 F600
G1 X119.52 Y152.82 V0.002 F600
G1 X119.38 Y152.13 V0.017 F600
G1 X119.28 Y151.43 V0.017 F600
G1 X119.27 Y151.32 V0.003 F600
G1 X119.22 Y150.62 V0.017 F600
G1 X119.21 Y149.91 V0.017 F600
G1 X119.21 Y149.81 V0.002 F600
G1 X119.24 Y149.12 V0.017 F600
G1 X119.30 Y148.43 V0.017 F600
G1 X119.31 Y148.37 V0.001 F600
G1 X119.42 Y147.68 V0.017 F600
G1 X119.57 Y147.00 V0.017 F600
G1 X119.60 Y146.87 V0.003 F600
G1 X119.80 Y146.17 V0.017 F600
G1 X120.03 Y145.50 V0.017 F600
G1 X120.06 Y145.42 V0.002 F600
G1 X120.33 Y144.77 V0.017 F600
G1 X120.64 Y144.14 V0.017 F600
G1 X120.68 Y144.06 V0.002 F600
G1 X121.02 Y143.44 V0.017 F600
G1 X121.40 Y142.85 V0.017 F600
G1 X121.45 Y142.78 V0.002 F600
G1 X121.86 Y142.21 V0.017 F600
G1 X122.31 Y141.67 V0.017 F600
G1 X122.37 Y141.59 V0.002 F600
G1 X122.85 Y141.07 V0.017 F600
G1 X123.36 Y140.58 V0.017 F600
G1 X123.43 Y140.52 V0.002 F600
G1 X123.96 Y140.06 V0.017 F600
G1 X124.52 Y139.64 V0.017 F600
G1 X124.60 Y139.58 V0.002 F600
G1 X125.18 Y139.19 V0.017 F600
G1 X125.79 Y138.83 V0.017 F600
M73 P20 R10
G1 X125.87 Y138.79 V0.002 F600
G1 X126.50 Y138.47 V0.017 F600
G1 X127.14 Y138.18 V0.017 F600
G1 X127.23 Y138.15 V0.002 F600
G1 X127.89 Y137.90 V0.017 F600
G1 X128.56 Y137.69 V0.017 F600
G1 X128.65 Y137.67 V0.002 F600
G1 X129.33 Y137.50 V0.017 F600
G1 X130.03 Y137.38 V0.017 F600
G1 X130.10 Y137.37 V0.002 F600
G1 X130.82 Y137.28 V0.017 F600
G1 X131.54 Y137.23 V0.017 F600
G1 X131.69 Y137.23 V0.004 F600
G1 X132.38 Y137.23 V0.017 F600
G1 X133.08 Y137.27 V0.017 F600
G1 X133.13 Y137.27 V0.001 F600
G1 X133.81 Y137.35 V0.016 F600
G1 X134.49 Y137.47 V0.016 F600
G1 X134.56 Y137.48 V0.002 F600
G1 X135.25 Y137.64 V0.017 F600
G1 X135.92 Y137.84 V0.017 F600
G1 X136.04 Y137.88 V0.003 F600
G1 X136.71 Y138.12 V0.017 F600
G1 X137.36 Y138.40 V0.017 F600
G1 X137.40 Y138.42 V0.001 F600
G1 X138.06 Y138.75 V0.018 F600
G1 X138.71 Y139.13 V0.018 F600
G1 X138.87 Y139.23 V0.005 F600
G1 X139.42 Y139.60 V0.016 F600
G1 X139.95 Y140.00 V0.016 F600
G1 X140.56 Y140.48 V0.019 F600
G1 X155.50 Y153.82 V0.481 F600
; Cutting completed.
G1 F600 V-1.000 ; Retract
; FS_RELEASE_BEGIN length_mm=6.800 speed_mm_s=10.000
G1 X160.576 Y158.344 F600
; FS_RELEASE_END physical_clearance=unmeasured
M1002
M400
G1 F600 V-4.000 ; Toolchange matrix retract
G1 F1200 Z1.32
MOVE_TO_BRUSH_STATION
CLEAN_NOZZLE
M104 S180 T0 ; standby
M104 S250 T1 ; pre-charge
M109 S250 T1
MOVE_OUT_BRUSH_STATION
M106 P2 S0 ; fibre-side cooling, fan4, owned by T0 (idle)
M106 P1 S0 ; part-cooling, fan3, owned by T1 (depositing)
M106 P3 S0 ; auxiliary fan off while T1 deposits
M106 P5 S0 ; exhaust fan off while T1 deposits
T1 ; switch extruder type to:PLASTIC
; FIBER TURNS: 65 joints tighter than 12.00 mm, policy=keep, splits=0
M106 S181
;LAYER_CHANGE
;Z:0.84
;HEIGHT:0.12
;_SET_FAN_SPEED_CHANGING_LAYER
; printing object s+hook+20mm id:0 copy 0
M104 S270 T0 ; FS_PREHEAT next_tool=0 lead_s=15
G1 X121.341 Y149.611 Z.84 F9000
G1 Z.84 F9000
G1 E10 F1500
;TYPE:Inner wall
;WIDTH:0.419999
G1 F7200
G1 X121.371 Y150.536 E.0182
G1 X121.393 Y151.077 E.01065
G1 X121.623 Y152.455 E.02748
G1 X121.762 Y152.947 E.01006
G1 X122.16 Y154.09 E.02381
G1 X122.618 Y155.083 E.02151
G1 X123.414 Y156.34 E.02926
G1 X124.332 Y157.426 E.02797
G1 X125.357 Y158.354 E.0272
G1 X126.147 Y158.902 E.01891
G1 X126.747 Y159.292 E.01408
G1 X127.858 Y159.84 E.02437
G1 X129.044 Y160.259 E.02474
G1 X130.581 Y160.584 E.0309
G1 X131.149 Y160.637 E.01122
G1 X131.35 Y160.851 E.00577
G1 X131.352 Y163.035 E.04296
G1 X131.31 Y163.194 E.00323
G1 X131.141 Y163.327 E.00423
G1 X130.467 Y163.268 E.01331
G1 X128.873 Y162.984 E.03185
G1 X127.417 Y162.544 E.02992
M73 P20 R9
G1 X125.992 Y161.927 E.03054
G1 X124.632 Y161.137 E.03094
G1 X123.742 Y160.468 E.0219
G1 X123.227 Y160.062 E.0129
G1 X122.203 Y159.065 E.02811
G1 X121.294 Y157.981 E.02783
G1 X120.411 Y156.611 E.03206
G1 X119.664 Y155.107 E.03303
G1 X119.188 Y153.727 E.02871
G1 X118.852 Y152.261 E.02958
G1 X118.677 Y150.644 E.03199
G1 X118.706 Y148.986 E.03262
G1 X118.878 Y147.602 E.02743
G1 X119.278 Y146.013 E.03223
G1 X119.802 Y144.633 E.02903
G1 X119.97 Y144.284 E.00762
G1 X120.552 Y143.172 E.02469
G1 X121.413 Y141.905 E.03013
G1 X122.465 Y140.692 E.03158
G1 X123.622 Y139.64 E.03076
G1 X124.894 Y138.73 E.03076
G1 X126.264 Y137.976 E.03076
G1 X127.432 Y137.502 E.02479
G1 X128.06 Y137.282 E.01309
G1 X129.219 Y136.973 E.02359
G1 X130.689 Y136.749 E.02925
G1 X132.421 Y136.681 E.03409
G1 X133.888 Y136.814 E.02897
G1 X135.277 Y137.09 E.02785
G1 X136.909 Y137.616 E.03373
G1 X138.392 Y138.317 E.03226
G1 X139.656 Y139.096 E.0292
G1 X140.896 Y140.079 E.03112
G1 X160.916 Y157.949 E.52783
G1 X162.017 Y158.807 E.02745
G1 X163.284 Y159.542 E.02881
G1 X164.588 Y160.081 E.02775
G1 X165.965 Y160.446 E.02802
G1 X167.023 Y160.592 E.02101
G1 X167.688 Y160.622 E.01309
G1 X168.762 Y160.617 E.02112
G1 X170.169 Y160.421 E.02794
G1 X171.538 Y160.04 E.02795
G1 X172.845 Y159.48 E.02797
G1 X173.831 Y158.891 E.02259
G1 X174.281 Y158.591 E.01064
G1 X175.204 Y157.839 E.02342
G1 X176.16 Y156.84 E.0272
G1 X176.978 Y155.729 E.02714
G1 X177.696 Y154.412 E.0295
G1 X178.19 Y153.122 E.02717
G1 X178.536 Y151.655 E.02965
G1 X178.655 Y150.287 E.02701
G1 X178.629 Y149.469 E.0161
G1 X178.607 Y148.923 E.01075
G1 X178.365 Y147.489 E.0286
G1 X177.934 Y146.115 E.02832
G1 X177.722 Y145.65 E.01005
G1 X177.329 Y144.824 E.01799
G1 X176.586 Y143.66 E.02716
G1 X175.668 Y142.573 E.02798
G1 X174.583 Y141.598 E.02869
G1 X173.414 Y140.799 E.02785
G1 X172.14 Y140.159 E.02804
G1 X170.873 Y139.717 E.02639
G1 X169.419 Y139.416 E.02921
G1 X168.851 Y139.363 E.01122
G1 X168.65 Y139.149 E.00577
G1 X168.648 Y136.966 E.04294
G1 X168.691 Y136.807 E.00324
G1 X168.86 Y136.673 E.00424
G1 X169.53 Y136.731 E.01323
G1 X171.083 Y137.005 E.03102
G1 X172.86 Y137.565 E.03665
G1 X174.014 Y138.077 E.02483
G1 X175.298 Y138.818 E.02916
G1 X176.335 Y139.591 E.02544
G1 X176.773 Y139.938 E.01099
G1 X177.797 Y140.935 E.02811
G1 X178.706 Y142.019 E.02783
G1 X179.632 Y143.455 E.03361
G1 X180.291 Y144.802 E.0295
G1 X180.811 Y146.266 E.03056
G1 X181.158 Y147.8 E.03093
G1 X181.323 Y149.432 E.03226
G1 X181.306 Y150.914 E.02915
G1 X181.104 Y152.469 E.03084
G1 X180.696 Y154.07 E.0325
G1 X180.196 Y155.37 E.0274
G1 X179.448 Y156.828 E.03223
G1 X178.587 Y158.095 E.03013
G1 X177.383 Y159.459 E.03579
G1 X176.379 Y160.36 E.02653
G1 X175.247 Y161.178 E.02747
G1 X173.64 Y162.069 E.03614
G1 X172.557 Y162.504 E.02296
G1 X171.94 Y162.718 E.01285
G1 X170.781 Y163.027 E.02359
G1 X169.253 Y163.261 E.0304
G1 X167.667 Y163.316 E.03121
G1 X166.118 Y163.187 E.03057
G1 X164.58 Y162.874 E.03087
G1 X162.974 Y162.336 E.03331
G1 X161.989 Y161.873 E.02141
G1 X161.344 Y161.532 E.01435
G1 X160.288 Y160.86 E.02462
G1 X159.104 Y159.921 E.02972
G1 X139.084 Y142.051 E.52783
G1 X137.979 Y141.19 E.02755
G1 X136.752 Y140.473 E.02795
G1 X135.403 Y139.916 E.02871
G1 X134.589 Y139.698 E.01657
G1 X133.757 Y139.509 E.01678
G1 X132.693 Y139.381 E.02108
G1 X131.257 Y139.382 E.02824
G1 X129.831 Y139.579 E.02831
G1 X128.462 Y139.96 E.02795
G1 X127.181 Y140.507 E.0274
G1 X126.302 Y141.03 E.02012
G1 X125.719 Y141.409 E.01368
G1 X124.796 Y142.161 E.02342
G1 X123.84 Y143.16 E.0272
G1 X123.023 Y144.27 E.02711
G1 X122.778 Y144.691 E.00958
G1 X122.304 Y145.588 E.01995
G1 X121.81 Y146.878 E.02717
G1 X121.484 Y148.259 E.02791
G1 X121.342 Y149.571 E.02596
M73 P21 R9
G1 X121.748 Y149.601 F9000
;TYPE:Outer wall
G1 F6000
G1 X121.795 Y151.01 E.02773
G1 X122.024 Y152.389 E.0275
G1 X122.15 Y152.823 E.00889
G1 X122.53 Y153.919 E.02282
G1 X122.976 Y154.888 E.02098
G1 X123.743 Y156.098 E.02818
G1 X124.625 Y157.142 E.02688
G1 X125.589 Y158.019 E.02563
G1 X126.379 Y158.568 E.01892
G1 X126.947 Y158.937 E.01332
G1 X127.994 Y159.456 E.02298
G1 X129.18 Y159.875 E.02474
G1 X130.619 Y160.178 E.02892
G1 X131.188 Y160.232 E.01124
G1 X131.429 Y160.309 E.00498
G1 X131.697 Y160.631 E.00824
G1 X131.757 Y160.773 E.00303
G1 X131.75 Y163.219 E.04811
G1 X131.572 Y163.533 E.0071
G1 X131.357 Y163.672 E.00504
G1 X131.16 Y163.737 E.00408
G1 X130.413 Y163.672 E.01475
G1 X128.779 Y163.381 E.03264
G1 X127.278 Y162.928 E.03084
G1 X125.803 Y162.288 E.03163
G1 X124.407 Y161.476 E.03177
G1 X122.975 Y160.384 E.03542
G1 X122.253 Y159.689 E.01971
G1 X121.892 Y159.326 E.01007
G1 X120.966 Y158.224 E.02831
G1 X120.069 Y156.831 E.03259
G1 X119.287 Y155.263 E.03446
G1 X118.796 Y153.839 E.02963
G1 X118.45 Y152.329 E.03047
G1 X118.269 Y150.663 E.03296
G1 X118.302 Y148.936 E.03397
G1 X118.477 Y147.527 E.02793
G1 X118.889 Y145.89 E.0332
G1 X119.422 Y144.489 E.02948
G1 X119.608 Y144.099 E.0085
G1 X120.206 Y142.958 E.02534
G1 X121.09 Y141.657 E.03094
G1 X122.173 Y140.407 E.03253
G1 X123.366 Y139.322 E.03172
G1 X124.677 Y138.385 E.0317
G1 X126.089 Y137.608 E.0317
G1 X127.279 Y137.124 E.02527
G1 X127.949 Y136.89 E.01396
G1 X129.135 Y136.574 E.02414
G1 X130.73 Y136.331 E.03173
G1 X132.432 Y136.273 E.0335
G1 X133.947 Y136.411 E.02992
G1 X135.379 Y136.695 E.02871
G1 X137.058 Y137.237 E.0347
G1 X138.519 Y137.916 E.03169
G1 X139.971 Y138.826 E.0337
G1 X141.158 Y139.767 E.02979
G1 X161.177 Y157.636 E.5278
G1 X162.248 Y158.471 E.02671
G1 X163.441 Y159.166 E.02716
G1 X164.694 Y159.688 E.0267
G1 X165.385 Y159.873 E.01407
G1 X166.021 Y160.043 E.01295
G1 X167.062 Y160.187 E.02067
G1 X167.686 Y160.215 E.01229
G1 X168.733 Y160.21 E.02059
G1 X170.086 Y160.022 E.02687
G1 X171.403 Y159.655 E.02689
G1 X172.659 Y159.117 E.02688
G1 X173.622 Y158.542 E.02206
G1 X174.04 Y158.263 E.00988
G1 X174.911 Y157.557 E.02205
G1 X175.832 Y156.599 E.02614
G1 X176.65 Y155.488 E.02714
G1 X177.315 Y154.266 E.02736
G1 X177.8 Y153.001 E.02665
G1 X178.133 Y151.593 E.02846
G1 X178.249 Y150.3 E.02553
G1 X178.205 Y148.99 E.02578
G1 X177.972 Y147.594 E.02784
G1 X177.563 Y146.283 E.02701
G1 X176.986 Y145.043 E.0269
G1 X176.257 Y143.902 E.02663
G1 X175.375 Y142.857 E.0269
G1 X174.352 Y141.933 E.02711
G1 X173.227 Y141.161 E.02684
G1 X172.005 Y140.543 E.02693
G1 X170.739 Y140.101 E.02638
G1 X169.381 Y139.822 E.02727
G1 X168.812 Y139.768 E.01124
G1 X168.571 Y139.69 E.00498
G1 X168.303 Y139.369 E.00822
G1 X168.243 Y139.227 E.00303
G1 X168.247 Y136.787 E.04799
G1 X168.429 Y136.467 E.00724
G1 X168.711 Y136.284 E.00661
G1 X168.99 Y136.275 E.00549
G1 X169.586 Y136.328 E.01177
G1 X171.177 Y136.608 E.03177
G1 X173.018 Y137.19 E.03798
G1 X174.199 Y137.713 E.02541
G1 X175.522 Y138.477 E.03005
G1 X176.579 Y139.265 E.02593
G1 X177.025 Y139.616 E.01116
G1 X178.108 Y140.674 E.02978
G1 X179.034 Y141.777 E.02833
G1 X179.987 Y143.255 E.03459
G1 X180.667 Y144.643 E.0304
G1 X181.204 Y146.159 E.03163
G1 X181.561 Y147.734 E.03176
G1 X181.73 Y149.434 E.0336
G1 X181.712 Y150.946 E.02974
G1 X181.505 Y152.546 E.03173
G1 X181.084 Y154.193 E.03344
G1 X180.576 Y155.516 E.02787
G1 X180.385 Y155.916 E.00872
G1 X179.794 Y157.042 E.02501
G1 X178.91 Y158.343 E.03094
G1 X177.662 Y159.756 E.03708
G1 X176.635 Y160.677 E.02713
G1 X175.467 Y161.521 E.02834
G1 X173.813 Y162.438 E.0372
G1 X172.709 Y162.882 E.0234
G1 X172.051 Y163.11 E.0137
G1 X170.865 Y163.426 E.02414
G1 X169.291 Y163.667 E.03132
G1 X167.659 Y163.724 E.03212
G1 X166.056 Y163.59 E.03164
G1 X164.474 Y163.268 E.03175
G1 X162.822 Y162.715 E.03427
G1 X161.816 Y162.241 E.02187
G1 X161.133 Y161.88 E.0152
G1 X160.035 Y161.179 E.02562
G1 X158.842 Y160.233 E.02995
G1 X138.823 Y142.364 E.5278
G1 X137.751 Y141.528 E.02674
G1 X136.57 Y140.839 E.02689
G1 X135.297 Y140.309 E.02712
G1 X134.483 Y140.091 E.01657
G1 X133.708 Y139.913 E.01564
G1 X132.644 Y139.785 E.02108
G1 X131.286 Y139.789 E.02671
G1 X129.914 Y139.978 E.02724
G1 X128.597 Y140.345 E.02689
G1 X127.366 Y140.871 E.02633
G1 X126.51 Y141.38 E.01959
G1 X125.96 Y141.737 E.0129
G1 X125.089 Y142.443 E.02205
G1 X124.168 Y143.401 E.02614
G1 X123.351 Y144.512 E.02712
G1 X122.685 Y145.734 E.02737
G1 X122.2 Y146.999 E.02665
G1 X121.886 Y148.328 E.02686
G1 X121.752 Y149.561 E.02439
G1 E-1 F1200
G1 X120.457 Y156.053 F9000
G1 E1 F1500
;TYPE:Sparse infill
;WIDTH:0.42
G1 F7200
G1 X120.626 Y156.399 E.00759
G1 X121.271 Y157.401 E.02343
G1 X124.653 Y160.783 E.09408
G1 X124.796 Y160.89 E.0035
G1 X126.128 Y161.664 E.0303
G1 X127.518 Y162.266 E.02981
G1 X128.942 Y162.696 E.02926
G1 X130.506 Y162.975 E.03123
G1 X131.057 Y163.023 E.01088
G1 X131.055 Y161.163 E.03659
G1 X130.79 Y160.898 E.00736
G1 X130.459 Y160.864 E.00655
G1 X128.986 Y160.552 E.02961
G1 X127.708 Y160.099 E.02666
G1 X126.421 Y159.448 E.02839
G1 X125.101 Y158.528 E.03164
G1 X124.139 Y157.65 E.02561
G1 X123.149 Y156.474 E.03024
G1 X122.335 Y155.177 E.03012
G1 X121.767 Y153.933 E.02689
G1 X121.418 Y152.843 E.02252
G1 X121.341 Y152.555 E.00587
G1 X121.126 Y151.234 E.02633
G1 X118.99 Y149.098 E.0594
G1 X119.158 Y147.744 E.02684
G1 X119.56 Y146.101 E.03326
G1 X120.105 Y144.669 E.03014
G1 X120.269 Y144.355 E.00697
G1 X121.855 Y145.942 E.04413
G1 X122.065 Y145.399 E.01145
G1 X122.738 Y144.164 E.02766
G1 X123.673 Y142.899 E.03095
G1 X124.244 Y142.309 E.01614
G1 X122.759 Y140.824 E.04131
G1 X123.808 Y139.87 E.02788
G1 X125.052 Y138.981 E.03008
G1 X126.268 Y138.311 E.02731
G1 X127.855 Y139.898 E.04413
G1 X128.329 Y139.695 E.01014
G1 X129.744 Y139.296 E.02892
G1 X131.289 Y139.086 E.03068
G1 X132.699 Y139.084 E.02774
G1 X133.112 Y139.134 E.00818
G1 X131.003 Y137.025 E.05866
G1 X132.338 Y136.98 E.02627
G1 X133.846 Y137.107 E.02977
G1 X135.203 Y137.377 E.0272
G1 X136.801 Y137.892 E.03303
G1 X138.185 Y138.536 E.03002
G1 X139.101 Y139.101 E.02118
G1 X160.912 Y160.912 E.60668
G1 X161.807 Y161.46 E.02066
G1 X163.084 Y162.061 E.02776
G1 X164.657 Y162.588 E.03262
G1 X166.163 Y162.894 E.03023
G1 X167.673 Y163.02 E.0298
G1 X168.996 Y162.974 E.02603
G1 X166.894 Y160.872 E.05846
G1 X167.378 Y160.919 E.00957
G1 X168.836 Y160.905 E.02867
G1 X170.256 Y160.704 E.02822
G1 X171.669 Y160.306 E.02887
G1 X172.144 Y160.101 E.01017
G1 X173.728 Y161.685 E.04407
G1 X175.087 Y160.929 E.03058
G1 X176.193 Y160.13 E.02684
G1 X177.242 Y159.178 E.02787
G1 X175.756 Y157.691 E.04135
G1 X176.326 Y157.101 E.01614
G1 X177.237 Y155.875 E.03003
G1 X177.935 Y154.601 E.02858
G1 X178.142 Y154.056 E.01147
G1 X179.731 Y155.645 E.04419
G1 X179.895 Y155.329 E.007
G1 X180.414 Y153.98 E.02843
G1 X180.813 Y152.414 E.03179
G1 X181.009 Y150.902 E.02999
G1 X178.88 Y148.772 E.05923
G1 X178.659 Y147.446 E.02644
G1 X178.582 Y147.157 E.0059
G1 X178.229 Y146.055 E.02276
G1 X177.625 Y144.748 E.02831
G1 X176.792 Y143.446 E.03041
G1 X175.86 Y142.349 E.0283
G1 X174.838 Y141.423 E.02713
G1 X173.587 Y140.557 E.02994
G1 X172.303 Y139.905 E.02832
G1 X170.931 Y139.425 E.02859
G1 X169.537 Y139.135 E.028
G1 X169.209 Y139.102 E.00648
G1 X168.945 Y138.837 E.00735
G1 X168.943 Y136.977 E.0366
G1 X169.491 Y137.025 E.01081
G1 X171.014 Y137.293 E.03043
G1 X172.493 Y137.737 E.03036
G1 X173.88 Y138.341 E.02976
G1 X175.135 Y139.065 E.02851
G1 X175.369 Y139.24 E.00573
G1 X178.729 Y142.599 E.09345
G1 X179.374 Y143.601 E.02343
G1 X179.543 Y143.947 E.00759
; stop printing object s+hook+20mm id:0 copy 0
M106 S51
;LAYER_CHANGE
;Z:0.96
;HEIGHT:0.12
;_SET_FAN_SPEED_CHANGING_LAYER
; printing object s+hook+20mm id:0 copy 0
G1 E-1 F1200
G1 X131.365 Y162.768 Z.96 F9000
G1 E1 F1500
;TYPE:Inner wall
;WIDTH:0.419999
G1 F7200
G1 X131.351 Y163.133 E.00718
G1 X131.229 Y163.27 E.00361
G1 X131.024 Y163.344 E.00429
G1 X130.721 Y163.316 E.00599
G1 E-1 F1200
G1 X169.279 Y136.684 F9000
G1 E1 F1500
G1 F7200
G1 X168.976 Y136.656 E.00599
G1 X168.78 Y136.724 E.00408
G1 X168.644 Y136.878 E.00404
G1 X168.633 Y137.241 E.00714
G1 E-1 F1200
G1 X168.429 Y136.467 F9000
G1 E1 F1500
;TYPE:Outer wall
G1 F6000
G1 X168.71 Y136.285 E.00659
G1 X168.964 Y136.246 E.00505
G1 X169.589 Y136.304 E.01235
M73 P22 R9
G1 X171.26 Y136.604 E.03339
G1 X172.732 Y137.051 E.03026
G1 X173.251 Y137.257 E.01098
G1 X174.209 Y137.692 E.02069
G1 X175.483 Y138.423 E.02889
G1 X176.59 Y139.245 E.02712
G1 X177.15 Y139.694 E.01412
G1 X178.121 Y140.65 E.0268
G1 X179.017 Y141.706 E.02724
G1 X180.032 Y143.286 E.03694
G1 X180.689 Y144.634 E.0295
G1 X181.046 Y145.591 E.02009
G1 X181.227 Y146.152 E.01159
G1 X181.584 Y147.73 E.03182
G1 X181.755 Y149.425 E.03351
G1 X181.761 Y150.131 E.01389
G1 X181.736 Y150.949 E.0161
G1 X181.607 Y152.038 E.02157
G1 X181.529 Y152.546 E.01011
G1 X181.087 Y154.262 E.03485
G1 X180.56 Y155.627 E.02878
G1 X180.086 Y156.573 E.02081
G1 X179.815 Y157.055 E.01088
G1 X178.884 Y158.409 E.03232
G1 X178.373 Y159.002 E.0154
G1 X177.553 Y159.897 E.02388
G1 X176.65 Y160.696 E.02372
G1 X175.585 Y161.473 E.02593
G1 X174.97 Y161.836 E.01405
G1 X173.921 Y162.413 E.02355
G1 X172.423 Y163.022 E.03181
G1 X171.783 Y163.216 E.01315
G1 X170.871 Y163.449 E.01851
G1 X169.273 Y163.693 E.0318
G1 X167.727 Y163.745 E.03043
G1 X167.214 Y163.727 E.0101
G1 X166.05 Y163.613 E.023
G1 X164.472 Y163.292 E.03167
G1 X163.441 Y162.953 E.02135
G1 X162.85 Y162.749 E.0123
G1 X161.406 Y162.068 E.0314
G1 X160.826 Y161.727 E.01323
G1 X160.029 Y161.204 E.01875
G1 X158.826 Y160.251 E.03019
G1 X138.807 Y142.382 E.5278
G1 X137.739 Y141.549 E.02664
G1 X136.857 Y141.021 E.02022
G1 X136.227 Y140.721 E.01372
G1 X135.29 Y140.332 E.01996
G1 X133.973 Y139.981 E.02681
G1 X132.831 Y139.833 E.02265
G1 X132.322 Y139.808 E.01002
G1 X131.302 Y139.812 E.02006
G1 X129.92 Y140.002 E.02744
G1 X128.594 Y140.372 E.02708
G1 X127.396 Y140.882 E.02561
G1 X126.182 Y141.603 E.02777
G1 X125.106 Y142.461 E.02707
G1 X124.204 Y143.395 E.02554
G1 X123.357 Y144.545 E.02809
G1 X122.706 Y145.743 E.02682
G1 X122.248 Y146.927 E.02497
G1 X121.91 Y148.33 E.02839
G1 X121.817 Y149.1 E.01526
G1 X121.775 Y149.701 E.01185
G1 X121.815 Y150.966 E.02489
G1 X122.048 Y152.383 E.02825
G1 X122.186 Y152.835 E.0093
G1 X122.554 Y153.915 E.02244
G1 X123.016 Y154.899 E.02138
G1 X123.762 Y156.083 E.02753
G1 X124.642 Y157.126 E.02684
G1 X125.56 Y157.966 E.02447
G1 X126.775 Y158.813 E.02913
G1 X127.994 Y159.431 E.02688
G1 X129.292 Y159.883 E.02703
G1 X130.373 Y160.104 E.0217
G1 X131.018 Y160.195 E.01281
G1 X131.431 Y160.312 E.00844
G1 X131.739 Y160.682 E.00947
G1 X131.781 Y160.893 E.00423
G1 X131.783 Y162.975 E.04095
G1 X131.733 Y163.295 E.00637
G1 X131.572 Y163.533 E.00565
G1 X131.29 Y163.715 E.0066
G1 X131.036 Y163.754 E.00505
G1 X130.411 Y163.696 E.01235
G1 X128.74 Y163.396 E.03339
G1 X127.269 Y162.95 E.03023
G1 X126.36 Y162.574 E.01935
G1 X125.792 Y162.309 E.01233
G1 X124.394 Y161.496 E.03181
G1 X123.287 Y160.665 E.02723
G1 X122.816 Y160.273 E.01205
G1 X121.879 Y159.35 E.02587
G1 X120.983 Y158.294 E.02724
G1 X119.968 Y156.714 E.03694
G1 X119.31 Y155.365 E.02952
G1 X119.095 Y154.809 E.01173
G1 X118.773 Y153.846 E.01997
G1 X118.434 Y152.379 E.02961
G1 X118.303 Y151.187 E.02359
G1 X118.235 Y150.293 E.01763
G1 X118.253 Y149.514 E.01533
G1 X118.309 Y148.672 E.0166
G1 X118.471 Y147.453 E.02419
G1 X118.866 Y145.883 E.03184
G1 X119.441 Y144.372 E.0318
G1 X119.914 Y143.427 E.02079
G1 X120.185 Y142.945 E.01088
G1 X121.052 Y141.667 E.03038
G1 X121.626 Y141.003 E.01726
G1 X122.447 Y140.103 E.02396
G1 X123.35 Y139.304 E.02372
G1 X124.66 Y138.367 E.03168
G1 X126.244 Y137.509 E.03543
G1 X127.576 Y136.978 E.0282
G1 X128.217 Y136.784 E.01317
G1 X129.129 Y136.551 E.01851
G1 X130.727 Y136.307 E.0318
G1 X132.343 Y136.252 E.0318
G1 X133.209 Y136.308 E.01707
G1 X133.949 Y136.387 E.01464
G1 X134.79 Y136.55 E.01685
G1 X135.528 Y136.708 E.01484
G1 X137.068 Y137.215 E.03189
G1 X138.166 Y137.721 E.02378
G1 X138.741 Y138.018 E.01273
G1 X139.174 Y138.273 E.00988
G1 X139.971 Y138.796 E.01875
G1 X141.174 Y139.749 E.03019
G1 X161.193 Y157.618 E.5278
G1 X162.262 Y158.452 E.02667
G1 X163.199 Y158.999 E.02134
G1 X163.774 Y159.28 E.01259
G1 X164.695 Y159.663 E.01962
G1 X166.024 Y160.019 E.02706
G1 X166.845 Y160.142 E.01633
G1 X167.658 Y160.191 E.01602
G1 X168.731 Y160.186 E.02111
G1 X170.081 Y159.998 E.02681
G1 X171.407 Y159.628 E.02708
G1 X172.648 Y159.095 E.02657
G1 X173.828 Y158.389 E.02705
G1 X174.894 Y157.539 E.02682
G1 X175.796 Y156.605 E.02554
G1 X176.765 Y155.24 E.03293
G1 X177.029 Y154.78 E.01043
G1 X177.294 Y154.256 E.01155
G1 X177.777 Y152.994 E.02658
G1 X178.09 Y151.668 E.0268
G1 X178.225 Y150.309 E.02686
G1 X178.185 Y149.034 E.02509
G1 X177.947 Y147.593 E.02873
G1 X177.67 Y146.701 E.01837
G1 X177.44 Y146.07 E.01321
G1 X176.965 Y145.055 E.02204
G1 X176.238 Y143.916 E.02658
G1 X175.358 Y142.874 E.02683
G1 X174.337 Y141.952 E.02706
G1 X173.226 Y141.187 E.02653
G1 X172.59 Y140.848 E.01418
G1 X172.015 Y140.573 E.01254
G1 X170.709 Y140.118 E.0272
G1 X169.627 Y139.896 E.02173
G1 X168.982 Y139.805 E.01281
G1 X168.568 Y139.687 E.00847
G1 X168.261 Y139.318 E.00944
G1 X168.219 Y139.107 E.00423
G1 X168.217 Y137.025 E.04095
G1 X168.261 Y136.719 E.00608
G1 X168.407 Y136.5 E.00518
G1 E-1 F1200
G1 X179.611 Y149.503 F9000
G1 E1 F1500
;TYPE:Sparse infill
;WIDTH:0.42
G1 F7200
G1 X180.343 Y150.235 E.02035
G1 E-1 F1200
G1 X154.442 Y154.442 F9000
G1 E1 F1500
G1 F7200
G1 X145.558 Y145.558 E.24714
G1 E-1 F1200
G1 X120.389 Y150.496 F9000
G1 E1 F1500
G1 F7200
G1 X119.662 Y149.769 E.02022
; stop printing object s+hook+20mm id:0 copy 0
; FIBER RESERVE: mode=band strands=1 removed=2
M400
G1 E-10 F1200
MOVE_TO_BRUSH_STATION
CLEAN_NOZZLE
M104 S150 T1 ; standby
M104 S270 T0 ; pre-charge
M109 S270 T0
MOVE_OUT_BRUSH_STATION
M106 P2 S181 ; fibre-side cooling, fan4, owned by T0 (depositing)
M106 P1 S0 ; part-cooling, fan3, owned by T1 (idle)
M106 P3 S255 ; auxiliary fan on while T0 deposits
M106 P5 S255 ; exhaust fan on while T0 deposits
T0 ; switch extruder type to:FIBER
; LAYER:7 [0.96]
M1001 L234
G1 F1200 Z2.16
G1 X144.47 Y146.22 F1200
G1 F1200 U55.000 ; Extrude restart
G1 F1200 Z0.96
G1 F600 V1.000 ; Recover matrix retract
G1 F600 V3.000 ; Matrix prime
G1 X139.39 Y141.69 V0.227 U6.674 P0.034 F300
G1 X138.70 Y141.15 V0.029 U0.859 P0.034 F300
G1 X138.24 Y140.82 V0.019 U0.551 P0.034 F300
G1 X137.77 Y140.51 V0.019 U0.551 P0.034 F300
M73 P23 R9
G1 X137.61 Y140.42 V0.006 U0.178 P0.034 F300
G1 X137.28 Y140.23 V0.013 U0.374 P0.034 F300
G1 X136.94 Y140.06 V0.013 U0.374 P0.034 F300
G1 X136.59 Y139.89 V0.013 U0.374 P0.034 F300
G1 X136.09 Y139.68 V0.018 U0.538 P0.034 F300
G1 X135.58 Y139.49 V0.018 U0.537 P0.034 F300
G1 X135.05 Y139.33 V0.018 U0.537 P0.034 F300
G1 X134.75 Y139.25 V0.010 U0.304 P0.034 F300
G1 X134.14 Y139.11 V0.021 U0.610 P0.034 F300
G1 X133.53 Y139.01 V0.021 U0.610 P0.034 F300
G1 X132.91 Y138.93 V0.021 U0.611 P0.034 F300
G1 X132.34 Y138.90 V0.019 U0.558 P0.034 F300
G1 X131.79 Y138.91 V0.018 U0.541 P0.034 F300
G1 X131.24 Y138.93 V0.018 U0.540 P0.034 F600
G1 X130.69 Y138.98 V0.018 U0.540 P0.034 F600
G1 X130.48 Y139.01 V0.007 U0.212 P0.034 F600
G1 X129.74 Y139.14 V0.025 U0.732 P0.034 F600
G1 X129.01 Y139.32 V0.025 U0.732 P0.034 F600
G1 X128.98 Y139.33 V0.001 U0.037 P0.034 F600
G1 X128.30 Y139.54 V0.024 U0.695 P0.034 F600
G1 X127.64 Y139.80 V0.024 U0.695 P0.034 F600
G1 X127.00 Y140.10 V0.024 U0.695 P0.034 F600
G1 X126.37 Y140.44 V0.024 U0.695 P0.034 F600
G1 X126.31 Y140.48 V0.003 U0.074 P0.034 F600
G1 X125.68 Y140.88 V0.025 U0.732 P0.034 F600
G1 X125.08 Y141.32 V0.025 U0.732 P0.034 F600
G1 X125.05 Y141.35 V0.001 U0.039 P0.034 F600
G1 X124.51 Y141.81 V0.024 U0.693 P0.034 F600
G1 X124.00 Y142.30 V0.024 U0.693 P0.034 F600
G1 X123.53 Y142.83 V0.024 U0.693 P0.034 F600
G1 X123.09 Y143.38 V0.024 U0.693 P0.034 F600
G1 X123.03 Y143.46 V0.003 U0.098 P0.034 F600
G1 X122.61 Y144.07 V0.025 U0.726 P0.034 F600
G1 X122.24 Y144.71 V0.025 U0.726 P0.034 F600
G1 X122.22 Y144.75 V0.002 U0.047 P0.034 F600
G1 X121.90 Y145.37 V0.023 U0.679 P0.034 F600
G1 X121.63 Y146.01 V0.023 U0.679 P0.034 F600
G1 X121.40 Y146.66 V0.023 U0.679 P0.034 F600
G1 X121.22 Y147.33 V0.023 U0.679 P0.034 F600
G1 X121.12 Y147.76 V0.015 U0.428 P0.034 F600
G1 X121.03 Y148.17 V0.014 U0.416 P0.034 F600
G1 X120.97 Y148.59 V0.014 U0.416 P0.034 F600
G1 X120.92 Y149.01 V0.014 U0.417 P0.034 F600
G1 X120.89 Y149.35 V0.011 U0.329 P0.034 F600
G1 X120.88 Y149.68 V0.011 U0.328 P0.034 F600
G1 X120.88 Y150.02 V0.011 U0.328 P0.034 F600
G1 X120.89 Y150.37 V0.012 U0.343 P0.034 F600
G1 X120.94 Y151.05 V0.023 U0.671 P0.034 F600
G1 X121.02 Y151.73 V0.023 U0.671 P0.034 F600
G1 X121.12 Y152.32 V0.020 U0.585 P0.034 F600
G1 X121.17 Y152.59 V0.009 U0.268 P0.034 F600
G1 X121.25 Y152.85 V0.009 U0.268 P0.034 F600
G1 X121.33 Y153.11 V0.009 U0.268 P0.034 F600
G1 X121.52 Y153.69 V0.020 U0.596 P0.034 F600
G1 X121.73 Y154.25 V0.020 U0.584 P0.034 F600
G1 X121.97 Y154.79 V0.020 U0.584 P0.034 F600
G1 X122.24 Y155.33 V0.020 U0.584 P0.034 F600
G1 X122.54 Y155.84 V0.020 U0.584 P0.034 F600
G1 X122.63 Y155.99 V0.006 U0.175 P0.034 F600
G1 X123.05 Y156.60 V0.025 U0.727 P0.034 F600
G1 X123.51 Y157.19 V0.025 U0.727 P0.034 F600
G1 X123.55 Y157.23 V0.002 U0.060 P0.034 F600
G1 X124.00 Y157.74 V0.023 U0.667 P0.034 F600
G1 X124.49 Y158.21 V0.023 U0.667 P0.034 F600
G1 X125.01 Y158.66 V0.023 U0.667 P0.034 F600
G1 X125.55 Y159.06 V0.023 U0.667 P0.034 F600
G1 X125.70 Y159.16 V0.006 U0.174 P0.034 F600
G1 X126.32 Y159.57 V0.025 U0.729 P0.034 F600
G1 X126.97 Y159.93 V0.025 U0.729 P0.034 F600
G1 X127.65 Y160.24 V0.025 U0.729 P0.034 F600
G1 X128.34 Y160.51 V0.025 U0.729 P0.034 F600
G1 X128.49 Y160.56 V0.005 U0.151 P0.034 F600
G1 X129.06 Y160.74 V0.020 U0.583 P0.034 F600
G1 X129.64 Y160.88 V0.020 U0.583 P0.034 F600
G1 X130.22 Y161.00 V0.020 U0.584 P0.034 F600
G1 X130.81 Y161.08 V0.020 U0.583 P0.034 F600
G1 X130.83 Y161.08 V0.001 U0.023 P0.034 F600
G1 X130.85 Y161.09 V0.001 U0.023 P0.034 F600
G1 X130.88 Y161.10 V0.001 U0.023 P0.034 F600
G1 X130.88 Y162.66 V0.052 U1.531 P0.034 F600
G1 X130.83 Y162.77 V0.004 U0.125 P0.034 F600
G1 X130.71 Y162.82 V0.004 U0.125 P0.034 F600
G1 X130.53 Y162.80 V0.006 U0.170 P0.034 F600
G1 X129.65 Y162.64 V0.030 U0.884 P0.034 F600
G1 X128.96 Y162.50 V0.023 U0.689 P0.034 F600
G1 X128.28 Y162.31 V0.023 U0.689 P0.034 F600
G1 X128.01 Y162.23 V0.009 U0.271 P0.034 F600
G1 X127.58 Y162.09 V0.015 U0.450 P0.034 F600
G1 X127.15 Y161.92 V0.015 U0.450 P0.034 F600
G1 X126.72 Y161.75 V0.015 U0.451 P0.034 F600
G1 X126.29 Y161.54 V0.016 U0.474 P0.034 F600
G1 X126.25 Y161.52 V0.001 U0.040 P0.034 F600
G1 X126.21 Y161.51 V0.001 U0.040 P0.034 F600
G1 X126.18 Y161.49 V0.001 U0.040 P0.034 F600
G1 X125.46 Y161.07 V0.028 U0.812 P0.034 F600
G1 X124.90 Y160.73 V0.022 U0.640 P0.034 F600
G1 X124.37 Y160.35 V0.022 U0.640 P0.034 F600
G1 X123.85 Y159.96 V0.022 U0.641 P0.034 F600
G1 X123.42 Y159.60 V0.018 U0.541 P0.034 F600
G1 X122.92 Y159.11 V0.024 U0.694 P0.034 F600
G1 X122.55 Y158.73 V0.018 U0.518 P0.034 F600
G1 X122.20 Y158.33 V0.018 U0.518 P0.034 F600
G1 X122.13 Y158.24 V0.004 U0.111 P0.034 F600
G1 X121.73 Y157.74 V0.021 U0.628 P0.034 F600
G1 X121.36 Y157.21 V0.021 U0.628 P0.034 F600
G1 X121.14 Y156.86 V0.014 U0.410 P0.034 F600
G1 X120.78 Y156.26 V0.023 U0.689 P0.034 F600
G1 X120.45 Y155.64 V0.023 U0.689 P0.034 F600
G1 X120.14 Y155.00 V0.024 U0.693 P0.034 F600
G1 X119.95 Y154.50 V0.018 U0.526 P0.034 F600
G1 X119.80 Y154.05 V0.016 U0.466 P0.034 F600
G1 X119.66 Y153.60 V0.016 U0.465 P0.034 F600
G1 X119.54 Y153.14 V0.016 U0.465 P0.034 F600
G1 X119.45 Y152.78 V0.012 U0.361 P0.034 F600
G1 X119.34 Y152.22 V0.019 U0.554 P0.034 F600
G1 X119.27 Y151.66 V0.019 U0.554 P0.034 F600
G1 X119.20 Y151.10 V0.019 U0.554 P0.034 F600
G1 X119.17 Y150.62 V0.016 U0.470 P0.034 F600
G1 X119.15 Y150.27 V0.012 U0.350 P0.034 F600
G1 X119.15 Y149.91 V0.012 U0.350 P0.034 F600
G1 X119.16 Y149.55 V0.012 U0.350 P0.034 F600
G1 X119.21 Y148.76 V0.026 U0.779 P0.034 F600
G1 X119.28 Y148.19 V0.019 U0.562 P0.034 F600
G1 X119.38 Y147.63 V0.019 U0.562 P0.034 F600
G1 X119.50 Y147.07 V0.019 U0.562 P0.034 F600
G1 X119.56 Y146.84 V0.008 U0.231 P0.034 F600
G1 X119.75 Y146.16 V0.023 U0.690 P0.034 F600
G1 X119.98 Y145.50 V0.023 U0.690 P0.034 F600
G1 X120.09 Y145.20 V0.011 U0.311 P0.034 F600
G1 X120.28 Y144.74 V0.016 U0.485 P0.034 F600
G1 X120.49 Y144.29 V0.016 U0.485 P0.034 F600
G1 X120.71 Y143.85 V0.016 U0.485 P0.034 F600
G1 X120.96 Y143.42 V0.016 U0.484 P0.034 F600
G1 X121.54 Y142.55 V0.035 U1.026 P0.034 F600
M73 P24 R9
G1 X121.78 Y142.23 V0.013 U0.397 P0.034 F600
G1 X122.04 Y141.91 V0.013 U0.397 P0.034 F600
G1 X122.30 Y141.60 V0.014 U0.398 P0.034 F600
G1 X122.71 Y141.16 V0.020 U0.591 P0.034 F600
G1 X123.09 Y140.76 V0.018 U0.544 P0.034 F600
G1 X123.50 Y140.38 V0.018 U0.544 P0.034 F600
G1 X123.92 Y140.02 V0.018 U0.544 P0.034 F600
G1 X124.37 Y139.69 V0.018 U0.544 P0.034 F600
G1 X124.53 Y139.57 V0.007 U0.201 P0.034 F600
G1 X125.15 Y139.16 V0.025 U0.731 P0.034 F600
G1 X125.80 Y138.78 V0.025 U0.731 P0.034 F600
G1 X126.04 Y138.65 V0.009 U0.269 P0.034 F600
G1 X126.64 Y138.35 V0.022 U0.657 P0.034 F600
G1 X127.25 Y138.08 V0.022 U0.657 P0.034 F600
G1 X127.88 Y137.83 V0.022 U0.658 P0.034 F600
G1 X128.46 Y137.65 V0.020 U0.599 P0.034 F600
G1 X128.89 Y137.55 V0.015 U0.429 P0.034 F600
G1 X129.31 Y137.45 V0.015 U0.429 P0.034 F600
G1 X129.74 Y137.37 V0.015 U0.429 P0.034 F600
G1 X130.11 Y137.32 V0.013 U0.368 P0.034 F600
G1 X130.81 Y137.23 V0.023 U0.690 P0.034 F600
G1 X131.52 Y137.19 V0.023 U0.690 P0.034 F600
G1 X131.93 Y137.17 V0.014 U0.403 P0.034 F600
G1 X132.33 Y137.17 V0.013 U0.394 P0.034 F600
G1 X132.73 Y137.18 V0.013 U0.394 P0.034 F600
G1 X133.13 Y137.21 V0.013 U0.394 P0.034 F600
G1 X133.81 Y137.28 V0.023 U0.673 P0.034 F600
G1 X134.61 Y137.44 V0.027 U0.793 P0.034 F600
G1 X134.95 Y137.51 V0.012 U0.342 P0.034 F600
G1 X135.29 Y137.59 V0.012 U0.341 P0.034 F600
G1 X135.62 Y137.69 V0.012 U0.341 P0.034 F600
G1 X136.20 Y137.88 V0.020 U0.592 P0.034 F600
G1 X136.73 Y138.07 V0.019 U0.556 P0.034 F600
G1 X137.25 Y138.30 V0.019 U0.556 P0.034 F600
G1 X137.77 Y138.53 V0.019 U0.557 P0.034 F600
G1 X138.30 Y138.81 V0.020 U0.591 P0.034 F600
M104 S250 T1 ; FS_PREHEAT next_tool=1 lead_s=15
G1 X138.70 Y139.04 V0.015 U0.446 P0.034 F600
G1 X139.07 Y139.29 V0.015 U0.437 P0.034 F600
G1 X139.44 Y139.54 V0.015 U0.436 P0.034 F600
G1 X139.79 Y139.81 V0.015 U0.436 P0.034 F600
G1 X140.59 Y140.44 V0.034 U1.002 P0.034 F600
G1 X160.61 Y158.31 V0.894 U26.301 P0.034 F600
G1 X161.29 Y158.84 V0.029 U0.840 P0.034 F600
G1 X161.77 Y159.19 V0.020 U0.576 P0.034 F600
G1 X162.26 Y159.50 V0.020 U0.576 P0.034 F600
G1 X162.77 Y159.80 V0.020 U0.577 P0.034 F600
G1 X163.40 Y160.10 V0.023 U0.687 P0.034 F600
G1 X163.90 Y160.31 V0.018 U0.531 P0.034 F600
G1 X164.41 Y160.50 V0.018 U0.530 P0.034 F600
G1 X164.93 Y160.66 V0.018 U0.530 P0.034 F600
G1 X165.39 Y160.79 V0.016 U0.475 P0.034 F600
G1 X165.84 Y160.89 V0.015 U0.451 P0.034 F600
G1 X166.30 Y160.97 V0.015 U0.451 P0.034 F600
G1 X166.75 Y161.04 V0.015 U0.451 P0.034 F600
G1 X167.63 Y161.10 V0.029 U0.866 P0.034 F600
G1 X168.21 Y161.09 V0.019 U0.570 P0.034 F600
G1 X168.79 Y161.07 V0.019 U0.569 P0.034 F600
G1 X169.37 Y161.01 V0.019 U0.569 P0.034 F600
G1 X169.53 Y160.99 V0.005 U0.157 P0.034 F600
G1 X170.26 Y160.86 V0.025 U0.726 P0.034 F600
G1 X170.98 Y160.69 V0.025 U0.726 P0.034 F600
G1 X171.00 Y160.68 V0.001 U0.020 P0.034 F600
G1 X171.70 Y160.46 V0.024 U0.720 P0.034 F600
G1 X172.38 Y160.19 V0.024 U0.720 P0.034 F600
G1 X173.05 Y159.88 V0.024 U0.720 P0.034 F600
G1 X173.69 Y159.52 V0.024 U0.720 P0.034 F600
G1 X173.71 Y159.51 V0.001 U0.019 P0.034 F600
G1 X174.33 Y159.11 V0.025 U0.725 P0.034 F600
G1 X174.92 Y158.67 V0.025 U0.725 P0.034 F600
G1 X174.95 Y158.65 V0.001 U0.028 P0.034 F600
G1 X175.49 Y158.19 V0.024 U0.697 P0.034 F600
G1 X176.00 Y157.70 V0.024 U0.697 P0.034 F600
G1 X176.47 Y157.17 V0.024 U0.697 P0.034 F600
G1 X176.91 Y156.60 V0.024 U0.697 P0.034 F600
G1 X177.36 Y155.97 V0.026 U0.760 P0.034 F600
G1 X177.52 Y155.72 V0.010 U0.293 P0.034 F600
G1 X177.68 Y155.47 V0.010 U0.293 P0.034 F600
G1 X177.82 Y155.21 V0.010 U0.293 P0.034 F600
G1 X177.97 Y154.92 V0.011 U0.322 P0.034 F600
G1 X178.11 Y154.62 V0.011 U0.321 P0.034 F600
G1 X178.24 Y154.32 V0.011 U0.321 P0.034 F600
G1 X178.38 Y153.94 V0.013 U0.393 P0.034 F600
G1 X178.62 Y153.25 V0.024 U0.713 P0.034 F600
G1 X178.81 Y152.55 V0.024 U0.713 P0.034 F600
G1 X178.96 Y151.81 V0.025 U0.738 P0.034 F600
G1 X179.06 Y151.08 V0.025 U0.726 P0.034 F600
G1 X179.06 Y151.03 V0.001 U0.044 P0.034 F600
G1 X179.11 Y150.34 V0.023 U0.682 P0.034 F600
G1 X179.11 Y149.64 V0.023 U0.682 P0.034 F600
G1 X179.06 Y148.95 V0.023 U0.682 P0.034 F600
M73 P25 R9
G1 X178.97 Y148.26 V0.023 U0.682 P0.034 F600
G1 X178.91 Y147.89 V0.013 U0.370 P0.034 F600
G1 X178.81 Y147.39 V0.017 U0.497 P0.034 F600
G1 X178.68 Y146.90 V0.017 U0.497 P0.034 F600
G1 X178.53 Y146.41 V0.017 U0.498 P0.034 F600
G1 X178.40 Y146.07 V0.012 U0.359 P0.034 F600
G1 X178.27 Y145.73 V0.012 U0.359 P0.034 F600
G1 X178.12 Y145.39 V0.012 U0.359 P0.034 F600
G1 X178.02 Y145.17 V0.008 U0.239 P0.034 F600
G1 X177.74 Y144.63 V0.020 U0.597 P0.034 F600
G1 X177.43 Y144.10 V0.020 U0.597 P0.034 F600
G1 X177.36 Y144.00 V0.004 U0.122 P0.034 F600
G1 X176.95 Y143.39 V0.024 U0.719 P0.034 F600
G1 X176.49 Y142.82 V0.024 U0.719 P0.034 F600
G1 X175.99 Y142.26 V0.025 U0.734 P0.034 F600
G1 X175.46 Y141.75 V0.025 U0.727 P0.034 F600
G1 X175.44 Y141.73 V0.001 U0.023 P0.034 F600
G1 X174.88 Y141.26 V0.024 U0.714 P0.034 F600
G1 X174.30 Y140.83 V0.024 U0.714 P0.034 F600
G1 X174.02 Y140.64 V0.011 U0.327 P0.034 F600
G1 X173.69 Y140.42 V0.013 U0.387 P0.034 F600
G1 X173.35 Y140.23 V0.013 U0.387 P0.034 F600
G1 X173.00 Y140.04 V0.013 U0.388 P0.034 F600
G1 X172.68 Y139.89 V0.012 U0.347 P0.034 F600
G1 X172.36 Y139.74 V0.012 U0.347 P0.034 F600
G1 X172.03 Y139.62 V0.012 U0.347 P0.034 F600
G1 X171.51 Y139.44 V0.018 U0.532 P0.034 F600
G1 X170.94 Y139.26 V0.020 U0.583 P0.034 F600
G1 X170.37 Y139.12 V0.020 U0.583 P0.034 F600
G1 X169.78 Y139.00 V0.020 U0.584 P0.034 F600
G1 X169.19 Y138.92 V0.020 U0.582 P0.034 F600
G1 X169.17 Y138.92 V0.001 U0.024 P0.034 F600
G1 X169.15 Y138.91 V0.001 U0.024 P0.034 F600
G1 X169.12 Y138.90 V0.001 U0.024 P0.034 F600
G1 X169.12 Y137.34 V0.052 U1.531 P0.034 F600
G1 X169.17 Y137.23 V0.004 U0.125 P0.034 F600
G1 X169.29 Y137.18 V0.004 U0.125 P0.034 F600
G1 X169.47 Y137.20 V0.006 U0.170 P0.034 F600
G1 X170.35 Y137.36 V0.030 U0.884 P0.034 F600
G1 X171.04 Y137.50 V0.023 U0.689 P0.034 F600
G1 X171.72 Y137.69 V0.023 U0.689 P0.034 F600
G1 X172.43 Y137.90 V0.025 U0.729 P0.034 F600
G1 X172.90 Y138.09 V0.017 U0.489 P0.034 F600
G1 X173.35 Y138.29 V0.016 U0.484 P0.034 F600
G1 X173.79 Y138.51 V0.016 U0.483 P0.034 F600
G1 X174.22 Y138.74 V0.016 U0.483 P0.034 F600
G1 X174.42 Y138.86 V0.007 U0.220 P0.034 F600
G1 X174.98 Y139.20 V0.022 U0.641 P0.034 F600
G1 X175.51 Y139.57 V0.022 U0.641 P0.034 F600
G1 X176.04 Y139.96 V0.022 U0.641 P0.034 F600
G1 X176.29 Y140.17 V0.011 U0.321 P0.034 F600
G1 X176.54 Y140.38 V0.011 U0.320 P0.034 F600
G1 X176.78 Y140.60 V0.011 U0.320 P0.034 F600
G1 X177.08 Y140.89 V0.014 U0.411 P0.034 F600
G1 X177.45 Y141.27 V0.018 U0.519 P0.034 F600
G1 X177.80 Y141.67 V0.018 U0.519 P0.034 F600
G1 X177.87 Y141.76 V0.004 U0.110 P0.034 F600
G1 X178.27 Y142.26 V0.021 U0.628 P0.034 F600
G1 X178.64 Y142.79 V0.021 U0.628 P0.034 F600
G1 X178.86 Y143.14 V0.014 U0.412 P0.034 F600
G1 X179.22 Y143.74 V0.023 U0.687 P0.034 F600
G1 X179.55 Y144.36 V0.023 U0.687 P0.034 F600
G1 X179.65 Y144.56 V0.007 U0.219 P0.034 F600
G1 X179.82 Y144.93 V0.013 U0.397 P0.034 F600
; Start to cut
M2800
M400
;CUT DISTANCE 54.8
G1 X179.85 Y145.00 V0.002 F600
G1 X180.02 Y145.44 V0.011 F600
G1 X180.19 Y145.89 V0.011 F600
G1 X180.27 Y146.14 V0.006 F600
G1 X180.35 Y146.39 V0.006 F600
G1 X180.41 Y146.65 V0.006 F600
G1 X180.53 Y147.16 V0.013 F600
G1 X180.67 Y147.88 V0.018 F600
G1 X180.76 Y148.61 V0.018 F600
G1 X180.82 Y149.15 V0.013 F600
G1 X180.84 Y149.47 V0.008 F600
G1 X180.85 Y149.80 V0.008 F600
G1 X180.86 Y150.12 V0.008 F600
G1 X180.84 Y150.50 V0.009 F600
G1 X180.82 Y150.88 V0.009 F600
G1 X180.79 Y151.26 V0.009 F600
G1 X180.71 Y151.92 V0.016 F600
G1 X180.68 Y152.14 V0.005 F600
G1 X180.64 Y152.36 V0.005 F600
G1 X180.59 Y152.58 V0.005 F600
G1 X180.40 Y153.32 V0.018 F600
G1 X180.21 Y153.98 V0.016 F600
G1 X179.98 Y154.62 V0.016 F600
G1 X179.91 Y154.80 V0.004 F600
G1 X179.72 Y155.26 V0.012 F600
G1 X179.51 Y155.70 V0.012 F600
G1 X179.29 Y156.15 V0.012 F600
G1 X179.17 Y156.36 V0.006 F600
G1 X179.04 Y156.57 V0.006 F600
G1 X178.91 Y156.78 V0.006 F600
G1 X178.37 Y157.56 V0.023 F600
G1 X178.16 Y157.85 V0.009 F600
G1 X177.93 Y158.13 V0.009 F600
G1 X177.70 Y158.40 V0.009 F600
G1 X177.29 Y158.84 V0.014 F600
G1 X176.91 Y159.24 V0.013 F600
G1 X176.50 Y159.62 V0.013 F600
G1 X176.07 Y159.98 V0.013 F600
G1 X175.63 Y160.32 V0.013 F600
G1 X175.35 Y160.52 V0.008 F600
G1 X175.08 Y160.71 V0.008 F600
G1 X174.80 Y160.88 V0.008 F600
G1 X174.52 Y161.05 V0.008 F600
G1 X174.03 Y161.32 V0.014 F600
G1 X173.52 Y161.58 V0.014 F600
G1 X173.01 Y161.81 V0.014 F600
G1 X172.40 Y162.05 V0.016 F600
G1 X172.12 Y162.16 V0.007 F600
G1 X171.83 Y162.26 V0.007 F600
G1 X171.54 Y162.35 V0.007 F600
G1 X171.11 Y162.45 V0.011 F600
G1 X170.69 Y162.55 V0.011 F600
G1 X170.26 Y162.63 V0.011 F600
G1 X169.89 Y162.68 V0.009 F600
G1 X169.19 Y162.77 V0.017 F600
G1 X168.48 Y162.81 V0.017 F600
G1 X167.73 Y162.84 V0.018 F600
G1 X167.27 Y162.82 V0.011 F600
G1 X166.73 Y162.77 V0.013 F600
G1 X166.19 Y162.70 V0.013 F600
G1 X165.65 Y162.61 V0.013 F600
G1 X165.21 Y162.52 V0.011 F600
G1 X164.71 Y162.40 V0.012 F600
G1 X164.22 Y162.26 V0.012 F600
G1 X163.73 Y162.10 V0.012 F600
G1 X163.46 Y162.00 V0.007 F600
G1 X163.19 Y161.90 V0.007 F600
G1 X162.93 Y161.79 V0.007 F600
G1 X162.10 Y161.40 V0.022 F600
G1 X161.83 Y161.26 V0.007 F600
G1 X161.57 Y161.11 V0.007 F600
G1 X161.30 Y160.96 V0.007 F600
G1 X160.93 Y160.71 V0.011 F600
G1 X160.56 Y160.46 V0.011 F600
G1 X160.21 Y160.19 V0.011 F600
G1 X159.41 Y159.56 V0.025 F600
G1 X144.47 Y146.22 V0.480 F600
; Cutting completed.
G1 F600 V-1.000 ; Retract
M73 P26 R9
; FS_RELEASE_BEGIN length_mm=6.800 speed_mm_s=10.000
G1 X139.394 Y141.694 F600
; FS_RELEASE_END physical_clearance=unmeasured
M1002
M400
G1 F600 V-4.000 ; Toolchange matrix retract
G1 F1200 Z1.56
MOVE_TO_BRUSH_STATION
CLEAN_NOZZLE
M104 S180 T0 ; standby
M104 S250 T1 ; pre-charge
M109 S250 T1
MOVE_OUT_BRUSH_STATION
M106 P2 S0 ; fibre-side cooling, fan4, owned by T0 (idle)
M106 P1 S181 ; part-cooling, fan3, owned by T1 (depositing)
M106 P3 S0 ; auxiliary fan off while T1 deposits
M106 P5 S0 ; exhaust fan off while T1 deposits
T1 ; switch extruder type to:PLASTIC
; FIBER TURNS: 100 joints tighter than 12.00 mm, policy=keep, splits=0
M106 S181
;LAYER_CHANGE
;Z:1.08
;HEIGHT:0.12
;_SET_FAN_SPEED_CHANGING_LAYER
; printing object s+hook+20mm id:0 copy 0
M104 S270 T0 ; FS_PREHEAT next_tool=0 lead_s=15
G1 X121.44 Y151.081 Z1.08 F9000
G1 Z1.08 F9000
G1 E10 F1500
;TYPE:Inner wall
;WIDTH:0.419999
G1 F7200
G1 X121.442 Y151.13 E.00096
G1 X121.677 Y152.501 E.02736
G1 X121.821 Y153.037 E.01092
G1 X122.003 Y153.572 E.01112
G1 X122.203 Y154.08 E.01074
G1 X122.71 Y155.155 E.02338
G1 X123.443 Y156.304 E.02681
G1 X123.793 Y156.753 E.0112
G1 X124.389 Y157.419 E.01758
G1 X124.912 Y157.901 E.01399
G1 X125.445 Y158.368 E.01394
G1 X126.612 Y159.165 E.0278
G1 X127.854 Y159.792 E.02737
G1 X129.215 Y160.262 E.02832
G1 X130.295 Y160.484 E.02169
G1 X130.908 Y160.577 E.0122
G1 X131.192 Y160.661 E.00583
G1 X131.36 Y160.863 E.00517
G1 X131.394 Y161.034 E.00343
G1 X131.396 Y162.872 E.03615
G1 X131.356 Y163.122 E.00498
G1 X131.22 Y163.276 E.00404
G1 X130.984 Y163.348 E.00485
G1 X130.465 Y163.312 E.01023
G1 X128.804 Y163.013 E.0332
G1 X127.396 Y162.584 E.02895
G1 X126.716 Y162.313 E.0144
G1 X125.97 Y161.965 E.01619
G1 X124.621 Y161.183 E.03067
G1 X123.476 Y160.323 E.02817
G1 X123.023 Y159.943 E.01163
G1 X122.216 Y159.149 E.02227
G1 X121.532 Y158.353 E.02064
G1 X121.223 Y157.953 E.00994
G1 X120.287 Y156.489 E.03418
G1 X119.666 Y155.21 E.02797
G1 X119.383 Y154.481 E.01538
G1 X119.147 Y153.744 E.01522
G1 X118.823 Y152.352 E.02811
G1 X118.638 Y150.69 E.03289
G1 X118.618 Y150.159 E.01045
G1 X118.651 Y149.078 E.02127
G1 X118.774 Y147.986 E.02161
G1 X118.863 Y147.484 E.01003
G1 X119.259 Y145.907 E.03198
G1 X119.796 Y144.527 E.02913
G1 X120.16 Y143.78 E.01634
G1 X120.515 Y143.149 E.01424
G1 X121.344 Y141.923 E.02911
G1 X122.442 Y140.652 E.03304
G1 X122.815 Y140.285 E.01029
G1 X123.593 Y139.606 E.02031
G1 X124.312 Y139.076 E.01757
G1 X124.859 Y138.7 E.01306
G1 X126.004 Y138.07 E.02571
G1 X126.458 Y137.837 E.01004
G1 X127.704 Y137.344 E.02636
G1 X128.548 Y137.088 E.01735
G1 X129.202 Y136.931 E.01323
G1 X130.763 Y136.693 E.03106
G1 X132.343 Y136.64 E.03109
G1 X132.916 Y136.667 E.01128
G1 X133.892 Y136.77 E.0193
G1 X134.713 Y136.926 E.01644
G1 X135.419 Y137.08 E.01421
G1 X136.422 Y137.41 E.02077
G1 X137.186 Y137.681 E.01594
G1 X138.298 Y138.213 E.02425
G1 X139.188 Y138.731 E.02025
G1 X139.718 Y139.089 E.01258
G1 X140.925 Y140.046 E.0303
G1 X160.945 Y157.916 E.52783
G1 X162.037 Y158.767 E.02723
G1 X162.652 Y159.154 E.01429
G1 X163.304 Y159.503 E.01455
G1 X164.611 Y160.043 E.02782
G1 X165.958 Y160.401 E.02741
G1 X166.625 Y160.509 E.01329
G1 X167.659 Y160.579 E.02038
G1 X168.759 Y160.573 E.02164
G1 X170.151 Y160.38 E.02764
G1 X170.812 Y160.219 E.01338
G1 X171.561 Y159.983 E.01545
G1 X172.859 Y159.421 E.02782
G1 X174.053 Y158.705 E.02738
G1 X174.647 Y158.256 E.01465
G1 X175.173 Y157.808 E.01359
G1 X176.064 Y156.888 E.02519
G1 X176.372 Y156.475 E.01013
G1 X177.119 Y155.411 E.02557
G1 X177.377 Y154.948 E.01043
G1 X177.656 Y154.393 E.01222
G1 X178.148 Y153.109 E.02705
G1 X178.475 Y151.725 E.02797
G1 X178.583 Y150.724 E.0198
G1 X178.6 Y149.878 E.01664
G1 X178.571 Y149.005 E.01718
G1 X178.323 Y147.499 E.03002
G1 X178.179 Y146.963 E.01092
G1 X177.997 Y146.428 E.01112
G1 X177.797 Y145.92 E.01074
G1 X177.29 Y144.845 E.02338
G1 X176.557 Y143.696 E.02681
G1 X176.207 Y143.247 E.0112
G1 X175.611 Y142.581 E.01758
G1 X175.088 Y142.099 E.01399
G1 X174.555 Y141.632 E.01394
G1 X173.388 Y140.835 E.0278
G1 X172.146 Y140.208 E.02737
G1 X170.785 Y139.738 E.02832
G1 X169.705 Y139.516 E.02169
G1 X169.092 Y139.423 E.0122
G1 X168.808 Y139.339 E.00583
G1 X168.64 Y139.137 E.00517
G1 X168.606 Y138.966 E.00343
G1 X168.604 Y137.134 E.03603
G1 X168.648 Y136.874 E.00519
G1 X168.804 Y136.707 E.00449
G1 X169.02 Y136.65 E.00439
G1 X169.535 Y136.688 E.01016
G1 X171.196 Y136.987 E.0332
G1 X172.604 Y137.416 E.02895
G1 X173.284 Y137.687 E.0144
G1 X174.03 Y138.035 E.01619
G1 X175.379 Y138.817 E.03067
G1 X176.524 Y139.677 E.02817
G1 X176.977 Y140.057 E.01163
G1 X177.784 Y140.851 E.02227
G1 X178.468 Y141.647 E.02064
G1 X178.777 Y142.047 E.00994
G1 X179.713 Y143.511 E.03418
G1 X180.334 Y144.79 E.02797
G1 X180.617 Y145.519 E.01538
G1 X180.853 Y146.254 E.01518
G1 X181.202 Y147.793 E.03104
G1 X181.319 Y148.901 E.02191
G1 X181.382 Y149.841 E.01853
G1 X181.349 Y150.922 E.02127
G1 X181.226 Y152.014 E.02161
G1 X181.137 Y152.516 E.01003
G1 X180.741 Y154.093 E.03198
G1 X180.204 Y155.473 E.02913
G1 X179.84 Y156.22 E.01634
G1 X179.486 Y156.85 E.01421
G1 X178.596 Y158.155 E.03107
G1 X177.559 Y159.348 E.03109
G1 X177.185 Y159.715 E.01031
G1 X176.407 Y160.394 E.02031
G1 X175.688 Y160.924 E.01757
G1 X175.141 Y161.3 E.01306
G1 X173.996 Y161.93 E.02571
G1 X173.542 Y162.163 E.01004
G1 X172.296 Y162.656 E.02636
G1 X171.452 Y162.912 E.01735
G1 X170.798 Y163.069 E.01323
G1 X169.237 Y163.307 E.03106
G1 X167.657 Y163.36 E.03109
G1 X167.084 Y163.333 E.01128
G1 X166.108 Y163.23 E.0193
G1 X165.287 Y163.074 E.01644
G1 X164.581 Y162.92 E.01421
G1 X163.578 Y162.59 E.02077
G1 X162.814 Y162.319 E.01594
G1 X161.702 Y161.787 E.02425
G1 X160.812 Y161.269 E.02025
G1 X160.282 Y160.911 E.01258
G1 X159.075 Y159.954 E.0303
G1 X139.055 Y142.084 E.52783
G1 X137.963 Y141.233 E.02723
G1 X137.348 Y140.846 E.01429
G1 X136.696 Y140.497 E.01455
G1 X135.389 Y139.957 E.02782
G1 X134.042 Y139.599 E.02741
G1 X133.375 Y139.491 E.01329
G1 X132.341 Y139.421 E.02038
G1 X131.241 Y139.427 E.02164
G1 X129.849 Y139.62 E.02764
G1 X129.188 Y139.781 E.01338
G1 X128.439 Y140.017 E.01545
G1 X127.141 Y140.579 E.02782
G1 X125.947 Y141.295 E.02738
G1 X125.353 Y141.744 E.01465
G1 X124.825 Y142.194 E.01365
G1 X123.878 Y143.18 E.02689
G1 X123.573 Y143.593 E.0101
G1 X122.883 Y144.586 E.02378
G1 X122.623 Y145.052 E.0105
G1 X122.344 Y145.607 E.01222
G1 X121.852 Y146.891 E.02705
G1 X121.529 Y148.259 E.02765
G1 X121.446 Y148.866 E.01205
G1 X121.388 Y149.717 E.01678
G1 X121.415 Y150.487 E.01515
G1 X121.439 Y151.042 E.01093
G1 X121.844 Y151.062 F9000
;TYPE:Outer wall
G1 F6000
G1 X121.972 Y151.816 E.01504
G1 X122.071 Y152.396 E.01157
G1 X122.209 Y152.912 E.01051
G1 X122.389 Y153.442 E.01101
G1 X122.574 Y153.912 E.00993
G1 X123.053 Y154.936 E.02224
G1 X123.776 Y156.069 E.02644
G1 X124.098 Y156.483 E.01032
G1 X124.664 Y157.119 E.01675
G1 X125.676 Y158.033 E.02682
G1 X126.797 Y158.802 E.02674
G1 X127.994 Y159.409 E.0264
G1 X129.297 Y159.863 E.02714
G1 X130.377 Y160.085 E.02169
G1 X130.954 Y160.172 E.01148
G1 X131.432 Y160.314 E.00981
G1 X131.739 Y160.682 E.00943
G1 X131.801 Y160.993 E.00624
G1 X131.803 Y162.871 E.03694
G1 X131.739 Y163.281 E.00816
G1 X131.571 Y163.533 E.00596
G1 X131.29 Y163.715 E.00659
G1 X130.937 Y163.767 E.00702
G1 X130.409 Y163.716 E.01043
G1 X128.708 Y163.409 E.034
G1 X127.261 Y162.968 E.02975
G1 X126.555 Y162.687 E.01495
G1 X125.783 Y162.327 E.01675
G1 X124.387 Y161.516 E.03176
G1 X123.14 Y160.58 E.03067
G1 X122.746 Y160.242 E.01021
G1 X121.919 Y159.427 E.02284
G1 X121.224 Y158.619 E.02096
G1 X120.89 Y158.186 E.01076
G1 X119.931 Y156.688 E.03498
G1 X119.292 Y155.372 E.02877
G1 X119 Y154.617 E.01592
G1 X118.754 Y153.853 E.01579
G1 X118.421 Y152.421 E.02892
G1 X118.225 Y150.661 E.03483
G1 X118.211 Y150.159 E.00988
G1 X118.244 Y149.049 E.02184
G1 X118.451 Y147.45 E.03171
G1 X118.908 Y145.686 E.03584
G1 X119.423 Y144.364 E.02791
G1 X119.8 Y143.591 E.01692
G1 X120.168 Y142.935 E.01479
G1 X121.02 Y141.675 E.02992
G1 X122.145 Y140.373 E.03384
G1 X122.538 Y139.986 E.01085
G1 X123.337 Y139.289 E.02085
G1 X124.224 Y138.636 E.02166
G1 X124.65 Y138.35 E.01009
G1 X125.808 Y137.713 E.026
G1 X126.297 Y137.463 E.0108
G1 X127.57 Y136.959 E.02693
G1 X128.441 Y136.695 E.0179
G1 X129.124 Y136.532 E.01381
G1 X130.726 Y136.287 E.03188
G1 X132.346 Y136.233 E.03188
G1 X132.947 Y136.261 E.01183
G1 X133.952 Y136.367 E.01988
G1 X134.789 Y136.526 E.01676
G1 X135.533 Y136.688 E.01498
G1 X136.549 Y137.023 E.02104
G1 X137.351 Y137.309 E.01675
G1 X138.474 Y137.846 E.02448
G1 X139.414 Y138.392 E.02138
G1 X139.971 Y138.77 E.01324
G1 X141.188 Y139.734 E.03054
G1 X161.206 Y157.604 E.5278
G1 X162.271 Y158.434 E.02656
G1 X162.846 Y158.796 E.01336
G1 X163.461 Y159.127 E.01374
G1 X164.717 Y159.649 E.02675
G1 X166.025 Y159.999 E.02663
G1 X166.664 Y160.104 E.01274
G1 X167.657 Y160.172 E.01958
G1 X168.73 Y160.166 E.02111
G1 X170.074 Y159.979 E.02669
G1 X170.691 Y159.831 E.01248
G1 X171.4 Y159.609 E.01461
G1 X172.65 Y159.071 E.02677
G1 X173.811 Y158.377 E.0266
G1 X174.385 Y157.945 E.01413
G1 X174.881 Y157.525 E.01278
G1 X175.75 Y156.629 E.02455
G1 X176.769 Y155.203 E.03447
G1 X177.014 Y154.764 E.00989
G1 X177.276 Y154.248 E.01138
G1 X177.758 Y152.989 E.02652
G1 X178.073 Y151.655 E.02696
G1 X178.177 Y150.695 E.01899
G1 X178.193 Y149.89 E.01584
G1 X178.169 Y149.071 E.01612
G1 X177.929 Y147.604 E.02924
G1 X177.791 Y147.088 E.01051
G1 X177.611 Y146.559 E.01099
G1 X177.426 Y146.088 E.00995
G1 X176.947 Y145.064 E.02224
G1 X176.224 Y143.931 E.02644
G1 X175.902 Y143.517 E.01032
G1 X175.34 Y142.885 E.01663
G1 X174.324 Y141.967 E.02693
G1 X173.203 Y141.198 E.02674
G1 X172.006 Y140.591 E.0264
G1 X170.703 Y140.137 E.02714
G1 X169.623 Y139.915 E.02169
G1 X169.046 Y139.828 E.01148
G1 X168.568 Y139.686 E.00981
G1 X168.261 Y139.318 E.00943
G1 X168.199 Y139.007 E.00624
G1 X168.197 Y137.134 E.03684
G1 X168.267 Y136.707 E.00851
G1 X168.46 Y136.438 E.00651
G1 X168.732 Y136.276 E.00623
G1 X169.066 Y136.234 E.00662
G1 X169.591 Y136.284 E.01037
G1 X171.292 Y136.591 E.034
G1 X172.739 Y137.032 E.02975
G1 X173.445 Y137.313 E.01495
G1 X174.217 Y137.673 E.01675
G1 X175.613 Y138.484 E.03176
G1 X176.86 Y139.42 E.03067
G1 X177.254 Y139.758 E.01021
G1 X178.081 Y140.573 E.02284
G1 X178.776 Y141.381 E.02096
G1 X179.11 Y141.814 E.01076
G1 X180.069 Y143.312 E.03498
G1 X180.708 Y144.628 E.02877
G1 X181 Y145.383 E.01592
G1 X181.246 Y146.147 E.01579
G1 X181.604 Y147.727 E.03186
G1 X181.724 Y148.858 E.02237
G1 X181.789 Y149.841 E.01938
G1 X181.756 Y150.951 E.02184
G1 X181.549 Y152.55 E.03171
G1 X181.092 Y154.314 E.03584
G1 X180.577 Y155.636 E.02791
G1 X180.2 Y156.409 E.01692
G1 X179.832 Y157.065 E.01479
G1 X178.919 Y158.404 E.03188
G1 X177.856 Y159.627 E.03187
G1 X177.462 Y160.014 E.01086
G1 X176.663 Y160.711 E.02085
G1 X175.776 Y161.364 E.02166
G1 X175.35 Y161.65 E.01009
G1 X174.192 Y162.287 E.026
G1 X173.703 Y162.537 E.0108
G1 X172.43 Y163.041 E.02693
G1 X171.559 Y163.305 E.0179
G1 X170.876 Y163.468 E.01381
G1 X169.274 Y163.713 E.03188
G1 X167.654 Y163.767 E.03188
G1 X167.053 Y163.739 E.01183
G1 X166.048 Y163.633 E.01988
G1 X165.211 Y163.474 E.01676
G1 X164.467 Y163.312 E.01498
G1 X163.451 Y162.977 E.02104
G1 X162.649 Y162.691 E.01675
G1 X161.526 Y162.154 E.02448
G1 X160.586 Y161.608 E.02138
G1 X160.029 Y161.23 E.01324
G1 X158.812 Y160.266 E.03054
G1 X138.794 Y142.396 E.5278
G1 X137.729 Y141.566 E.02656
G1 X137.154 Y141.204 E.01336
G1 X136.539 Y140.873 E.01374
G1 X135.283 Y140.351 E.02675
G1 X133.975 Y140.001 E.02663
G1 X133.336 Y139.896 E.01274
G1 X132.343 Y139.828 E.01958
G1 X131.27 Y139.834 E.02111
G1 X129.926 Y140.021 E.02669
G1 X129.309 Y140.169 E.01248
G1 X128.6 Y140.391 E.01461
G1 X127.35 Y140.929 E.02677
G1 X126.189 Y141.623 E.0266
G1 X125.615 Y142.055 E.01413
G1 X125.118 Y142.476 E.01281
G1 X124.193 Y143.439 E.02626
G1 X123.902 Y143.834 E.00965
G1 X123.232 Y144.794 E.02303
M73 P27 R9
G1 X122.986 Y145.236 E.00995
G1 X122.724 Y145.752 E.01138
G1 X122.242 Y147.011 E.02652
G1 X121.93 Y148.332 E.0267
G1 X121.852 Y148.895 E.01118
G1 X121.795 Y149.703 E.01593
G1 X121.842 Y151.022 E.02596
G1 E-1 F1200
G1 X120.332 Y155.905 F9000
G1 E1 F1500
;TYPE:Sparse infill
;WIDTH:0.42
G1 F7200
G1 X120.545 Y156.344 E.0096
G1 X121.132 Y157.261 E.02142
G1 X124.826 Y160.956 E.10276
G1 X124.913 Y161.02 E.00213
G1 X126.106 Y161.702 E.02703
G1 X126.834 Y162.042 E.01579
G1 X127.494 Y162.304 E.01398
G1 X128.874 Y162.725 E.02837
G1 X130.506 Y163.019 E.03261
G1 X130.919 Y163.059 E.00817
G1 X131.037 Y163.042 E.00234
G1 X131.067 Y163.022 E.0007
G1 X131.1 Y162.891 E.00267
G1 X131.098 Y161.206 E.03313
G1 X130.747 Y160.855 E.00977
G1 X130.468 Y160.821 E.00554
G1 X129.152 Y160.551 E.02641
G1 X128.845 Y160.464 E.00629
G1 X127.71 Y160.053 E.02373
G1 X126.438 Y159.407 E.02806
G1 X125.275 Y158.61 E.02774
G1 X125.083 Y158.459 E.00481
G1 X124.166 Y157.615 E.02451
G1 X123.562 Y156.938 E.01785
G1 X123.182 Y156.444 E.01225
G1 X122.459 Y155.312 E.02642
G1 X122.352 Y155.118 E.00436
G1 X121.819 Y153.946 E.02533
G1 X121.529 Y153.092 E.01773
G1 X121.375 Y152.501 E.01202
G1 X121.169 Y151.276 E.02442
G1 X118.951 Y149.058 E.0617
G1 X119.072 Y147.987 E.0212
G1 X119.139 Y147.596 E.00782
G1 X119.572 Y145.919 E.03406
G1 X120.067 Y144.646 E.02687
G1 X120.229 Y144.315 E.00725
G1 X121.889 Y145.975 E.04618
G1 X122.074 Y145.484 E.01031
G1 X122.471 Y144.7 E.01729
G1 X122.801 Y144.148 E.01265
G1 X123.682 Y142.957 E.02914
G1 X124.275 Y142.339 E.01684
G1 X122.724 Y140.789 E.04314
G1 X123.016 Y140.502 E.00805
G1 X123.778 Y139.837 E.01988
G1 X124.719 Y139.144 E.02299
G1 X125.011 Y138.954 E.00685
G1 X126.236 Y138.279 E.02751
G1 X127.892 Y139.935 E.04607
G1 X128.404 Y139.715 E.01095
G1 X129.109 Y139.495 E.01453
G1 X129.824 Y139.325 E.01445
G1 X131.25 Y139.131 E.02831
G1 X132.62 Y139.124 E.02694
G1 X133.152 Y139.173 E.01051
G1 X130.961 Y136.983 E.06092
G1 X132.389 Y136.938 E.02809
G1 X132.894 Y136.962 E.00994
G1 X133.849 Y137.063 E.0189
G1 X135.047 Y137.291 E.02398
G1 X135.337 Y137.364 E.00588
G1 X136.835 Y137.857 E.03102
G1 X137.066 Y137.951 E.00491
G1 X138.211 Y138.499 E.02496
G1 X138.905 Y138.905 E.01581
G1 X161.095 Y161.095 E.61724
G1 X161.789 Y161.501 E.01581
G1 X162.934 Y162.049 E.02496
G1 X163.165 Y162.143 E.00491
G1 X164.663 Y162.636 E.03102
G1 X164.953 Y162.709 E.00588
G1 X166.151 Y162.937 E.02398
G1 X167.106 Y163.038 E.0189
G1 X167.659 Y163.064 E.01088
G1 X169.039 Y163.017 E.02716
G1 X166.848 Y160.827 E.06094
G1 X167.38 Y160.876 E.01051
G1 X168.75 Y160.869 E.02694
G1 X170.166 Y160.676 E.02811
G1 X170.891 Y160.505 E.01465
G1 X171.596 Y160.285 E.01453
G1 X172.108 Y160.065 E.01096
G1 X173.764 Y161.721 E.04604
G1 X174.989 Y161.046 E.02751
G1 X175.281 Y160.856 E.00685
G1 X176.222 Y160.163 E.02299
G1 X176.984 Y159.498 E.01989
G1 X177.276 Y159.211 E.00805
G1 X175.726 Y157.662 E.0431
G1 X176.288 Y157.082 E.01588
G1 X177.198 Y155.855 E.03004
G1 X177.519 Y155.317 E.01232
G1 X177.926 Y154.516 E.01768
G1 X178.113 Y154.027 E.0103
G1 X179.771 Y155.685 E.04614
G1 X179.933 Y155.354 E.00725
G1 X180.428 Y154.081 E.02687
G1 X180.861 Y152.404 E.03406
G1 X180.928 Y152.013 E.00782
G1 X181.05 Y150.942 E.0212
G1 X178.816 Y148.708 E.06213
G1 X178.617 Y147.457 E.02492
G1 X178.461 Y146.874 E.01187
G1 X178.181 Y146.054 E.01704
G1 X177.671 Y144.93 E.02428
G1 X177.541 Y144.688 E.00539
G1 X176.777 Y143.497 E.02784
G1 X176.438 Y143.062 E.01084
G1 X175.871 Y142.423 E.01681
G1 X174.957 Y141.576 E.0245
G1 X174.726 Y141.39 E.00584
G1 X173.562 Y140.593 E.02775
G1 X172.29 Y139.947 E.02806
G1 X171.155 Y139.536 E.02373
G1 X170.848 Y139.449 E.00629
G1 X169.532 Y139.179 E.02641
G1 X169.253 Y139.145 E.00554
G1 X168.902 Y138.794 E.00977
G1 X168.9 Y137.114 E.03305
G1 X168.924 Y136.995 E.00238
G1 X168.965 Y136.955 E.00112
G1 X169.077 Y136.941 E.00222
G1 X169.494 Y136.981 E.00824
G1 X171.126 Y137.275 E.03262
G1 X172.506 Y137.696 E.02837
G1 X173.166 Y137.958 E.01398
G1 X173.894 Y138.298 E.01579
G1 X175.087 Y138.98 E.02703
G1 X175.174 Y139.044 E.00213
G1 X178.868 Y142.739 E.10276
G1 X179.455 Y143.656 E.02142
G1 X179.668 Y144.095 E.0096
; stop printing object s+hook+20mm id:0 copy 0
M106 S51
;LAYER_CHANGE
;Z:1.2
;HEIGHT:0.12
;_SET_FAN_SPEED_CHANGING_LAYER
; printing object s+hook+20mm id:0 copy 0
G1 E-1 F1200
G1 X181.262 Y151.692 Z1.2 F9000
G1 E1 F1500
;TYPE:Inner wall
;WIDTH:0.419999
G1 F7200
G1 X181.226 Y152.014 E.00637
G1 X181.137 Y152.516 E.01003
G1 X181.034 Y152.929 E.00837
G1 E-1 F1200
G1 X118.738 Y148.308 F9000
G1 E1 F1500
G1 F7200
G1 X118.774 Y147.986 E.00637
G1 X118.863 Y147.484 E.01003
G1 X118.966 Y147.071 E.00837
G1 E-1 F1200
G1 X122.242 Y147.011 F9000
G1 E1 F1500
;TYPE:Outer wall
G1 F6000
G1 X121.93 Y148.332 E.0267
G1 X121.852 Y148.895 E.01118
G1 X121.795 Y149.703 E.01593
G1 X121.844 Y151.062 E.02675
G1 X121.972 Y151.816 E.01504
G1 X122.071 Y152.396 E.01157
G1 X122.209 Y152.912 E.01051
G1 X122.389 Y153.442 E.01101
G1 X122.574 Y153.912 E.00993
G1 X123.053 Y154.936 E.02224
G1 X123.776 Y156.069 E.02644
G1 X124.098 Y156.483 E.01032
G1 X124.664 Y157.119 E.01675
G1 X125.676 Y158.033 E.02682
G1 X126.797 Y158.802 E.02674
G1 X127.994 Y159.409 E.0264
G1 X129.297 Y159.863 E.02714
G1 X130.377 Y160.085 E.02169
G1 X130.954 Y160.172 E.01148
G1 X131.432 Y160.314 E.00981
G1 X131.739 Y160.682 E.00943
G1 X131.801 Y160.993 E.00624
G1 X131.803 Y162.871 E.03694
G1 X131.739 Y163.281 E.00816
G1 X131.571 Y163.533 E.00596
G1 X131.29 Y163.715 E.00659
G1 X130.937 Y163.767 E.00702
G1 X130.409 Y163.716 E.01043
G1 X128.708 Y163.409 E.034
G1 X127.261 Y162.968 E.02975
G1 X126.555 Y162.687 E.01495
G1 X125.783 Y162.327 E.01675
G1 X124.387 Y161.516 E.03176
G1 X123.14 Y160.58 E.03067
G1 X122.746 Y160.242 E.01021
G1 X121.919 Y159.427 E.02284
G1 X121.224 Y158.619 E.02096
G1 X120.89 Y158.186 E.01076
G1 X119.931 Y156.688 E.03498
G1 X119.292 Y155.372 E.02877
G1 X119 Y154.617 E.01592
G1 X118.754 Y153.853 E.01579
G1 X118.421 Y152.421 E.02892
G1 X118.225 Y150.661 E.03483
G1 X118.211 Y150.159 E.00988
G1 X118.244 Y149.049 E.02184
G1 X118.451 Y147.45 E.03171
G1 X118.908 Y145.686 E.03584
G1 X119.423 Y144.364 E.02791
G1 X119.8 Y143.591 E.01692
G1 X120.168 Y142.935 E.01479
G1 X121.02 Y141.675 E.02992
G1 X122.145 Y140.373 E.03384
G1 X122.538 Y139.986 E.01085
G1 X123.337 Y139.289 E.02085
G1 X124.224 Y138.636 E.02166
G1 X124.65 Y138.35 E.01009
G1 X125.808 Y137.713 E.026
G1 X126.297 Y137.463 E.0108
G1 X127.57 Y136.959 E.02693
G1 X128.441 Y136.695 E.0179
G1 X129.124 Y136.532 E.01381
G1 X130.726 Y136.287 E.03188
G1 X132.346 Y136.233 E.03188
G1 X132.947 Y136.261 E.01183
G1 X133.952 Y136.367 E.01988
G1 X134.789 Y136.526 E.01676
G1 X135.533 Y136.688 E.01498
G1 X136.549 Y137.023 E.02104
G1 X137.351 Y137.309 E.01675
G1 X138.474 Y137.846 E.02448
G1 X139.414 Y138.392 E.02138
G1 X139.971 Y138.77 E.01324
G1 X141.188 Y139.734 E.03054
G1 X161.206 Y157.604 E.5278
G1 X162.271 Y158.434 E.02656
G1 X162.846 Y158.796 E.01336
G1 X163.461 Y159.127 E.01374
G1 X164.717 Y159.649 E.02675
G1 X166.025 Y159.999 E.02663
G1 X166.664 Y160.104 E.01274
G1 X167.657 Y160.172 E.01958
G1 X168.73 Y160.166 E.02111
G1 X170.074 Y159.979 E.02669
G1 X170.691 Y159.831 E.01248
G1 X171.4 Y159.609 E.01461
G1 X172.65 Y159.071 E.02677
G1 X173.811 Y158.377 E.0266
G1 X174.385 Y157.945 E.01413
G1 X174.881 Y157.525 E.01278
G1 X175.75 Y156.629 E.02455
G1 X176.769 Y155.203 E.03447
G1 X177.014 Y154.764 E.00989
G1 X177.276 Y154.248 E.01138
G1 X177.758 Y152.989 E.02652
G1 X178.073 Y151.655 E.02696
G1 X178.177 Y150.695 E.01899
G1 X178.193 Y149.89 E.01584
G1 X178.169 Y149.071 E.01612
G1 X177.929 Y147.604 E.02924
G1 X177.791 Y147.088 E.01051
G1 X177.611 Y146.559 E.01099
G1 X177.426 Y146.088 E.00995
G1 X176.947 Y145.064 E.02224
G1 X176.224 Y143.931 E.02644
G1 X175.902 Y143.517 E.01032
G1 X175.34 Y142.885 E.01663
G1 X174.324 Y141.967 E.02693
G1 X173.203 Y141.198 E.02674
G1 X172.006 Y140.591 E.0264
G1 X170.703 Y140.137 E.02714
G1 X169.623 Y139.915 E.02169
G1 X169.046 Y139.828 E.01148
G1 X168.568 Y139.686 E.00981
G1 X168.261 Y139.318 E.00943
G1 X168.199 Y139.007 E.00624
G1 X168.197 Y137.134 E.03684
G1 X168.267 Y136.707 E.00851
G1 X168.459 Y136.438 E.0065
G1 X168.732 Y136.276 E.00624
G1 X169.066 Y136.234 E.00662
G1 X169.591 Y136.284 E.01037
G1 X171.292 Y136.591 E.034
G1 X172.739 Y137.032 E.02975
G1 X173.445 Y137.313 E.01495
G1 X174.217 Y137.673 E.01675
G1 X175.613 Y138.484 E.03176
G1 X176.86 Y139.42 E.03067
G1 X177.254 Y139.758 E.01021
G1 X178.081 Y140.573 E.02284
G1 X178.776 Y141.381 E.02096
G1 X179.11 Y141.814 E.01076
G1 X180.069 Y143.312 E.03498
G1 X180.708 Y144.628 E.02877
G1 X181 Y145.383 E.01592
G1 X181.246 Y146.147 E.01579
G1 X181.604 Y147.727 E.03186
G1 X181.724 Y148.858 E.02237
G1 X181.789 Y149.841 E.01938
G1 X181.756 Y150.951 E.02184
G1 X181.549 Y152.55 E.03171
G1 X181.092 Y154.314 E.03584
G1 X180.577 Y155.636 E.02791
G1 X180.2 Y156.409 E.01692
G1 X179.832 Y157.065 E.01479
G1 X178.919 Y158.404 E.03188
G1 X177.856 Y159.627 E.03187
G1 X177.462 Y160.014 E.01086
G1 X176.663 Y160.711 E.02085
G1 X175.776 Y161.364 E.02166
G1 X175.35 Y161.65 E.01009
G1 X174.192 Y162.287 E.026
G1 X173.703 Y162.537 E.0108
G1 X172.43 Y163.041 E.02693
G1 X171.559 Y163.305 E.0179
G1 X170.876 Y163.468 E.01381
G1 X169.274 Y163.713 E.03188
G1 X167.654 Y163.767 E.03188
G1 X167.053 Y163.739 E.01183
G1 X166.048 Y163.633 E.01988
G1 X165.211 Y163.474 E.01676
G1 X164.467 Y163.312 E.01498
G1 X163.451 Y162.977 E.02104
G1 X162.649 Y162.691 E.01675
G1 X161.526 Y162.154 E.02448
G1 X160.586 Y161.608 E.02138
G1 X160.029 Y161.23 E.01324
G1 X158.812 Y160.266 E.03054
G1 X138.794 Y142.396 E.5278
G1 X137.729 Y141.566 E.02656
G1 X137.154 Y141.204 E.01336
G1 X136.539 Y140.873 E.01374
G1 X135.283 Y140.351 E.02675
G1 X133.975 Y140.001 E.02663
G1 X133.336 Y139.896 E.01274
G1 X132.343 Y139.828 E.01958
G1 X131.27 Y139.834 E.02111
G1 X129.926 Y140.021 E.02669
G1 X129.309 Y140.169 E.01248
G1 X128.6 Y140.391 E.01461
G1 X127.35 Y140.929 E.02677
G1 X126.189 Y141.623 E.0266
G1 X125.615 Y142.055 E.01413
G1 X125.118 Y142.476 E.01281
G1 X124.193 Y143.439 E.02626
G1 X123.902 Y143.834 E.00965
G1 X123.232 Y144.794 E.02303
G1 X122.986 Y145.236 E.00995
G1 X122.724 Y145.752 E.01138
G1 X122.257 Y146.974 E.02573
G1 E-1 F1200
G1 X119.638 Y149.746 F9000
G1 E1 F1500
M73 P28 R9
;TYPE:Sparse infill
;WIDTH:0.42
G1 F7200
G1 X120.409 Y150.517 E.02145
G1 E-1 F1200
G1 X131.65 Y137.671 F9000
G1 E1 F1500
G1 F7200
G1 X132.393 Y138.415 E.02069
G1 E-1 F1200
G1 X145.31 Y145.31 F9000
G1 E1 F1500
G1 F7200
G1 X154.69 Y154.69 E.26094
G1 E-1 F1200
G1 X167.607 Y161.585 F9000
G1 E1 F1500
G1 F7200
G1 X168.35 Y162.329 E.02069
G1 E-1 F1200
G1 X180.361 Y150.253 F9000
G1 E1 F1500
G1 F7200
G1 X179.596 Y149.489 E.02126
; stop printing object s+hook+20mm id:0 copy 0
; FIBER RESERVE: mode=band strands=1 removed=2
M400
G1 E-10 F1200
MOVE_TO_BRUSH_STATION
CLEAN_NOZZLE
M104 S150 T1 ; standby
M104 S270 T0 ; pre-charge
M109 S270 T0
MOVE_OUT_BRUSH_STATION
M106 P2 S181 ; fibre-side cooling, fan4, owned by T0 (depositing)
M106 P1 S0 ; part-cooling, fan3, owned by T1 (idle)
M106 P3 S255 ; auxiliary fan on while T0 deposits
M106 P5 S255 ; exhaust fan on while T0 deposits
T0 ; switch extruder type to:FIBER
; LAYER:9 [1.20]
M1001 L234
G1 F1200 Z2.40
G1 X155.55 Y153.76 F1200
G1 F1200 U55.000 ; Extrude restart
G1 F1200 Z1.20
G1 F600 V1.000 ; Recover matrix retract
G1 F600 V3.000 ; Matrix prime
G1 X160.63 Y158.30 V0.227 U6.674 P0.034 F300
G1 X161.45 Y158.94 V0.035 U1.027 P0.034 F300
M73 P28 R8
G1 X161.76 Y159.17 V0.013 U0.370 P0.034 F300
G1 X162.07 Y159.38 V0.013 U0.370 P0.034 F300
G1 X162.39 Y159.58 V0.013 U0.370 P0.034 F300
G1 X162.73 Y159.76 V0.013 U0.379 P0.034 F300
G1 X163.08 Y159.94 V0.013 U0.379 P0.034 F300
G1 X163.43 Y160.09 V0.013 U0.379 P0.034 F300
G1 X163.75 Y160.23 V0.012 U0.342 P0.034 F300
G1 X164.43 Y160.48 V0.024 U0.714 P0.034 F300
G1 X165.13 Y160.70 V0.024 U0.714 P0.034 F300
G1 X165.48 Y160.79 V0.012 U0.354 P0.034 F300
G1 X165.84 Y160.88 V0.012 U0.360 P0.034 F300
G1 X166.20 Y160.94 V0.012 U0.360 P0.034 F300
G1 X166.56 Y160.99 V0.012 U0.360 P0.034 F300
G1 X166.93 Y161.03 V0.012 U0.360 P0.034 F300
G1 X167.63 Y161.08 V0.023 U0.689 P0.034 F300
G1 X168.21 Y161.07 V0.019 U0.571 P0.034 F300
G1 X168.79 Y161.05 V0.019 U0.570 P0.034 F600
G1 X169.37 Y160.99 V0.019 U0.570 P0.034 F600
G1 X169.89 Y160.92 V0.017 U0.514 P0.034 F600
G1 X170.24 Y160.86 V0.012 U0.347 P0.034 F600
G1 X170.59 Y160.79 V0.012 U0.347 P0.034 F600
G1 X170.93 Y160.70 V0.012 U0.348 P0.034 F600
G1 X171.32 Y160.58 V0.014 U0.402 P0.034 F600
G1 X171.71 Y160.45 V0.014 U0.401 P0.034 F600
G1 X172.09 Y160.30 V0.014 U0.401 P0.034 F600
G1 X172.39 Y160.17 V0.011 U0.320 P0.034 F600
G1 X173.05 Y159.86 V0.024 U0.715 P0.034 F600
G1 X173.69 Y159.50 V0.024 U0.715 P0.034 F600
G1 X173.98 Y159.33 V0.011 U0.328 P0.034 F600
G1 X174.31 Y159.12 V0.013 U0.388 P0.034 F600
G1 X174.63 Y158.89 V0.013 U0.388 P0.034 F600
G1 X174.95 Y158.65 V0.013 U0.388 P0.034 F600
G1 X175.22 Y158.42 V0.012 U0.353 P0.034 F600
G1 X175.49 Y158.18 V0.012 U0.353 P0.034 F600
G1 X175.75 Y157.93 V0.012 U0.353 P0.034 F600
G1 X175.97 Y157.70 V0.011 U0.314 P0.034 F600
G1 X176.43 Y157.19 V0.023 U0.665 P0.034 F600
M73 P29 R8
G1 X176.84 Y156.66 V0.023 U0.665 P0.034 F600
G1 X177.37 Y155.92 V0.030 U0.887 P0.034 F600
G1 X177.53 Y155.68 V0.010 U0.280 P0.034 F600
G1 X177.67 Y155.44 V0.010 U0.280 P0.034 F600
G1 X177.81 Y155.19 V0.010 U0.280 P0.034 F600
G1 X177.96 Y154.90 V0.011 U0.315 P0.034 F600
G1 X178.10 Y154.61 V0.011 U0.315 P0.034 F600
G1 X178.22 Y154.31 V0.011 U0.315 P0.034 F600
G1 X178.36 Y153.93 V0.014 U0.398 P0.034 F600
G1 X178.60 Y153.25 V0.024 U0.712 P0.034 F600
G1 X178.79 Y152.55 V0.024 U0.712 P0.034 F600
G1 X178.84 Y152.32 V0.008 U0.224 P0.034 F600
G1 X178.95 Y151.81 V0.018 U0.519 P0.034 F600
G1 X179.02 Y151.28 V0.018 U0.519 P0.034 F600
G1 X179.04 Y151.14 V0.005 U0.134 P0.034 F600
G1 X179.07 Y150.75 V0.013 U0.386 P0.034 F600
G1 X179.09 Y150.36 V0.013 U0.386 P0.034 F600
G1 X179.10 Y149.96 V0.013 U0.386 P0.034 F600
G1 X179.10 Y149.89 V0.003 U0.078 P0.034 F600
G1 X179.08 Y149.43 V0.015 U0.442 P0.034 F600
G1 X179.06 Y148.99 V0.015 U0.441 P0.034 F600
G1 X179.00 Y148.54 V0.015 U0.441 P0.034 F600
G1 X178.86 Y147.72 V0.028 U0.818 P0.034 F600
G1 X178.81 Y147.42 V0.010 U0.299 P0.034 F600
G1 X178.74 Y147.12 V0.010 U0.299 P0.034 F600
G1 X178.66 Y146.82 V0.010 U0.299 P0.034 F600
G1 X178.46 Y146.25 V0.020 U0.598 P0.034 F600
G1 X178.26 Y145.73 V0.018 U0.544 P0.034 F600
G1 X178.00 Y145.18 V0.020 U0.597 P0.034 F600
G1 X177.72 Y144.64 V0.020 U0.596 P0.034 F600
G1 X177.41 Y144.11 V0.020 U0.596 P0.034 F600
G1 X177.12 Y143.66 V0.018 U0.526 P0.034 F600
G1 X176.96 Y143.41 V0.010 U0.292 P0.034 F600
G1 X176.78 Y143.17 V0.010 U0.292 P0.034 F600
G1 X176.60 Y142.94 V0.010 U0.292 P0.034 F600
G1 X176.29 Y142.59 V0.015 U0.453 P0.034 F600
G1 X175.97 Y142.26 V0.015 U0.453 P0.034 F600
G1 X175.64 Y141.94 V0.015 U0.453 P0.034 F600
G1 X175.43 Y141.75 V0.009 U0.271 P0.034 F600
G1 X174.87 Y141.27 V0.025 U0.723 P0.034 F600
G1 X174.28 Y140.84 V0.025 U0.723 P0.034 F600
G1 X173.65 Y140.44 V0.025 U0.724 P0.034 F600
G1 X173.01 Y140.09 V0.024 U0.716 P0.034 F600
G1 X172.35 Y139.78 V0.024 U0.716 P0.034 F600
G1 X171.67 Y139.52 V0.024 U0.716 P0.034 F600
G1 X171.50 Y139.46 V0.006 U0.172 P0.034 F600
G1 X170.94 Y139.28 V0.020 U0.580 P0.034 F600
G1 X170.36 Y139.14 V0.020 U0.580 P0.034 F600
G1 X169.78 Y139.02 V0.020 U0.581 P0.034 F600
G1 X169.32 Y138.95 V0.016 U0.463 P0.034 F600
G1 X169.24 Y138.94 V0.002 U0.071 P0.034 F600
G1 X169.17 Y138.92 V0.002 U0.071 P0.034 F600
G1 X169.10 Y138.90 V0.002 U0.071 P0.034 F600
G1 X169.10 Y137.24 V0.055 U1.631 P0.034 F600
G1 X169.10 Y137.21 V0.001 U0.030 P0.034 F600
G1 X169.11 Y137.18 V0.001 U0.030 P0.034 F600
G1 X169.11 Y137.15 V0.001 U0.030 P0.034 F600
G1 X169.47 Y137.18 V0.012 U0.350 P0.034 F600
G1 X170.39 Y137.35 V0.031 U0.915 P0.034 F600
G1 X171.07 Y137.49 V0.023 U0.690 P0.034 F600
G1 X171.75 Y137.68 V0.023 U0.690 P0.034 F600
G1 X172.44 Y137.89 V0.024 U0.703 P0.034 F600
G1 X173.09 Y138.14 V0.023 U0.682 P0.034 F600
G1 X173.44 Y138.31 V0.013 U0.385 P0.034 F600
G1 X173.79 Y138.48 V0.013 U0.385 P0.034 F600
G1 X174.14 Y138.67 V0.013 U0.385 P0.034 F600
G1 X174.50 Y138.88 V0.014 U0.412 P0.034 F600
G1 X175.10 Y139.26 V0.024 U0.692 P0.034 F600
G1 X175.68 Y139.66 V0.024 U0.692 P0.034 F600
G1 X176.29 Y140.13 V0.026 U0.754 P0.034 F600
G1 X176.64 Y140.42 V0.015 U0.450 P0.034 F600
G1 X177.42 Y141.19 V0.036 U1.071 P0.034 F600
G1 X178.08 Y141.95 V0.033 U0.985 P0.034 F600
G1 X178.22 Y142.14 V0.008 U0.236 P0.034 F600
G1 X178.37 Y142.34 V0.008 U0.236 P0.034 F600
G1 X178.50 Y142.54 V0.008 U0.236 P0.034 F600
G1 X178.91 Y143.18 V0.025 U0.743 P0.034 F600
G1 X179.26 Y143.76 V0.023 U0.672 P0.034 F600
G1 X179.58 Y144.37 V0.023 U0.672 P0.034 F600
G1 X179.88 Y144.99 V0.023 U0.672 P0.034 F600
G1 X180.15 Y145.68 V0.025 U0.732 P0.034 F600
G1 X180.26 Y146.04 V0.012 U0.360 P0.034 F600
G1 X180.36 Y146.39 V0.012 U0.360 P0.034 F600
G1 X180.45 Y146.74 V0.012 U0.360 P0.034 F600
G1 X180.59 Y147.35 V0.021 U0.614 P0.034 F600
G1 X180.69 Y147.88 V0.018 U0.522 P0.034 F600
G1 X180.77 Y148.40 V0.018 U0.522 P0.034 F600
G1 X180.82 Y148.94 V0.018 U0.523 P0.034 F600
G1 X180.85 Y149.40 V0.015 U0.453 P0.034 F600
G1 X180.87 Y149.86 V0.015 U0.452 P0.034 F600
G1 X180.87 Y150.32 V0.015 U0.452 P0.034 F600
G1 X180.87 Y150.37 V0.002 U0.048 P0.034 F600
G1 X180.84 Y150.88 V0.017 U0.501 P0.034 F600
G1 X180.79 Y151.39 V0.017 U0.501 P0.034 F600
G1 X180.76 Y151.64 V0.008 U0.247 P0.034 F600
G1 X180.64 Y152.37 V0.025 U0.732 P0.034 F600
G1 X180.47 Y153.10 V0.025 U0.732 P0.034 F600
G1 X180.40 Y153.39 V0.010 U0.294 P0.034 F600
G1 X180.21 Y154.03 V0.022 U0.650 P0.034 F600
G1 X179.99 Y154.65 V0.022 U0.650 P0.034 F600
G1 X179.75 Y155.27 V0.022 U0.651 P0.034 F600
G1 X179.40 Y155.99 V0.027 U0.781 P0.034 F600
G1 X179.06 Y156.59 V0.023 U0.673 P0.034 F600
G1 X178.60 Y157.27 V0.027 U0.807 P0.034 F600
G1 X178.19 Y157.84 V0.023 U0.690 P0.034 F600
G1 X177.74 Y158.38 V0.023 U0.690 P0.034 F600
G1 X177.20 Y159.01 V0.028 U0.811 P0.034 F600
G1 X176.85 Y159.35 V0.016 U0.480 P0.034 F600
G1 X176.10 Y160.01 V0.033 U0.977 P0.034 F600
G1 X175.26 Y160.62 V0.035 U1.022 P0.034 F600
G1 X174.88 Y160.88 V0.015 U0.444 P0.034 F600
G1 X173.77 Y161.49 V0.042 U1.244 P0.034 F600
G1 X173.55 Y161.60 V0.008 U0.241 P0.034 F600
G1 X173.33 Y161.71 V0.008 U0.241 P0.034 F600
G1 X173.10 Y161.80 V0.008 U0.241 P0.034 F600
G1 X172.13 Y162.19 V0.035 U1.021 P0.034 F600
G1 X171.32 Y162.43 V0.028 U0.830 P0.034 F600
G1 X170.70 Y162.58 V0.021 U0.625 P0.034 F600
G1 X169.89 Y162.70 V0.027 U0.807 P0.034 F600
G1 X169.19 Y162.79 V0.023 U0.690 P0.034 F600
G1 X168.49 Y162.83 V0.023 U0.690 P0.034 F600
G1 X167.66 Y162.86 V0.028 U0.810 P0.034 F600
G1 X167.12 Y162.84 V0.018 U0.528 P0.034 F600
G1 X166.18 Y162.74 V0.032 U0.928 P0.034 F600
G1 X165.39 Y162.59 V0.027 U0.787 P0.034 F600
G1 X165.05 Y162.51 V0.012 U0.344 P0.034 F600
G1 X164.71 Y162.43 V0.012 U0.344 P0.034 F600
G1 X164.37 Y162.33 V0.012 U0.344 P0.034 F600
G1 X163.74 Y162.12 V0.022 U0.648 P0.034 F600
G1 X163.37 Y161.99 V0.013 U0.389 P0.034 F600
G1 X163.00 Y161.85 V0.013 U0.388 P0.034 F600
G1 X162.64 Y161.68 V0.013 U0.388 P0.034 F600
G1 X161.95 Y161.35 V0.026 U0.750 P0.034 F600
M104 S250 T1 ; FS_PREHEAT next_tool=1 lead_s=15
G1 X161.07 Y160.84 V0.034 U0.998 P0.034 F600
G1 X160.57 Y160.50 V0.020 U0.596 P0.034 F600
G1 X159.39 Y159.57 V0.050 U1.463 P0.034 F600
G1 X139.37 Y141.70 V0.894 U26.301 P0.034 F600
G1 X138.55 Y141.06 V0.035 U1.027 P0.034 F600
M73 P30 R8
G1 X138.24 Y140.83 V0.013 U0.370 P0.034 F600
G1 X137.93 Y140.62 V0.013 U0.370 P0.034 F600
G1 X137.61 Y140.42 V0.013 U0.370 P0.034 F600
G1 X137.27 Y140.24 V0.013 U0.379 P0.034 F600
G1 X136.92 Y140.06 V0.013 U0.379 P0.034 F600
G1 X136.57 Y139.91 V0.013 U0.379 P0.034 F600
G1 X136.25 Y139.77 V0.012 U0.342 P0.034 F600
G1 X135.57 Y139.52 V0.024 U0.714 P0.034 F600
G1 X134.87 Y139.30 V0.024 U0.714 P0.034 F600
G1 X134.52 Y139.21 V0.012 U0.354 P0.034 F600
G1 X134.16 Y139.12 V0.012 U0.360 P0.034 F600
G1 X133.80 Y139.06 V0.012 U0.360 P0.034 F600
G1 X133.44 Y139.01 V0.012 U0.360 P0.034 F600
G1 X133.07 Y138.97 V0.012 U0.360 P0.034 F600
G1 X132.37 Y138.92 V0.023 U0.689 P0.034 F600
G1 X131.79 Y138.93 V0.019 U0.571 P0.034 F600
G1 X131.21 Y138.95 V0.019 U0.570 P0.034 F600
G1 X130.63 Y139.01 V0.019 U0.570 P0.034 F600
G1 X130.11 Y139.08 V0.017 U0.514 P0.034 F600
G1 X129.76 Y139.14 V0.012 U0.347 P0.034 F600
G1 X129.41 Y139.21 V0.012 U0.347 P0.034 F600
G1 X129.07 Y139.30 V0.012 U0.348 P0.034 F600
G1 X128.68 Y139.42 V0.014 U0.402 P0.034 F600
G1 X128.29 Y139.55 V0.014 U0.401 P0.034 F600
G1 X127.91 Y139.70 V0.014 U0.401 P0.034 F600
G1 X127.61 Y139.83 V0.011 U0.320 P0.034 F600
G1 X126.95 Y140.14 V0.024 U0.715 P0.034 F600
G1 X126.31 Y140.50 V0.024 U0.715 P0.034 F600
G1 X126.02 Y140.67 V0.011 U0.328 P0.034 F600
G1 X125.69 Y140.88 V0.013 U0.388 P0.034 F600
G1 X125.37 Y141.11 V0.013 U0.388 P0.034 F600
G1 X125.05 Y141.35 V0.013 U0.388 P0.034 F600
G1 X124.77 Y141.58 V0.012 U0.354 P0.034 F600
G1 X124.51 Y141.82 V0.012 U0.354 P0.034 F600
G1 X124.25 Y142.08 V0.012 U0.354 P0.034 F600
G1 X123.69 Y142.65 V0.027 U0.783 P0.034 F600
G1 X123.51 Y142.86 V0.009 U0.275 P0.034 F600
G1 X123.33 Y143.08 V0.009 U0.275 P0.034 F600
G1 X123.17 Y143.31 V0.009 U0.275 P0.034 F600
G1 X122.63 Y144.08 V0.031 U0.924 P0.034 F600
G1 X122.47 Y144.32 V0.009 U0.279 P0.034 F600
G1 X122.33 Y144.56 V0.009 U0.279 P0.034 F600
G1 X122.19 Y144.81 V0.009 U0.279 P0.034 F600
G1 X122.04 Y145.10 V0.011 U0.315 P0.034 F600
G1 X121.90 Y145.39 V0.011 U0.315 P0.034 F600
G1 X121.78 Y145.69 V0.011 U0.315 P0.034 F600
G1 X121.64 Y146.07 V0.014 U0.398 P0.034 F600
G1 X121.40 Y146.75 V0.024 U0.712 P0.034 F600
G1 X121.21 Y147.45 V0.024 U0.712 P0.034 F600
G1 X121.11 Y147.85 V0.014 U0.404 P0.034 F600
G1 X121.05 Y148.17 V0.011 U0.314 P0.034 F600
G1 X121.00 Y148.48 V0.011 U0.314 P0.034 F600
G1 X120.95 Y148.80 V0.011 U0.314 P0.034 F600
G1 X120.92 Y149.24 V0.015 U0.435 P0.034 F600
G1 X120.90 Y149.69 V0.015 U0.435 P0.034 F600
G1 X120.91 Y150.13 V0.015 U0.435 P0.034 F600
G1 X120.93 Y150.74 V0.020 U0.600 P0.034 F600
G1 X120.96 Y151.15 V0.014 U0.403 P0.034 F600
G1 X121.01 Y151.56 V0.014 U0.403 P0.034 F600
G1 X121.08 Y151.97 V0.014 U0.404 P0.034 F600
G1 X121.14 Y152.29 V0.011 U0.321 P0.034 F600
G1 X121.19 Y152.59 V0.010 U0.297 P0.034 F600
G1 X121.26 Y152.88 V0.010 U0.297 P0.034 F600
G1 X121.34 Y153.17 V0.010 U0.297 P0.034 F600
G1 X121.54 Y153.75 V0.020 U0.598 P0.034 F600
G1 X121.74 Y154.27 V0.018 U0.544 P0.034 F600
G1 X122.00 Y154.82 V0.020 U0.597 P0.034 F600
G1 X122.28 Y155.36 V0.020 U0.596 P0.034 F600
G1 X122.59 Y155.89 V0.020 U0.596 P0.034 F600
G1 X122.88 Y156.34 V0.018 U0.526 P0.034 F600
G1 X123.04 Y156.59 V0.010 U0.292 P0.034 F600
G1 X123.22 Y156.83 V0.010 U0.292 P0.034 F600
G1 X123.40 Y157.06 V0.010 U0.292 P0.034 F600
G1 X123.71 Y157.41 V0.016 U0.456 P0.034 F600
G1 X124.03 Y157.75 V0.016 U0.456 P0.034 F600
G1 X124.37 Y158.07 V0.016 U0.456 P0.034 F600
G1 X124.57 Y158.25 V0.009 U0.265 P0.034 F600
G1 X125.13 Y158.73 V0.024 U0.720 P0.034 F600
G1 X125.72 Y159.16 V0.024 U0.720 P0.034 F600
G1 X126.35 Y159.56 V0.025 U0.727 P0.034 F600
G1 X126.99 Y159.91 V0.024 U0.716 P0.034 F600
G1 X127.65 Y160.22 V0.024 U0.716 P0.034 F600
G1 X128.33 Y160.48 V0.024 U0.716 P0.034 F600
G1 X128.50 Y160.54 V0.006 U0.172 P0.034 F600
G1 X129.06 Y160.72 V0.020 U0.580 P0.034 F600
G1 X129.64 Y160.86 V0.020 U0.580 P0.034 F600
G1 X130.22 Y160.98 V0.020 U0.581 P0.034 F600
G1 X130.68 Y161.05 V0.016 U0.462 P0.034 F600
G1 X130.76 Y161.06 V0.002 U0.071 P0.034 F600
G1 X130.83 Y161.08 V0.002 U0.071 P0.034 F600
G1 X130.90 Y161.10 V0.002 U0.071 P0.034 F600
G1 X130.90 Y162.78 V0.056 U1.644 P0.034 F600
G1 X130.90 Y162.80 V0.001 U0.026 P0.034 F600
G1 X130.89 Y162.83 V0.001 U0.026 P0.034 F600
G1 X130.89 Y162.85 V0.001 U0.026 P0.034 F600
G1 X130.53 Y162.82 V0.012 U0.352 P0.034 F600
G1 X129.61 Y162.65 V0.031 U0.915 P0.034 F600
G1 X128.93 Y162.51 V0.023 U0.690 P0.034 F600
G1 X128.25 Y162.32 V0.023 U0.690 P0.034 F600
G1 X127.56 Y162.11 V0.024 U0.703 P0.034 F600
G1 X126.91 Y161.86 V0.023 U0.682 P0.034 F600
G1 X126.56 Y161.69 V0.013 U0.385 P0.034 F600
G1 X126.21 Y161.52 V0.013 U0.385 P0.034 F600
G1 X125.86 Y161.33 V0.013 U0.385 P0.034 F600
G1 X125.50 Y161.12 V0.014 U0.412 P0.034 F600
G1 X124.90 Y160.74 V0.024 U0.692 P0.034 F600
M73 P31 R8
G1 X124.32 Y160.34 V0.024 U0.692 P0.034 F600
G1 X123.71 Y159.87 V0.026 U0.754 P0.034 F600
G1 X123.36 Y159.58 V0.015 U0.450 P0.034 F600
G1 X122.58 Y158.81 V0.036 U1.071 P0.034 F600
G1 X121.92 Y158.05 V0.033 U0.985 P0.034 F600
G1 X121.78 Y157.86 V0.008 U0.236 P0.034 F600
G1 X121.63 Y157.66 V0.008 U0.236 P0.034 F600
G1 X121.50 Y157.46 V0.008 U0.236 P0.034 F600
G1 X121.09 Y156.82 V0.025 U0.743 P0.034 F600
G1 X120.74 Y156.24 V0.023 U0.672 P0.034 F600
G1 X120.42 Y155.63 V0.023 U0.672 P0.034 F600
G1 X120.13 Y155.02 V0.022 U0.660 P0.034 F600
; Start to cut
M2800
M400
;CUT DISTANCE 54.8
G1 X119.85 Y154.32 V0.018 F600
G1 X119.63 Y153.61 V0.018 F600
G1 X119.47 Y152.94 V0.017 F600
G1 X119.33 Y152.26 V0.017 F600
G1 X119.24 Y151.58 V0.017 F600
G1 X119.13 Y150.60 V0.024 F600
G1 X119.12 Y150.16 V0.011 F600
G1 X119.13 Y149.64 V0.012 F600
G1 X119.16 Y149.12 V0.012 F600
G1 X119.21 Y148.61 V0.012 F600
G1 X119.24 Y148.36 V0.006 F600
G1 X119.36 Y147.63 V0.018 F600
G1 X119.53 Y146.90 V0.018 F600
G1 X119.60 Y146.61 V0.007 F600
G1 X119.79 Y145.97 V0.016 F600
G1 X120.01 Y145.35 V0.016 F600
G1 X120.25 Y144.73 V0.016 F600
G1 X120.60 Y144.01 V0.019 F600
G1 X120.94 Y143.41 V0.017 F600
G1 X121.34 Y142.81 V0.017 F600
G1 X121.76 Y142.24 V0.017 F600
G1 X122.20 Y141.69 V0.017 F600
G1 X122.80 Y140.99 V0.022 F600
G1 X123.15 Y140.65 V0.012 F600
G1 X123.90 Y139.99 V0.024 F600
G1 X124.74 Y139.38 V0.025 F600
G1 X125.12 Y139.12 V0.011 F600
G1 X126.23 Y138.51 V0.030 F600
G1 X126.45 Y138.40 V0.006 F600
G1 X126.67 Y138.29 V0.006 F600
G1 X126.90 Y138.20 V0.006 F600
G1 X127.87 Y137.81 V0.025 F600
G1 X128.68 Y137.57 V0.020 F600
G1 X129.30 Y137.42 V0.015 F600
G1 X130.11 Y137.30 V0.020 F600
G1 X130.81 Y137.21 V0.017 F600
G1 X131.51 Y137.17 V0.017 F600
G1 X132.34 Y137.14 V0.020 F600
G1 X132.88 Y137.16 V0.013 F600
G1 X133.82 Y137.26 V0.023 F600
G1 X134.61 Y137.41 V0.019 F600
G1 X134.95 Y137.49 V0.008 F600
G1 X135.29 Y137.57 V0.008 F600
G1 X135.63 Y137.67 V0.008 F600
G1 X136.26 Y137.88 V0.016 F600
G1 X136.63 Y138.01 V0.010 F600
G1 X137.00 Y138.15 V0.010 F600
G1 X137.36 Y138.32 V0.010 F600
G1 X138.05 Y138.65 V0.018 F600
G1 X138.93 Y139.16 V0.024 F600
G1 X139.43 Y139.50 V0.015 F600
G1 X140.61 Y140.43 V0.036 F600
G1 X155.55 Y153.76 V0.480 F600
; Cutting completed.
G1 F600 V-1.000 ; Retract
; FS_RELEASE_BEGIN length_mm=6.800 speed_mm_s=10.000
G1 X160.619 Y158.292 F600
; FS_RELEASE_END physical_clearance=unmeasured
M1002
M400
G1 F600 V-4.000 ; Toolchange matrix retract
G1 F1200 Z1.80
MOVE_TO_BRUSH_STATION
CLEAN_NOZZLE
M104 S180 T0 ; standby
M104 S250 T1 ; pre-charge
M109 S250 T1
MOVE_OUT_BRUSH_STATION
M106 P2 S0 ; fibre-side cooling, fan4, owned by T0 (idle)
M106 P1 S181 ; part-cooling, fan3, owned by T1 (depositing)
M106 P3 S0 ; auxiliary fan off while T1 deposits
M106 P5 S0 ; exhaust fan off while T1 deposits
T1 ; switch extruder type to:PLASTIC
; FIBER TURNS: 80 joints tighter than 12.00 mm, policy=keep, splits=0
M106 S181
;LAYER_CHANGE
;Z:1.32
;HEIGHT:0.12
;_SET_FAN_SPEED_CHANGING_LAYER
; printing object s+hook+20mm id:0 copy 0
M104 S270 T0 ; FS_PREHEAT next_tool=0 lead_s=15
G1 X178.572 Y149.055 Z1.32 F9000
G1 Z1.32 F9000
G1 E10 F1500
;TYPE:Inner wall
;WIDTH:0.419999
G1 F7200
G1 X178.571 Y149.005 E.00098
G1 X178.323 Y147.499 E.03002
M73 P32 R8
G1 X178.179 Y146.963 E.01092
G1 X177.997 Y146.428 E.01112
G1 X177.797 Y145.92 E.01074
G1 X177.29 Y144.845 E.02338
G1 X176.557 Y143.696 E.02681
G1 X176.207 Y143.247 E.0112
G1 X175.611 Y142.581 E.01758
G1 X175.088 Y142.099 E.01399
G1 X174.555 Y141.632 E.01394
G1 X173.388 Y140.835 E.0278
G1 X172.146 Y140.208 E.02737
G1 X170.785 Y139.738 E.02832
G1 X169.705 Y139.516 E.02169
G1 X169.092 Y139.423 E.0122
G1 X168.808 Y139.339 E.00583
G1 X168.64 Y139.137 E.00517
G1 X168.606 Y138.966 E.00343
G1 X168.604 Y137.134 E.03603
G1 X168.648 Y136.874 E.00519
G1 X168.804 Y136.707 E.00449
G1 X169.02 Y136.65 E.00439
G1 X169.535 Y136.688 E.01016
G1 X171.196 Y136.987 E.0332
G1 X172.604 Y137.416 E.02895
G1 X173.284 Y137.687 E.0144
G1 X174.03 Y138.035 E.01619
G1 X175.379 Y138.817 E.03067
G1 X176.524 Y139.677 E.02817
G1 X176.977 Y140.057 E.01163
G1 X177.784 Y140.851 E.02227
G1 X178.468 Y141.647 E.02064
G1 X178.777 Y142.047 E.00994
G1 X179.713 Y143.511 E.03418
G1 X180.334 Y144.79 E.02797
G1 X180.617 Y145.519 E.01538
G1 X180.853 Y146.254 E.01518
G1 X181.202 Y147.793 E.03104
G1 X181.319 Y148.901 E.02191
G1 X181.382 Y149.841 E.01853
G1 X181.349 Y150.922 E.02127
G1 X181.226 Y152.014 E.02161
G1 X181.137 Y152.516 E.01003
G1 X180.741 Y154.093 E.03198
G1 X180.204 Y155.473 E.02913
G1 X179.84 Y156.22 E.01634
G1 X179.486 Y156.85 E.01421
G1 X178.596 Y158.155 E.03107
G1 X177.559 Y159.348 E.03109
G1 X177.185 Y159.715 E.01031
G1 X176.407 Y160.394 E.02031
G1 X175.688 Y160.924 E.01757
G1 X175.141 Y161.3 E.01306
G1 X173.996 Y161.93 E.02571
G1 X173.542 Y162.163 E.01004
G1 X172.296 Y162.656 E.02636
G1 X171.452 Y162.912 E.01735
G1 X170.798 Y163.069 E.01323
G1 X169.237 Y163.307 E.03106
G1 X167.657 Y163.36 E.03109
G1 X167.084 Y163.333 E.01128
G1 X166.108 Y163.23 E.0193
G1 X165.287 Y163.074 E.01644
G1 X164.581 Y162.92 E.01421
G1 X163.578 Y162.59 E.02077
G1 X162.814 Y162.319 E.01594
G1 X161.702 Y161.787 E.02425
G1 X160.812 Y161.269 E.02025
G1 X160.282 Y160.911 E.01258
G1 X159.075 Y159.954 E.0303
G1 X139.055 Y142.084 E.52783
G1 X137.963 Y141.233 E.02723
G1 X137.348 Y140.846 E.01429
G1 X136.696 Y140.497 E.01455
G1 X135.389 Y139.957 E.02782
G1 X134.042 Y139.599 E.02741
G1 X133.375 Y139.491 E.01329
G1 X132.341 Y139.421 E.02038
G1 X131.241 Y139.427 E.02164
G1 X129.849 Y139.62 E.02764
G1 X129.188 Y139.781 E.01338
G1 X128.439 Y140.017 E.01545
G1 X127.141 Y140.579 E.02782
G1 X125.947 Y141.295 E.02738
G1 X125.353 Y141.744 E.01465
G1 X124.825 Y142.194 E.01365
G1 X123.878 Y143.18 E.02689
G1 X123.573 Y143.593 E.0101
G1 X122.883 Y144.586 E.02378
G1 X122.623 Y145.052 E.0105
G1 X122.344 Y145.607 E.01222
G1 X121.852 Y146.891 E.02705
G1 X121.529 Y148.259 E.02765
G1 X121.446 Y148.866 E.01205
G1 X121.388 Y149.717 E.01678
G1 X121.415 Y150.487 E.01515
G1 X121.442 Y151.13 E.01266
G1 X121.677 Y152.501 E.02736
G1 X121.821 Y153.037 E.01092
G1 X122.003 Y153.572 E.01112
G1 X122.203 Y154.08 E.01074
G1 X122.71 Y155.155 E.02338
G1 X123.443 Y156.304 E.02681
G1 X123.793 Y156.753 E.0112
G1 X124.389 Y157.419 E.01758
G1 X124.912 Y157.901 E.01399
G1 X125.445 Y158.368 E.01394
G1 X126.612 Y159.165 E.0278
G1 X127.854 Y159.792 E.02737
G1 X129.215 Y160.262 E.02832
G1 X130.295 Y160.484 E.02169
G1 X130.908 Y160.577 E.0122
G1 X131.192 Y160.661 E.00583
G1 X131.36 Y160.863 E.00517
G1 X131.394 Y161.034 E.00343
G1 X131.396 Y162.872 E.03615
G1 X131.356 Y163.122 E.00498
G1 X131.22 Y163.276 E.00404
G1 X130.984 Y163.348 E.00485
G1 X130.465 Y163.312 E.01023
G1 X128.804 Y163.013 E.0332
G1 X127.396 Y162.584 E.02895
G1 X126.716 Y162.313 E.0144
G1 X125.97 Y161.965 E.01619
G1 X124.621 Y161.183 E.03067
G1 X123.476 Y160.323 E.02817
G1 X123.023 Y159.943 E.01163
G1 X122.216 Y159.149 E.02227
G1 X121.532 Y158.353 E.02064
G1 X121.223 Y157.953 E.00994
G1 X120.287 Y156.489 E.03418
G1 X119.666 Y155.21 E.02797
G1 X119.383 Y154.481 E.01538
G1 X119.147 Y153.744 E.01522
G1 X118.823 Y152.352 E.02811
G1 X118.638 Y150.69 E.03289
G1 X118.618 Y150.159 E.01045
G1 X118.651 Y149.078 E.02127
G1 X118.774 Y147.986 E.02161
G1 X118.863 Y147.484 E.01003
G1 X119.259 Y145.907 E.03198
G1 X119.796 Y144.527 E.02913
G1 X120.16 Y143.78 E.01634
G1 X120.515 Y143.149 E.01424
G1 X121.344 Y141.923 E.02911
G1 X122.442 Y140.652 E.03304
G1 X122.815 Y140.285 E.01029
G1 X123.593 Y139.606 E.02031
G1 X124.312 Y139.076 E.01757
G1 X124.859 Y138.7 E.01306
G1 X126.004 Y138.07 E.02571
G1 X126.458 Y137.837 E.01004
G1 X127.704 Y137.344 E.02636
G1 X128.548 Y137.088 E.01735
G1 X129.202 Y136.931 E.01323
G1 X130.763 Y136.693 E.03106
G1 X132.343 Y136.64 E.03109
G1 X132.916 Y136.667 E.01128
G1 X133.892 Y136.77 E.0193
G1 X134.713 Y136.926 E.01644
G1 X135.419 Y137.08 E.01421
G1 X136.422 Y137.41 E.02077
G1 X137.186 Y137.681 E.01594
G1 X138.298 Y138.213 E.02425
G1 X139.188 Y138.731 E.02025
G1 X139.718 Y139.089 E.01258
G1 X140.925 Y140.046 E.0303
G1 X160.945 Y157.916 E.52783
G1 X162.037 Y158.767 E.02723
G1 X162.652 Y159.154 E.01429
G1 X163.304 Y159.503 E.01455
G1 X164.611 Y160.043 E.02782
G1 X165.958 Y160.401 E.02741
G1 X166.625 Y160.509 E.01329
G1 X167.659 Y160.579 E.02038
G1 X168.759 Y160.573 E.02164
G1 X170.151 Y160.38 E.02764
G1 X170.812 Y160.219 E.01338
G1 X171.561 Y159.983 E.01545
G1 X172.859 Y159.421 E.02782
G1 X174.053 Y158.705 E.02738
G1 X174.647 Y158.256 E.01465
G1 X175.173 Y157.808 E.01359
G1 X176.064 Y156.888 E.02519
G1 X176.372 Y156.475 E.01013
G1 X177.119 Y155.411 E.02557
G1 X177.377 Y154.948 E.01043
G1 X177.656 Y154.393 E.01222
G1 X178.148 Y153.109 E.02705
G1 X178.475 Y151.725 E.02797
G1 X178.583 Y150.724 E.0198
G1 X178.6 Y149.878 E.01664
G1 X178.574 Y149.095 E.01541
G1 X178.169 Y149.071 F9000
;TYPE:Outer wall
G1 F6000
G1 X177.929 Y147.604 E.02924
G1 X177.791 Y147.088 E.01051
G1 X177.611 Y146.559 E.01099
G1 X177.426 Y146.088 E.00995
G1 X176.947 Y145.064 E.02224
G1 X176.224 Y143.931 E.02644
G1 X175.902 Y143.517 E.01032
G1 X175.34 Y142.885 E.01663
G1 X174.324 Y141.967 E.02693
G1 X173.203 Y141.198 E.02674
G1 X172.006 Y140.591 E.0264
G1 X170.703 Y140.137 E.02714
G1 X169.623 Y139.915 E.02169
G1 X169.046 Y139.828 E.01148
G1 X168.568 Y139.686 E.00981
G1 X168.261 Y139.318 E.00943
G1 X168.199 Y139.007 E.00624
G1 X168.197 Y137.134 E.03684
G1 X168.267 Y136.707 E.00851
G1 X168.459 Y136.438 E.0065
G1 X168.732 Y136.276 E.00624
G1 X169.066 Y136.234 E.00662
G1 X169.591 Y136.284 E.01037
G1 X171.292 Y136.591 E.034
G1 X172.739 Y137.032 E.02975
G1 X173.445 Y137.313 E.01495
G1 X174.217 Y137.673 E.01675
G1 X175.613 Y138.484 E.03176
G1 X176.86 Y139.42 E.03067
G1 X177.254 Y139.758 E.01021
G1 X178.081 Y140.573 E.02284
G1 X178.776 Y141.381 E.02096
G1 X179.11 Y141.814 E.01076
G1 X180.069 Y143.312 E.03498
G1 X180.708 Y144.628 E.02877
G1 X181 Y145.383 E.01592
G1 X181.246 Y146.147 E.01579
G1 X181.604 Y147.727 E.03186
G1 X181.724 Y148.858 E.02237
G1 X181.789 Y149.841 E.01938
G1 X181.756 Y150.951 E.02184
G1 X181.549 Y152.55 E.03171
G1 X181.092 Y154.314 E.03584
G1 X180.577 Y155.636 E.02791
G1 X180.2 Y156.409 E.01692
G1 X179.832 Y157.065 E.01479
G1 X178.919 Y158.404 E.03188
G1 X177.856 Y159.627 E.03187
G1 X177.462 Y160.014 E.01086
G1 X176.663 Y160.711 E.02085
G1 X175.776 Y161.364 E.02166
G1 X175.35 Y161.65 E.01009
G1 X174.192 Y162.287 E.026
G1 X173.703 Y162.537 E.0108
G1 X172.43 Y163.041 E.02693
G1 X171.559 Y163.305 E.0179
G1 X170.876 Y163.468 E.01381
G1 X169.274 Y163.713 E.03188
G1 X167.654 Y163.767 E.03188
G1 X167.053 Y163.739 E.01183
G1 X166.048 Y163.633 E.01988
G1 X165.211 Y163.474 E.01676
G1 X164.467 Y163.312 E.01498
G1 X163.451 Y162.977 E.02104
G1 X162.649 Y162.691 E.01675
G1 X161.526 Y162.154 E.02448
G1 X160.586 Y161.608 E.02138
G1 X160.029 Y161.23 E.01324
G1 X158.812 Y160.266 E.03054
G1 X138.794 Y142.396 E.5278
G1 X137.729 Y141.566 E.02656
G1 X137.154 Y141.204 E.01336
G1 X136.539 Y140.873 E.01374
G1 X135.283 Y140.351 E.02675
G1 X133.975 Y140.001 E.02663
G1 X133.336 Y139.896 E.01274
G1 X132.343 Y139.828 E.01958
G1 X131.27 Y139.834 E.02111
G1 X129.926 Y140.021 E.02669
G1 X129.309 Y140.169 E.01248
G1 X128.6 Y140.391 E.01461
G1 X127.35 Y140.929 E.02677
G1 X126.189 Y141.623 E.0266
G1 X125.615 Y142.055 E.01413
G1 X125.118 Y142.476 E.01281
G1 X124.193 Y143.439 E.02626
G1 X123.902 Y143.834 E.00965
G1 X123.232 Y144.794 E.02303
G1 X122.986 Y145.236 E.00995
G1 X122.724 Y145.752 E.01138
G1 X122.242 Y147.011 E.02652
G1 X121.93 Y148.332 E.0267
G1 X121.852 Y148.895 E.01118
G1 X121.795 Y149.703 E.01593
G1 X121.844 Y151.062 E.02675
G1 X121.972 Y151.816 E.01504
G1 X122.071 Y152.396 E.01157
G1 X122.209 Y152.912 E.01051
G1 X122.389 Y153.442 E.01101
G1 X122.574 Y153.912 E.00993
G1 X123.053 Y154.936 E.02224
G1 X123.776 Y156.069 E.02644
G1 X124.098 Y156.483 E.01032
G1 X124.664 Y157.119 E.01675
G1 X125.676 Y158.033 E.02682
G1 X126.797 Y158.802 E.02674
G1 X127.994 Y159.409 E.0264
G1 X129.297 Y159.863 E.02714
G1 X130.377 Y160.085 E.02169
G1 X130.954 Y160.172 E.01148
G1 X131.432 Y160.314 E.00981
G1 X131.739 Y160.682 E.00943
G1 X131.801 Y160.993 E.00624
G1 X131.803 Y162.871 E.03694
G1 X131.739 Y163.281 E.00816
G1 X131.571 Y163.533 E.00596
G1 X131.29 Y163.715 E.00659
G1 X130.937 Y163.767 E.00702
G1 X130.409 Y163.716 E.01043
G1 X128.708 Y163.409 E.034
G1 X127.261 Y162.968 E.02975
G1 X126.555 Y162.687 E.01495
G1 X125.783 Y162.327 E.01675
G1 X124.387 Y161.516 E.03176
G1 X123.14 Y160.58 E.03067
G1 X122.746 Y160.242 E.01021
G1 X121.919 Y159.427 E.02284
G1 X121.224 Y158.619 E.02096
G1 X120.89 Y158.186 E.01076
G1 X119.931 Y156.688 E.03498
G1 X119.292 Y155.372 E.02877
G1 X119 Y154.617 E.01592
G1 X118.754 Y153.853 E.01579
G1 X118.421 Y152.421 E.02892
G1 X118.225 Y150.661 E.03483
G1 X118.211 Y150.159 E.00988
G1 X118.244 Y149.049 E.02184
G1 X118.451 Y147.45 E.03171
G1 X118.908 Y145.686 E.03584
G1 X119.423 Y144.364 E.02791
G1 X119.8 Y143.591 E.01692
G1 X120.168 Y142.935 E.01479
G1 X121.02 Y141.675 E.02992
G1 X122.145 Y140.373 E.03384
G1 X122.538 Y139.986 E.01085
G1 X123.337 Y139.289 E.02085
G1 X124.224 Y138.636 E.02166
G1 X124.65 Y138.35 E.01009
G1 X125.808 Y137.713 E.026
G1 X126.297 Y137.463 E.0108
G1 X127.57 Y136.959 E.02693
G1 X128.441 Y136.695 E.0179
G1 X129.124 Y136.532 E.01381
G1 X130.726 Y136.287 E.03188
G1 X132.346 Y136.233 E.03188
G1 X132.947 Y136.261 E.01183
G1 X133.952 Y136.367 E.01988
G1 X134.789 Y136.526 E.01676
G1 X135.533 Y136.688 E.01498
G1 X136.549 Y137.023 E.02104
G1 X137.351 Y137.309 E.01675
G1 X138.474 Y137.846 E.02448
G1 X139.414 Y138.392 E.02138
G1 X139.971 Y138.77 E.01324
G1 X141.188 Y139.734 E.03054
G1 X161.206 Y157.604 E.5278
G1 X162.271 Y158.434 E.02656
G1 X162.846 Y158.796 E.01336
G1 X163.461 Y159.127 E.01374
G1 X164.717 Y159.649 E.02675
G1 X166.025 Y159.999 E.02663
G1 X166.664 Y160.104 E.01274
G1 X167.657 Y160.172 E.01958
G1 X168.73 Y160.166 E.02111
G1 X170.074 Y159.979 E.02669
G1 X170.691 Y159.831 E.01248
G1 X171.4 Y159.609 E.01461
G1 X172.65 Y159.071 E.02677
G1 X173.811 Y158.377 E.0266
G1 X174.385 Y157.945 E.01413
G1 X174.881 Y157.525 E.01278
G1 X175.75 Y156.629 E.02455
G1 X176.769 Y155.203 E.03447
G1 X177.014 Y154.764 E.00989
G1 X177.276 Y154.248 E.01138
G1 X177.758 Y152.989 E.02652
G1 X178.073 Y151.655 E.02696
G1 X178.177 Y150.695 E.01899
G1 X178.193 Y149.89 E.01584
G1 X178.17 Y149.111 E.01533
G1 E-1 F1200
G1 X179.668 Y144.095 F9000
G1 E1 F1500
;TYPE:Sparse infill
;WIDTH:0.42
G1 F7200
G1 X179.455 Y143.656 E.0096
G1 X178.868 Y142.739 E.02142
G1 X175.174 Y139.044 E.10276
G1 X175.087 Y138.98 E.00213
G1 X173.894 Y138.298 E.02703
G1 X173.166 Y137.958 E.01579
G1 X172.506 Y137.696 E.01398
G1 X171.126 Y137.275 E.02837
G1 X169.494 Y136.981 E.03262
G1 X169.077 Y136.941 E.00824
G1 X168.965 Y136.955 E.00222
G1 X168.925 Y136.995 E.00112
G1 X168.9 Y137.114 E.00238
G1 X168.902 Y138.794 E.03305
G1 X169.253 Y139.145 E.00977
G1 X169.532 Y139.179 E.00554
G1 X170.848 Y139.449 E.02641
G1 X171.155 Y139.536 E.00629
G1 X172.29 Y139.947 E.02373
G1 X173.562 Y140.593 E.02806
G1 X174.726 Y141.39 E.02775
G1 X174.957 Y141.576 E.00584
G1 X175.871 Y142.423 E.0245
G1 X176.438 Y143.062 E.01681
G1 X176.777 Y143.497 E.01084
G1 X177.541 Y144.688 E.02784
G1 X177.671 Y144.93 E.00539
G1 X178.181 Y146.054 E.02428
G1 X178.461 Y146.874 E.01704
G1 X178.617 Y147.457 E.01187
G1 X178.816 Y148.708 E.02492
G1 X181.05 Y150.942 E.06213
G1 X180.928 Y152.013 E.0212
G1 X180.861 Y152.404 E.00782
G1 X180.428 Y154.081 E.03406
G1 X179.933 Y155.354 E.02687
G1 X179.771 Y155.685 E.00725
G1 X178.113 Y154.027 E.04614
G1 X177.926 Y154.516 E.0103
G1 X177.519 Y155.317 E.01768
G1 X177.198 Y155.855 E.01232
G1 X176.288 Y157.082 E.03004
G1 X175.726 Y157.662 E.01588
G1 X177.276 Y159.211 E.0431
G1 X176.984 Y159.498 E.00805
G1 X176.222 Y160.163 E.01989
G1 X175.281 Y160.856 E.02299
G1 X174.989 Y161.046 E.00685
G1 X173.764 Y161.721 E.02751
G1 X172.108 Y160.065 E.04604
G1 X171.596 Y160.285 E.01096
G1 X170.891 Y160.505 E.01453
G1 X170.166 Y160.676 E.01465
G1 X168.75 Y160.869 E.02811
G1 X167.38 Y160.876 E.02694
G1 X166.848 Y160.827 E.01051
G1 X169.039 Y163.017 E.06094
G1 X167.659 Y163.064 E.02716
G1 X167.106 Y163.038 E.01088
G1 X166.151 Y162.937 E.0189
G1 X164.953 Y162.709 E.02398
G1 X164.663 Y162.636 E.00588
G1 X163.165 Y162.143 E.03102
G1 X162.934 Y162.049 E.00491
G1 X161.789 Y161.501 E.02496
G1 X161.095 Y161.095 E.01581
G1 X138.905 Y138.905 E.61724
G1 X138.211 Y138.499 E.01581
G1 X137.066 Y137.951 E.02496
G1 X136.835 Y137.857 E.00491
G1 X135.337 Y137.364 E.03102
G1 X135.047 Y137.291 E.00588
G1 X133.849 Y137.063 E.02398
G1 X132.894 Y136.962 E.0189
G1 X132.389 Y136.938 E.00994
G1 X130.961 Y136.983 E.02809
G1 X133.152 Y139.173 E.06092
G1 X132.62 Y139.124 E.01051
M73 P33 R8
G1 X131.25 Y139.131 E.02694
G1 X129.824 Y139.325 E.02831
G1 X129.109 Y139.495 E.01445
G1 X128.404 Y139.715 E.01453
G1 X127.892 Y139.935 E.01095
G1 X126.236 Y138.279 E.04607
G1 X125.011 Y138.954 E.02751
G1 X124.719 Y139.144 E.00685
G1 X123.778 Y139.837 E.02299
G1 X123.016 Y140.502 E.01988
G1 X122.724 Y140.789 E.00805
G1 X124.275 Y142.339 E.04314
G1 X123.682 Y142.957 E.01684
G1 X122.801 Y144.148 E.02914
G1 X122.471 Y144.7 E.01265
G1 X122.074 Y145.484 E.01729
G1 X121.889 Y145.975 E.01031
G1 X120.229 Y144.315 E.04618
G1 X120.067 Y144.646 E.00725
G1 X119.572 Y145.919 E.02687
G1 X119.139 Y147.596 E.03406
G1 X119.072 Y147.987 E.00782
G1 X118.951 Y149.058 E.0212
G1 X121.169 Y151.276 E.0617
G1 X121.375 Y152.501 E.02442
G1 X121.529 Y153.092 E.01202
G1 X121.819 Y153.946 E.01773
G1 X122.352 Y155.118 E.02533
G1 X122.459 Y155.312 E.00436
G1 X123.182 Y156.444 E.02642
G1 X123.562 Y156.938 E.01225
G1 X124.166 Y157.615 E.01785
G1 X125.083 Y158.459 E.02451
G1 X125.275 Y158.61 E.00481
G1 X126.438 Y159.407 E.02774
G1 X127.71 Y160.053 E.02806
G1 X128.845 Y160.464 E.02373
G1 X129.152 Y160.551 E.00629
G1 X130.468 Y160.821 E.02641
G1 X130.747 Y160.855 E.00554
G1 X131.098 Y161.206 E.00977
G1 X131.1 Y162.891 E.03313
G1 X131.067 Y163.022 E.00267
G1 X131.037 Y163.042 E.0007
G1 X130.919 Y163.059 E.00234
G1 X130.506 Y163.019 E.00817
G1 X128.874 Y162.725 E.03261
G1 X127.494 Y162.304 E.02837
G1 X126.834 Y162.042 E.01398
G1 X126.106 Y161.702 E.01579
G1 X124.913 Y161.02 E.02703
G1 X124.826 Y160.956 E.00213
G1 X121.132 Y157.261 E.10276
G1 X120.545 Y156.344 E.02142
G1 X120.332 Y155.905 E.0096
; stop printing object s+hook+20mm id:0 copy 0
M106 S51
;LAYER_CHANGE
;Z:1.44
;HEIGHT:0.12
;_SET_FAN_SPEED_CHANGING_LAYER
; printing object s+hook+20mm id:0 copy 0
G1 E-1 F1200
G1 X181.262 Y151.692 Z1.44 F9000
G1 E1 F1500
;TYPE:Inner wall
;WIDTH:0.419999
G1 F7200
G1 X181.226 Y152.014 E.00637
G1 X181.137 Y152.516 E.01003
G1 X181.034 Y152.929 E.00837
G1 E-1 F1200
G1 X118.738 Y148.308 F9000
G1 E1 F1500
G1 F7200
G1 X118.774 Y147.986 E.00637
G1 X118.863 Y147.484 E.01003
G1 X118.966 Y147.071 E.00837
G1 E-1 F1200
G1 X122.242 Y147.011 F9000
G1 E1 F1500
;TYPE:Outer wall
G1 F6000
G1 X121.93 Y148.332 E.0267
G1 X121.852 Y148.895 E.01118
G1 X121.795 Y149.703 E.01593
G1 X121.844 Y151.062 E.02675
G1 X121.972 Y151.816 E.01504
G1 X122.071 Y152.396 E.01157
G1 X122.209 Y152.912 E.01051
G1 X122.389 Y153.442 E.01101
G1 X122.574 Y153.912 E.00993
G1 X123.053 Y154.936 E.02224
G1 X123.776 Y156.069 E.02644
G1 X124.098 Y156.483 E.01032
G1 X124.664 Y157.119 E.01675
G1 X125.676 Y158.033 E.02682
G1 X126.797 Y158.802 E.02674
G1 X127.994 Y159.409 E.0264
G1 X129.297 Y159.863 E.02714
G1 X130.377 Y160.085 E.02169
G1 X130.954 Y160.172 E.01148
G1 X131.433 Y160.314 E.00983
G1 X131.739 Y160.682 E.00941
G1 X131.801 Y160.993 E.00624
G1 X131.803 Y162.871 E.03694
G1 X131.739 Y163.281 E.00816
G1 X131.571 Y163.533 E.00596
G1 X131.29 Y163.715 E.00659
G1 X130.937 Y163.767 E.00702
G1 X130.409 Y163.716 E.01043
G1 X128.708 Y163.409 E.034
G1 X127.261 Y162.968 E.02975
G1 X126.555 Y162.687 E.01495
G1 X125.783 Y162.327 E.01675
G1 X124.387 Y161.516 E.03176
G1 X123.14 Y160.58 E.03067
G1 X122.746 Y160.242 E.01021
G1 X121.919 Y159.427 E.02284
G1 X121.224 Y158.619 E.02096
G1 X120.89 Y158.186 E.01076
G1 X119.931 Y156.688 E.03498
G1 X119.292 Y155.372 E.02877
G1 X119 Y154.617 E.01592
G1 X118.754 Y153.853 E.01579
G1 X118.421 Y152.421 E.02892
G1 X118.225 Y150.661 E.03483
G1 X118.211 Y150.159 E.00988
G1 X118.244 Y149.049 E.02184
G1 X118.451 Y147.45 E.03171
G1 X118.908 Y145.686 E.03584
G1 X119.423 Y144.364 E.02791
G1 X119.8 Y143.591 E.01692
G1 X120.168 Y142.935 E.01479
G1 X121.02 Y141.675 E.02992
G1 X122.145 Y140.373 E.03384
G1 X122.538 Y139.986 E.01085
G1 X123.337 Y139.289 E.02085
G1 X124.224 Y138.636 E.02166
G1 X124.65 Y138.35 E.01009
G1 X125.808 Y137.713 E.026
G1 X126.297 Y137.463 E.0108
G1 X127.57 Y136.959 E.02693
G1 X128.441 Y136.695 E.0179
G1 X129.124 Y136.532 E.01381
G1 X130.726 Y136.287 E.03188
G1 X132.346 Y136.233 E.03188
G1 X132.947 Y136.261 E.01183
G1 X133.952 Y136.367 E.01988
G1 X134.789 Y136.526 E.01676
G1 X135.533 Y136.688 E.01498
G1 X136.549 Y137.023 E.02104
G1 X137.351 Y137.309 E.01675
G1 X138.474 Y137.846 E.02448
G1 X139.414 Y138.392 E.02138
G1 X139.971 Y138.77 E.01324
G1 X141.188 Y139.734 E.03054
G1 X161.206 Y157.604 E.5278
G1 X162.271 Y158.434 E.02656
G1 X162.846 Y158.796 E.01336
G1 X163.461 Y159.127 E.01374
G1 X164.717 Y159.649 E.02675
G1 X166.025 Y159.999 E.02663
G1 X166.664 Y160.104 E.01274
G1 X167.657 Y160.172 E.01958
G1 X168.73 Y160.166 E.02111
G1 X170.074 Y159.979 E.02669
G1 X170.691 Y159.831 E.01248
G1 X171.4 Y159.609 E.01461
G1 X172.65 Y159.071 E.02677
G1 X173.811 Y158.377 E.0266
G1 X174.385 Y157.945 E.01413
G1 X174.881 Y157.525 E.01278
G1 X175.75 Y156.629 E.02455
G1 X176.769 Y155.203 E.03447
G1 X177.014 Y154.764 E.00989
G1 X177.276 Y154.248 E.01138
G1 X177.758 Y152.989 E.02652
G1 X178.073 Y151.655 E.02696
G1 X178.177 Y150.695 E.01899
G1 X178.193 Y149.89 E.01584
G1 X178.169 Y149.071 E.01612
G1 X177.929 Y147.604 E.02924
G1 X177.791 Y147.088 E.01051
G1 X177.611 Y146.559 E.01099
G1 X177.426 Y146.088 E.00995
G1 X176.947 Y145.064 E.02224
G1 X176.224 Y143.931 E.02644
G1 X175.902 Y143.517 E.01032
G1 X175.34 Y142.885 E.01663
G1 X174.324 Y141.967 E.02693
G1 X173.203 Y141.198 E.02674
G1 X172.006 Y140.591 E.0264
G1 X170.703 Y140.137 E.02714
G1 X169.623 Y139.915 E.02169
G1 X169.046 Y139.828 E.01148
G1 X168.568 Y139.686 E.00981
G1 X168.261 Y139.318 E.00943
G1 X168.199 Y139.007 E.00624
G1 X168.197 Y137.134 E.03684
G1 X168.267 Y136.707 E.00851
G1 X168.459 Y136.438 E.0065
G1 X168.732 Y136.276 E.00624
G1 X169.066 Y136.234 E.00662
G1 X169.591 Y136.284 E.01037
G1 X171.292 Y136.591 E.034
G1 X172.739 Y137.032 E.02975
G1 X173.445 Y137.313 E.01495
G1 X174.217 Y137.673 E.01675
G1 X175.613 Y138.484 E.03176
G1 X176.86 Y139.42 E.03067
G1 X177.254 Y139.758 E.01021
G1 X178.081 Y140.573 E.02284
G1 X178.776 Y141.381 E.02096
G1 X179.11 Y141.814 E.01076
G1 X180.069 Y143.312 E.03498
G1 X180.708 Y144.628 E.02877
G1 X181 Y145.383 E.01592
G1 X181.246 Y146.147 E.01579
G1 X181.604 Y147.727 E.03186
G1 X181.724 Y148.858 E.02237
G1 X181.789 Y149.841 E.01938
G1 X181.756 Y150.951 E.02184
G1 X181.549 Y152.55 E.03171
G1 X181.092 Y154.314 E.03584
G1 X180.577 Y155.636 E.02791
G1 X180.2 Y156.409 E.01692
G1 X179.832 Y157.065 E.01479
G1 X178.919 Y158.404 E.03188
G1 X177.856 Y159.627 E.03187
G1 X177.462 Y160.014 E.01086
G1 X176.663 Y160.711 E.02085
G1 X175.776 Y161.364 E.02166
G1 X175.35 Y161.65 E.01009
G1 X174.192 Y162.287 E.026
G1 X173.703 Y162.537 E.0108
G1 X172.43 Y163.041 E.02693
G1 X171.559 Y163.305 E.0179
G1 X170.876 Y163.468 E.01381
G1 X169.274 Y163.713 E.03188
G1 X167.654 Y163.767 E.03188
G1 X167.053 Y163.739 E.01183
G1 X166.048 Y163.633 E.01988
G1 X165.211 Y163.474 E.01676
G1 X164.467 Y163.312 E.01498
G1 X163.451 Y162.977 E.02104
G1 X162.649 Y162.691 E.01675
G1 X161.526 Y162.154 E.02448
G1 X160.586 Y161.608 E.02138
G1 X160.029 Y161.23 E.01324
G1 X158.812 Y160.266 E.03054
G1 X138.794 Y142.396 E.5278
G1 X137.729 Y141.566 E.02656
G1 X137.154 Y141.204 E.01336
G1 X136.539 Y140.873 E.01374
G1 X135.283 Y140.351 E.02675
G1 X133.975 Y140.001 E.02663
G1 X133.336 Y139.896 E.01274
G1 X132.343 Y139.828 E.01958
G1 X131.27 Y139.834 E.02111
G1 X129.926 Y140.021 E.02669
G1 X129.309 Y140.169 E.01248
G1 X128.6 Y140.391 E.01461
G1 X127.35 Y140.929 E.02677
G1 X126.189 Y141.623 E.0266
G1 X125.615 Y142.055 E.01413
G1 X125.118 Y142.476 E.01281
G1 X124.193 Y143.439 E.02626
G1 X123.902 Y143.834 E.00965
G1 X123.232 Y144.794 E.02303
G1 X122.986 Y145.236 E.00995
G1 X122.724 Y145.752 E.01138
G1 X122.257 Y146.974 E.02573
G1 E-1 F1200
G1 X119.638 Y149.746 F9000
G1 E1 F1500
;TYPE:Sparse infill
;WIDTH:0.42
G1 F7200
G1 X120.409 Y150.517 E.02145
G1 E-1 F1200
G1 X131.65 Y137.671 F9000
G1 E1 F1500
G1 F7200
G1 X132.393 Y138.415 E.02069
G1 E-1 F1200
G1 X145.31 Y145.31 F9000
G1 E1 F1500
G1 F7200
G1 X154.69 Y154.69 E.26094
G1 E-1 F1200
G1 X167.607 Y161.585 F9000
G1 E1 F1500
G1 F7200
G1 X168.35 Y162.329 E.02069
G1 E-1 F1200
G1 X180.361 Y150.253 F9000
G1 E1 F1500
G1 F7200
G1 X179.596 Y149.489 E.02126
; stop printing object s+hook+20mm id:0 copy 0
; FIBER RESERVE: mode=band strands=1 removed=2
M400
G1 E-10 F1200
MOVE_TO_BRUSH_STATION
CLEAN_NOZZLE
M104 S150 T1 ; standby
M104 S270 T0 ; pre-charge
M109 S270 T0
MOVE_OUT_BRUSH_STATION
M106 P2 S181 ; fibre-side cooling, fan4, owned by T0 (depositing)
M106 P1 S0 ; part-cooling, fan3, owned by T1 (idle)
M106 P3 S255 ; auxiliary fan on while T0 deposits
M106 P5 S255 ; exhaust fan on while T0 deposits
T0 ; switch extruder type to:FIBER
; LAYER:11 [1.44]
M1001 L234
G1 F1200 Z2.64
G1 X155.55 Y153.76 F1200
M73 P34 R8
G1 F1200 U55.000 ; Extrude restart
G1 F1200 Z1.44
G1 F600 V1.000 ; Recover matrix retract
G1 F600 V3.000 ; Matrix prime
G1 X160.63 Y158.30 V0.227 U6.674 P0.034 F300
G1 X161.45 Y158.94 V0.035 U1.027 P0.034 F300
G1 X161.76 Y159.17 V0.013 U0.370 P0.034 F300
G1 X162.07 Y159.38 V0.013 U0.370 P0.034 F300
G1 X162.39 Y159.58 V0.013 U0.370 P0.034 F300
G1 X162.73 Y159.76 V0.013 U0.379 P0.034 F300
G1 X163.08 Y159.94 V0.013 U0.379 P0.034 F300
G1 X163.43 Y160.09 V0.013 U0.379 P0.034 F300
G1 X163.75 Y160.23 V0.012 U0.342 P0.034 F300
G1 X164.43 Y160.48 V0.024 U0.714 P0.034 F300
G1 X165.13 Y160.70 V0.024 U0.714 P0.034 F300
G1 X165.48 Y160.79 V0.012 U0.354 P0.034 F300
G1 X165.84 Y160.88 V0.012 U0.360 P0.034 F300
G1 X166.20 Y160.94 V0.012 U0.360 P0.034 F300
G1 X166.44 Y160.98 V0.008 U0.241 P0.034 F300
G1 X166.56 Y161.00 V0.004 U0.120 P0.034 F300
G1 X166.68 Y161.01 V0.004 U0.120 P0.034 F300
G1 X166.80 Y161.02 V0.004 U0.120 P0.034 F300
G1 X167.63 Y161.08 V0.028 U0.810 P0.034 F300
G1 X168.21 Y161.07 V0.019 U0.571 P0.034 F300
G1 X168.79 Y161.05 V0.019 U0.570 P0.034 F600
G1 X169.37 Y160.99 V0.019 U0.570 P0.034 F600
G1 X169.89 Y160.92 V0.017 U0.514 P0.034 F600
G1 X170.24 Y160.86 V0.012 U0.347 P0.034 F600
G1 X170.59 Y160.79 V0.012 U0.347 P0.034 F600
G1 X170.93 Y160.70 V0.012 U0.348 P0.034 F600
G1 X171.32 Y160.58 V0.014 U0.402 P0.034 F600
G1 X171.71 Y160.45 V0.014 U0.401 P0.034 F600
G1 X172.09 Y160.30 V0.014 U0.401 P0.034 F600
G1 X172.39 Y160.17 V0.011 U0.320 P0.034 F600
G1 X173.05 Y159.86 V0.024 U0.715 P0.034 F600
G1 X173.69 Y159.50 V0.024 U0.715 P0.034 F600
G1 X173.98 Y159.33 V0.011 U0.328 P0.034 F600
G1 X174.31 Y159.12 V0.013 U0.388 P0.034 F600
G1 X174.63 Y158.89 V0.013 U0.388 P0.034 F600
G1 X174.95 Y158.65 V0.013 U0.388 P0.034 F600
G1 X175.22 Y158.42 V0.012 U0.353 P0.034 F600
G1 X175.49 Y158.18 V0.012 U0.353 P0.034 F600
G1 X175.75 Y157.93 V0.012 U0.353 P0.034 F600
G1 X175.97 Y157.70 V0.011 U0.314 P0.034 F600
G1 X176.43 Y157.19 V0.023 U0.665 P0.034 F600
G1 X176.84 Y156.66 V0.023 U0.665 P0.034 F600
G1 X177.37 Y155.92 V0.030 U0.887 P0.034 F600
G1 X177.53 Y155.68 V0.010 U0.280 P0.034 F600
G1 X177.67 Y155.44 V0.010 U0.280 P0.034 F600
G1 X177.81 Y155.19 V0.010 U0.280 P0.034 F600
G1 X177.96 Y154.90 V0.011 U0.315 P0.034 F600
G1 X178.10 Y154.61 V0.011 U0.315 P0.034 F600
G1 X178.22 Y154.31 V0.011 U0.315 P0.034 F600
G1 X178.36 Y153.93 V0.014 U0.398 P0.034 F600
G1 X178.60 Y153.25 V0.024 U0.712 P0.034 F600
G1 X178.79 Y152.55 V0.024 U0.712 P0.034 F600
G1 X178.84 Y152.32 V0.008 U0.224 P0.034 F600
G1 X178.95 Y151.81 V0.018 U0.519 P0.034 F600
G1 X179.02 Y151.28 V0.018 U0.519 P0.034 F600
G1 X179.03 Y151.18 V0.003 U0.095 P0.034 F600
G1 X179.07 Y150.75 V0.014 U0.425 P0.034 F600
G1 X179.09 Y150.32 V0.014 U0.425 P0.034 F600
G1 X179.10 Y149.89 V0.014 U0.425 P0.034 F600
G1 X179.08 Y149.43 V0.015 U0.442 P0.034 F600
G1 X179.06 Y148.99 V0.015 U0.441 P0.034 F600
G1 X179.00 Y148.54 V0.015 U0.441 P0.034 F600
G1 X178.86 Y147.72 V0.028 U0.818 P0.034 F600
G1 X178.81 Y147.42 V0.010 U0.299 P0.034 F600
G1 X178.74 Y147.12 V0.010 U0.299 P0.034 F600
G1 X178.66 Y146.82 V0.010 U0.299 P0.034 F600
G1 X178.46 Y146.25 V0.020 U0.598 P0.034 F600
G1 X178.26 Y145.73 V0.018 U0.544 P0.034 F600
G1 X178.00 Y145.18 V0.020 U0.597 P0.034 F600
G1 X177.72 Y144.64 V0.020 U0.596 P0.034 F600
G1 X177.41 Y144.11 V0.020 U0.596 P0.034 F600
G1 X177.12 Y143.66 V0.018 U0.526 P0.034 F600
G1 X176.96 Y143.41 V0.010 U0.292 P0.034 F600
G1 X176.78 Y143.17 V0.010 U0.292 P0.034 F600
G1 X176.60 Y142.94 V0.010 U0.292 P0.034 F600
G1 X176.29 Y142.59 V0.015 U0.453 P0.034 F600
G1 X175.97 Y142.26 V0.015 U0.453 P0.034 F600
G1 X175.64 Y141.94 V0.015 U0.453 P0.034 F600
G1 X175.43 Y141.75 V0.009 U0.271 P0.034 F600
G1 X174.87 Y141.27 V0.025 U0.723 P0.034 F600
G1 X174.28 Y140.84 V0.025 U0.723 P0.034 F600
G1 X173.65 Y140.44 V0.025 U0.724 P0.034 F600
M73 P35 R8
G1 X173.01 Y140.09 V0.024 U0.716 P0.034 F600
G1 X172.35 Y139.78 V0.024 U0.716 P0.034 F600
G1 X171.67 Y139.52 V0.024 U0.716 P0.034 F600
G1 X171.50 Y139.46 V0.006 U0.172 P0.034 F600
G1 X170.94 Y139.28 V0.020 U0.580 P0.034 F600
G1 X170.36 Y139.14 V0.020 U0.580 P0.034 F600
G1 X169.78 Y139.02 V0.020 U0.581 P0.034 F600
G1 X169.32 Y138.95 V0.016 U0.463 P0.034 F600
G1 X169.24 Y138.94 V0.002 U0.071 P0.034 F600
G1 X169.17 Y138.92 V0.002 U0.071 P0.034 F600
G1 X169.10 Y138.90 V0.002 U0.071 P0.034 F600
G1 X169.10 Y137.24 V0.055 U1.631 P0.034 F600
G1 X169.10 Y137.21 V0.001 U0.030 P0.034 F600
G1 X169.11 Y137.18 V0.001 U0.030 P0.034 F600
G1 X169.11 Y137.15 V0.001 U0.030 P0.034 F600
G1 X169.47 Y137.18 V0.012 U0.350 P0.034 F600
G1 X170.39 Y137.35 V0.031 U0.915 P0.034 F600
G1 X171.07 Y137.49 V0.023 U0.690 P0.034 F600
G1 X171.75 Y137.68 V0.023 U0.690 P0.034 F600
G1 X172.44 Y137.89 V0.024 U0.703 P0.034 F600
G1 X173.09 Y138.14 V0.023 U0.682 P0.034 F600
G1 X173.44 Y138.31 V0.013 U0.385 P0.034 F600
G1 X173.79 Y138.48 V0.013 U0.385 P0.034 F600
G1 X174.14 Y138.67 V0.013 U0.385 P0.034 F600
G1 X174.50 Y138.88 V0.014 U0.412 P0.034 F600
G1 X175.10 Y139.26 V0.024 U0.692 P0.034 F600
G1 X175.68 Y139.66 V0.024 U0.692 P0.034 F600
G1 X176.29 Y140.13 V0.026 U0.754 P0.034 F600
G1 X176.64 Y140.42 V0.015 U0.450 P0.034 F600
G1 X177.42 Y141.19 V0.036 U1.071 P0.034 F600
G1 X178.08 Y141.95 V0.033 U0.985 P0.034 F600
G1 X178.22 Y142.14 V0.008 U0.236 P0.034 F600
G1 X178.37 Y142.34 V0.008 U0.236 P0.034 F600
G1 X178.50 Y142.54 V0.008 U0.236 P0.034 F600
G1 X178.91 Y143.18 V0.025 U0.743 P0.034 F600
G1 X179.26 Y143.76 V0.023 U0.672 P0.034 F600
G1 X179.58 Y144.37 V0.023 U0.672 P0.034 F600
G1 X179.88 Y144.99 V0.023 U0.672 P0.034 F600
G1 X180.15 Y145.68 V0.025 U0.732 P0.034 F600
G1 X180.26 Y146.04 V0.012 U0.360 P0.034 F600
G1 X180.36 Y146.39 V0.012 U0.360 P0.034 F600
G1 X180.45 Y146.74 V0.012 U0.360 P0.034 F600
G1 X180.59 Y147.35 V0.021 U0.614 P0.034 F600
G1 X180.69 Y147.88 V0.018 U0.522 P0.034 F600
G1 X180.77 Y148.40 V0.018 U0.522 P0.034 F600
G1 X180.82 Y148.94 V0.018 U0.523 P0.034 F600
G1 X180.85 Y149.40 V0.015 U0.453 P0.034 F600
G1 X180.87 Y149.86 V0.015 U0.452 P0.034 F600
G1 X180.87 Y150.32 V0.015 U0.452 P0.034 F600
G1 X180.87 Y150.37 V0.002 U0.048 P0.034 F600
G1 X180.84 Y150.88 V0.017 U0.501 P0.034 F600
G1 X180.79 Y151.39 V0.017 U0.501 P0.034 F600
G1 X180.76 Y151.64 V0.008 U0.247 P0.034 F600
G1 X180.64 Y152.37 V0.025 U0.732 P0.034 F600
G1 X180.47 Y153.10 V0.025 U0.732 P0.034 F600
G1 X180.40 Y153.39 V0.010 U0.294 P0.034 F600
G1 X180.21 Y154.03 V0.022 U0.650 P0.034 F600
G1 X179.99 Y154.65 V0.022 U0.650 P0.034 F600
G1 X179.75 Y155.27 V0.022 U0.651 P0.034 F600
G1 X179.40 Y155.99 V0.027 U0.781 P0.034 F600
G1 X179.06 Y156.59 V0.023 U0.673 P0.034 F600
G1 X178.60 Y157.27 V0.027 U0.807 P0.034 F600
G1 X178.19 Y157.84 V0.023 U0.690 P0.034 F600
G1 X177.74 Y158.38 V0.023 U0.690 P0.034 F600
G1 X177.20 Y159.01 V0.028 U0.811 P0.034 F600
G1 X176.85 Y159.35 V0.016 U0.480 P0.034 F600
G1 X176.10 Y160.01 V0.033 U0.977 P0.034 F600
G1 X175.26 Y160.62 V0.035 U1.022 P0.034 F600
G1 X174.88 Y160.88 V0.015 U0.444 P0.034 F600
G1 X173.77 Y161.49 V0.042 U1.244 P0.034 F600
G1 X173.55 Y161.60 V0.008 U0.241 P0.034 F600
G1 X173.33 Y161.71 V0.008 U0.241 P0.034 F600
G1 X173.10 Y161.80 V0.008 U0.241 P0.034 F600
G1 X172.13 Y162.19 V0.035 U1.021 P0.034 F600
G1 X171.32 Y162.43 V0.028 U0.830 P0.034 F600
G1 X170.70 Y162.58 V0.021 U0.625 P0.034 F600
G1 X169.89 Y162.70 V0.027 U0.807 P0.034 F600
G1 X169.19 Y162.79 V0.023 U0.690 P0.034 F600
G1 X168.49 Y162.83 V0.023 U0.690 P0.034 F600
G1 X167.66 Y162.86 V0.028 U0.810 P0.034 F600
G1 X167.12 Y162.84 V0.018 U0.528 P0.034 F600
G1 X166.18 Y162.74 V0.032 U0.928 P0.034 F600
G1 X165.39 Y162.59 V0.027 U0.787 P0.034 F600
G1 X165.05 Y162.51 V0.012 U0.344 P0.034 F600
G1 X164.71 Y162.43 V0.012 U0.344 P0.034 F600
G1 X164.37 Y162.33 V0.012 U0.344 P0.034 F600
G1 X163.74 Y162.12 V0.022 U0.648 P0.034 F600
G1 X163.37 Y161.99 V0.013 U0.389 P0.034 F600
G1 X163.00 Y161.85 V0.013 U0.388 P0.034 F600
G1 X162.64 Y161.68 V0.013 U0.388 P0.034 F600
G1 X161.95 Y161.35 V0.026 U0.750 P0.034 F600
M104 S250 T1 ; FS_PREHEAT next_tool=1 lead_s=15
G1 X161.07 Y160.84 V0.034 U0.998 P0.034 F600
G1 X160.57 Y160.50 V0.020 U0.596 P0.034 F600
G1 X159.39 Y159.57 V0.050 U1.463 P0.034 F600
G1 X139.37 Y141.70 V0.894 U26.301 P0.034 F600
G1 X138.55 Y141.06 V0.035 U1.027 P0.034 F600
M73 P36 R8
G1 X138.24 Y140.83 V0.013 U0.370 P0.034 F600
G1 X137.93 Y140.62 V0.013 U0.370 P0.034 F600
G1 X137.61 Y140.42 V0.013 U0.370 P0.034 F600
G1 X137.27 Y140.24 V0.013 U0.379 P0.034 F600
G1 X136.92 Y140.06 V0.013 U0.379 P0.034 F600
G1 X136.57 Y139.91 V0.013 U0.379 P0.034 F600
G1 X136.25 Y139.77 V0.012 U0.342 P0.034 F600
G1 X135.57 Y139.52 V0.024 U0.714 P0.034 F600
G1 X134.87 Y139.30 V0.024 U0.714 P0.034 F600
G1 X134.52 Y139.21 V0.012 U0.354 P0.034 F600
G1 X134.16 Y139.12 V0.012 U0.360 P0.034 F600
G1 X133.80 Y139.06 V0.012 U0.360 P0.034 F600
G1 X133.44 Y139.01 V0.012 U0.360 P0.034 F600
G1 X133.07 Y138.97 V0.012 U0.360 P0.034 F600
G1 X132.37 Y138.92 V0.023 U0.689 P0.034 F600
G1 X131.79 Y138.93 V0.019 U0.571 P0.034 F600
G1 X131.21 Y138.95 V0.019 U0.570 P0.034 F600
G1 X130.63 Y139.01 V0.019 U0.570 P0.034 F600
G1 X130.11 Y139.08 V0.017 U0.514 P0.034 F600
G1 X129.76 Y139.14 V0.012 U0.347 P0.034 F600
G1 X129.41 Y139.21 V0.012 U0.347 P0.034 F600
G1 X129.07 Y139.30 V0.012 U0.348 P0.034 F600
G1 X128.68 Y139.42 V0.014 U0.402 P0.034 F600
G1 X128.29 Y139.55 V0.014 U0.401 P0.034 F600
G1 X127.91 Y139.70 V0.014 U0.401 P0.034 F600
G1 X127.61 Y139.83 V0.011 U0.320 P0.034 F600
G1 X126.95 Y140.14 V0.024 U0.715 P0.034 F600
G1 X126.31 Y140.50 V0.024 U0.715 P0.034 F600
G1 X126.02 Y140.67 V0.011 U0.328 P0.034 F600
G1 X125.69 Y140.88 V0.013 U0.388 P0.034 F600
G1 X125.37 Y141.11 V0.013 U0.388 P0.034 F600
G1 X125.05 Y141.35 V0.013 U0.388 P0.034 F600
G1 X124.77 Y141.58 V0.012 U0.354 P0.034 F600
G1 X124.51 Y141.82 V0.012 U0.354 P0.034 F600
G1 X124.25 Y142.08 V0.012 U0.354 P0.034 F600
G1 X123.69 Y142.65 V0.027 U0.783 P0.034 F600
G1 X123.51 Y142.86 V0.009 U0.275 P0.034 F600
G1 X123.33 Y143.08 V0.009 U0.275 P0.034 F600
G1 X123.17 Y143.31 V0.009 U0.275 P0.034 F600
G1 X122.63 Y144.08 V0.031 U0.924 P0.034 F600
G1 X122.47 Y144.32 V0.009 U0.279 P0.034 F600
G1 X122.33 Y144.56 V0.009 U0.279 P0.034 F600
G1 X122.19 Y144.81 V0.009 U0.279 P0.034 F600
G1 X122.04 Y145.10 V0.011 U0.315 P0.034 F600
G1 X121.90 Y145.39 V0.011 U0.315 P0.034 F600
G1 X121.78 Y145.69 V0.011 U0.315 P0.034 F600
G1 X121.64 Y146.07 V0.014 U0.398 P0.034 F600
G1 X121.40 Y146.75 V0.024 U0.712 P0.034 F600
G1 X121.21 Y147.45 V0.024 U0.712 P0.034 F600
G1 X121.11 Y147.85 V0.014 U0.404 P0.034 F600
G1 X121.05 Y148.17 V0.011 U0.314 P0.034 F600
G1 X121.00 Y148.48 V0.011 U0.314 P0.034 F600
G1 X120.95 Y148.80 V0.011 U0.314 P0.034 F600
G1 X120.92 Y149.24 V0.015 U0.435 P0.034 F600
G1 X120.90 Y149.69 V0.015 U0.435 P0.034 F600
G1 X120.91 Y150.13 V0.015 U0.435 P0.034 F600
G1 X120.93 Y150.74 V0.020 U0.600 P0.034 F600
G1 X120.96 Y151.15 V0.014 U0.403 P0.034 F600
G1 X121.01 Y151.56 V0.014 U0.403 P0.034 F600
G1 X121.08 Y151.97 V0.014 U0.404 P0.034 F600
G1 X121.14 Y152.29 V0.011 U0.321 P0.034 F600
G1 X121.19 Y152.59 V0.010 U0.297 P0.034 F600
G1 X121.26 Y152.88 V0.010 U0.297 P0.034 F600
G1 X121.34 Y153.17 V0.010 U0.297 P0.034 F600
G1 X121.54 Y153.75 V0.020 U0.598 P0.034 F600
G1 X121.74 Y154.27 V0.018 U0.544 P0.034 F600
G1 X122.00 Y154.82 V0.020 U0.597 P0.034 F600
G1 X122.28 Y155.36 V0.020 U0.596 P0.034 F600
G1 X122.59 Y155.89 V0.020 U0.596 P0.034 F600
G1 X122.88 Y156.34 V0.018 U0.526 P0.034 F600
G1 X123.04 Y156.59 V0.010 U0.292 P0.034 F600
G1 X123.22 Y156.83 V0.010 U0.292 P0.034 F600
G1 X123.40 Y157.06 V0.010 U0.292 P0.034 F600
G1 X123.71 Y157.41 V0.016 U0.456 P0.034 F600
G1 X124.03 Y157.75 V0.016 U0.456 P0.034 F600
G1 X124.37 Y158.07 V0.016 U0.456 P0.034 F600
G1 X124.57 Y158.25 V0.009 U0.265 P0.034 F600
G1 X125.13 Y158.73 V0.024 U0.720 P0.034 F600
G1 X125.72 Y159.16 V0.024 U0.720 P0.034 F600
G1 X126.35 Y159.56 V0.025 U0.727 P0.034 F600
G1 X126.99 Y159.91 V0.024 U0.716 P0.034 F600
G1 X127.65 Y160.22 V0.024 U0.716 P0.034 F600
G1 X128.33 Y160.48 V0.024 U0.716 P0.034 F600
M73 P36 R7
G1 X128.50 Y160.54 V0.006 U0.172 P0.034 F600
G1 X129.06 Y160.72 V0.020 U0.580 P0.034 F600
G1 X129.64 Y160.86 V0.020 U0.580 P0.034 F600
G1 X130.22 Y160.98 V0.020 U0.581 P0.034 F600
G1 X130.68 Y161.05 V0.016 U0.462 P0.034 F600
G1 X130.76 Y161.06 V0.002 U0.071 P0.034 F600
G1 X130.83 Y161.08 V0.002 U0.071 P0.034 F600
G1 X130.90 Y161.10 V0.002 U0.071 P0.034 F600
G1 X130.90 Y162.78 V0.056 U1.644 P0.034 F600
G1 X130.90 Y162.80 V0.001 U0.026 P0.034 F600
G1 X130.89 Y162.83 V0.001 U0.026 P0.034 F600
G1 X130.89 Y162.85 V0.001 U0.026 P0.034 F600
G1 X130.53 Y162.82 V0.012 U0.352 P0.034 F600
G1 X129.61 Y162.65 V0.031 U0.915 P0.034 F600
G1 X128.93 Y162.51 V0.023 U0.690 P0.034 F600
G1 X128.25 Y162.32 V0.023 U0.690 P0.034 F600
G1 X127.56 Y162.11 V0.024 U0.703 P0.034 F600
G1 X126.91 Y161.86 V0.023 U0.682 P0.034 F600
G1 X126.56 Y161.69 V0.013 U0.385 P0.034 F600
G1 X126.21 Y161.52 V0.013 U0.385 P0.034 F600
G1 X125.86 Y161.33 V0.013 U0.385 P0.034 F600
G1 X125.50 Y161.12 V0.014 U0.412 P0.034 F600
G1 X124.90 Y160.74 V0.024 U0.692 P0.034 F600
G1 X124.32 Y160.34 V0.024 U0.692 P0.034 F600
G1 X123.71 Y159.87 V0.026 U0.754 P0.034 F600
G1 X123.36 Y159.58 V0.015 U0.450 P0.034 F600
G1 X122.58 Y158.81 V0.036 U1.071 P0.034 F600
G1 X121.92 Y158.05 V0.033 U0.985 P0.034 F600
G1 X121.78 Y157.86 V0.008 U0.236 P0.034 F600
G1 X121.63 Y157.66 V0.008 U0.236 P0.034 F600
G1 X121.50 Y157.46 V0.008 U0.236 P0.034 F600
G1 X121.09 Y156.82 V0.025 U0.743 P0.034 F600
G1 X120.74 Y156.24 V0.023 U0.672 P0.034 F600
G1 X120.42 Y155.63 V0.023 U0.672 P0.034 F600
G1 X120.13 Y155.02 V0.022 U0.660 P0.034 F600
; Start to cut
M2800
M400
;CUT DISTANCE 54.8
G1 X119.85 Y154.32 V0.018 F600
G1 X119.63 Y153.61 V0.018 F600
G1 X119.47 Y152.94 V0.017 F600
G1 X119.33 Y152.26 V0.017 F600
G1 X119.24 Y151.58 V0.017 F600
G1 X119.13 Y150.60 V0.024 F600
G1 X119.12 Y150.16 V0.011 F600
G1 X119.13 Y149.64 V0.012 F600
G1 X119.16 Y149.12 V0.012 F600
G1 X119.21 Y148.61 V0.012 F600
G1 X119.24 Y148.36 V0.006 F600
G1 X119.36 Y147.63 V0.018 F600
G1 X119.53 Y146.90 V0.018 F600
G1 X119.60 Y146.61 V0.007 F600
G1 X119.79 Y145.97 V0.016 F600
G1 X120.01 Y145.35 V0.016 F600
G1 X120.25 Y144.73 V0.016 F600
G1 X120.60 Y144.01 V0.019 F600
G1 X120.94 Y143.41 V0.017 F600
M73 P37 R7
G1 X121.34 Y142.81 V0.017 F600
G1 X121.76 Y142.24 V0.017 F600
G1 X122.20 Y141.69 V0.017 F600
G1 X122.80 Y140.99 V0.022 F600
G1 X123.15 Y140.65 V0.012 F600
G1 X123.90 Y139.99 V0.024 F600
G1 X124.74 Y139.38 V0.025 F600
G1 X125.12 Y139.12 V0.011 F600
G1 X126.23 Y138.51 V0.030 F600
G1 X126.45 Y138.40 V0.006 F600
G1 X126.67 Y138.29 V0.006 F600
G1 X126.90 Y138.20 V0.006 F600
G1 X127.87 Y137.81 V0.025 F600
G1 X128.68 Y137.57 V0.020 F600
G1 X129.30 Y137.42 V0.015 F600
G1 X130.11 Y137.30 V0.020 F600
G1 X130.81 Y137.21 V0.017 F600
G1 X131.51 Y137.17 V0.017 F600
G1 X132.34 Y137.14 V0.020 F600
G1 X132.88 Y137.16 V0.013 F600
G1 X133.82 Y137.26 V0.023 F600
G1 X134.61 Y137.41 V0.019 F600
G1 X134.95 Y137.49 V0.008 F600
G1 X135.29 Y137.57 V0.008 F600
G1 X135.63 Y137.67 V0.008 F600
G1 X136.26 Y137.88 V0.016 F600
G1 X136.63 Y138.01 V0.010 F600
G1 X137.00 Y138.15 V0.010 F600
G1 X137.36 Y138.32 V0.010 F600
G1 X138.05 Y138.65 V0.018 F600
G1 X138.93 Y139.16 V0.024 F600
G1 X139.43 Y139.50 V0.015 F600
G1 X140.61 Y140.43 V0.036 F600
G1 X155.55 Y153.76 V0.480 F600
; Cutting completed.
G1 F600 V-1.000 ; Retract
; FS_RELEASE_BEGIN length_mm=6.800 speed_mm_s=10.000
G1 X160.619 Y158.292 F600
; FS_RELEASE_END physical_clearance=unmeasured
M1002
M400
G1 F600 V-4.000 ; Toolchange matrix retract
G1 F1200 Z2.04
MOVE_TO_BRUSH_STATION
CLEAN_NOZZLE
M104 S180 T0 ; standby
M104 S250 T1 ; pre-charge
M109 S250 T1
MOVE_OUT_BRUSH_STATION
M106 P2 S0 ; fibre-side cooling, fan4, owned by T0 (idle)
M106 P1 S181 ; part-cooling, fan3, owned by T1 (depositing)
M106 P3 S0 ; auxiliary fan off while T1 deposits
M106 P5 S0 ; exhaust fan off while T1 deposits
T1 ; switch extruder type to:PLASTIC
; FIBER TURNS: 80 joints tighter than 12.00 mm, policy=keep, splits=0
M106 S181
;LAYER_CHANGE
;Z:1.56
;HEIGHT:0.12
;_SET_FAN_SPEED_CHANGING_LAYER
; printing object s+hook+20mm id:0 copy 0
M104 S270 T0 ; FS_PREHEAT next_tool=0 lead_s=15
G1 X178.572 Y149.055 Z1.56 F9000
G1 Z1.56 F9000
G1 E10 F1500
;TYPE:Inner wall
;WIDTH:0.419999
G1 F7200
G1 X178.571 Y149.005 E.00098
G1 X178.323 Y147.499 E.03002
G1 X178.179 Y146.963 E.01092
G1 X177.997 Y146.428 E.01112
G1 X177.797 Y145.92 E.01074
G1 X177.29 Y144.845 E.02338
G1 X176.557 Y143.696 E.02681
G1 X176.207 Y143.247 E.0112
G1 X175.611 Y142.581 E.01758
G1 X175.088 Y142.099 E.01399
G1 X174.555 Y141.632 E.01394
G1 X173.388 Y140.835 E.0278
G1 X172.146 Y140.208 E.02737
G1 X170.785 Y139.738 E.02832
G1 X169.705 Y139.516 E.02169
G1 X169.092 Y139.423 E.0122
G1 X168.808 Y139.339 E.00583
G1 X168.64 Y139.137 E.00517
G1 X168.606 Y138.966 E.00343
G1 X168.604 Y137.134 E.03603
G1 X168.648 Y136.874 E.00519
G1 X168.804 Y136.707 E.00449
G1 X169.02 Y136.65 E.00439
G1 X169.535 Y136.688 E.01016
G1 X171.196 Y136.987 E.0332
G1 X172.604 Y137.416 E.02895
G1 X173.284 Y137.687 E.0144
G1 X174.03 Y138.035 E.01619
G1 X175.379 Y138.817 E.03067
G1 X176.524 Y139.677 E.02817
G1 X176.977 Y140.057 E.01163
G1 X177.784 Y140.851 E.02227
G1 X178.468 Y141.647 E.02064
G1 X178.777 Y142.047 E.00994
G1 X179.713 Y143.511 E.03418
G1 X180.334 Y144.79 E.02797
G1 X180.617 Y145.519 E.01538
G1 X180.853 Y146.254 E.01518
G1 X181.202 Y147.793 E.03104
G1 X181.319 Y148.901 E.02191
G1 X181.382 Y149.841 E.01853
G1 X181.349 Y150.922 E.02127
G1 X181.226 Y152.014 E.02161
G1 X181.137 Y152.516 E.01003
G1 X180.741 Y154.093 E.03198
G1 X180.204 Y155.473 E.02913
G1 X179.84 Y156.22 E.01634
G1 X179.486 Y156.85 E.01421
G1 X178.596 Y158.155 E.03107
G1 X177.559 Y159.348 E.03109
G1 X177.185 Y159.715 E.01031
G1 X176.407 Y160.394 E.02031
G1 X175.688 Y160.924 E.01757
G1 X175.141 Y161.3 E.01306
G1 X173.996 Y161.93 E.02571
G1 X173.542 Y162.163 E.01004
G1 X172.296 Y162.656 E.02636
G1 X171.452 Y162.912 E.01735
G1 X170.798 Y163.069 E.01323
G1 X169.237 Y163.307 E.03106
G1 X167.657 Y163.36 E.03109
G1 X167.084 Y163.333 E.01128
G1 X166.108 Y163.23 E.0193
G1 X165.287 Y163.074 E.01644
G1 X164.581 Y162.92 E.01421
G1 X163.578 Y162.59 E.02077
G1 X162.814 Y162.319 E.01594
G1 X161.702 Y161.787 E.02425
G1 X160.812 Y161.269 E.02025
G1 X160.282 Y160.911 E.01258
G1 X159.075 Y159.954 E.0303
G1 X139.055 Y142.084 E.52783
G1 X137.963 Y141.233 E.02723
G1 X137.348 Y140.846 E.01429
G1 X136.696 Y140.497 E.01455
G1 X135.389 Y139.957 E.02782
G1 X134.042 Y139.599 E.02741
G1 X133.375 Y139.491 E.01329
G1 X132.341 Y139.421 E.02038
G1 X131.241 Y139.427 E.02164
G1 X129.849 Y139.62 E.02764
G1 X129.188 Y139.781 E.01338
G1 X128.439 Y140.017 E.01545
G1 X127.141 Y140.579 E.02782
G1 X125.947 Y141.295 E.02738
G1 X125.353 Y141.744 E.01465
G1 X124.825 Y142.194 E.01365
G1 X123.878 Y143.18 E.02689
G1 X123.573 Y143.593 E.0101
G1 X122.883 Y144.586 E.02378
G1 X122.623 Y145.052 E.0105
G1 X122.344 Y145.607 E.01222
G1 X121.852 Y146.891 E.02705
G1 X121.529 Y148.259 E.02765
G1 X121.446 Y148.866 E.01205
G1 X121.388 Y149.717 E.01678
G1 X121.415 Y150.487 E.01515
G1 X121.442 Y151.13 E.01266
G1 X121.677 Y152.501 E.02736
G1 X121.821 Y153.037 E.01092
G1 X122.003 Y153.572 E.01112
G1 X122.203 Y154.08 E.01074
G1 X122.71 Y155.155 E.02338
G1 X123.443 Y156.304 E.02681
G1 X123.793 Y156.753 E.0112
G1 X124.389 Y157.419 E.01758
G1 X124.912 Y157.901 E.01399
G1 X125.445 Y158.368 E.01394
G1 X126.612 Y159.165 E.0278
G1 X127.854 Y159.792 E.02737
G1 X129.215 Y160.262 E.02832
G1 X130.295 Y160.484 E.02169
G1 X130.908 Y160.577 E.0122
G1 X131.192 Y160.661 E.00583
G1 X131.36 Y160.863 E.00517
G1 X131.394 Y161.034 E.00343
G1 X131.396 Y162.872 E.03615
G1 X131.356 Y163.122 E.00498
G1 X131.22 Y163.276 E.00404
G1 X130.984 Y163.348 E.00485
G1 X130.465 Y163.312 E.01023
G1 X128.804 Y163.013 E.0332
G1 X127.396 Y162.584 E.02895
G1 X126.716 Y162.313 E.0144
G1 X125.97 Y161.965 E.01619
G1 X124.621 Y161.183 E.03067
G1 X123.476 Y160.323 E.02817
G1 X123.023 Y159.943 E.01163
G1 X122.216 Y159.149 E.02227
G1 X121.532 Y158.353 E.02064
G1 X121.223 Y157.953 E.00994
G1 X120.287 Y156.489 E.03418
G1 X119.666 Y155.21 E.02797
G1 X119.383 Y154.481 E.01538
G1 X119.147 Y153.744 E.01522
G1 X118.823 Y152.352 E.02811
G1 X118.638 Y150.69 E.03289
G1 X118.618 Y150.159 E.01045
G1 X118.651 Y149.078 E.02127
G1 X118.774 Y147.986 E.02161
G1 X118.863 Y147.484 E.01003
G1 X119.259 Y145.907 E.03198
G1 X119.796 Y144.527 E.02913
G1 X120.16 Y143.78 E.01634
G1 X120.515 Y143.149 E.01424
G1 X121.344 Y141.923 E.02911
G1 X122.442 Y140.652 E.03304
G1 X122.815 Y140.285 E.01029
M73 P38 R7
G1 X123.593 Y139.606 E.02031
G1 X124.312 Y139.076 E.01757
G1 X124.859 Y138.7 E.01306
G1 X126.004 Y138.07 E.02571
G1 X126.458 Y137.837 E.01004
G1 X127.704 Y137.344 E.02636
G1 X128.548 Y137.088 E.01735
G1 X129.202 Y136.931 E.01323
G1 X130.763 Y136.693 E.03106
G1 X132.343 Y136.64 E.03109
G1 X132.916 Y136.667 E.01128
G1 X133.892 Y136.77 E.0193
G1 X134.713 Y136.926 E.01644
G1 X135.419 Y137.08 E.01421
G1 X136.422 Y137.41 E.02077
G1 X137.186 Y137.681 E.01594
G1 X138.298 Y138.213 E.02425
G1 X139.188 Y138.731 E.02025
G1 X139.718 Y139.089 E.01258
G1 X140.925 Y140.046 E.0303
G1 X160.945 Y157.916 E.52783
G1 X162.037 Y158.767 E.02723
G1 X162.652 Y159.154 E.01429
G1 X163.304 Y159.503 E.01455
G1 X164.611 Y160.043 E.02782
G1 X165.958 Y160.401 E.02741
G1 X166.625 Y160.509 E.01329
G1 X167.659 Y160.579 E.02038
G1 X168.759 Y160.573 E.02164
G1 X170.151 Y160.38 E.02764
G1 X170.812 Y160.219 E.01338
G1 X171.561 Y159.983 E.01545
G1 X172.859 Y159.421 E.02782
G1 X174.053 Y158.705 E.02738
G1 X174.647 Y158.256 E.01465
G1 X175.173 Y157.808 E.01359
G1 X176.064 Y156.888 E.02519
G1 X176.372 Y156.475 E.01013
G1 X177.119 Y155.411 E.02557
G1 X177.377 Y154.948 E.01043
G1 X177.656 Y154.393 E.01222
G1 X178.148 Y153.109 E.02705
G1 X178.475 Y151.725 E.02797
G1 X178.583 Y150.724 E.0198
G1 X178.6 Y149.878 E.01664
G1 X178.574 Y149.095 E.01541
G1 X178.169 Y149.071 F9000
;TYPE:Outer wall
G1 F6000
G1 X177.929 Y147.604 E.02924
G1 X177.791 Y147.088 E.01051
G1 X177.611 Y146.559 E.01099
G1 X177.426 Y146.088 E.00995
G1 X176.947 Y145.064 E.02224
G1 X176.224 Y143.931 E.02644
G1 X175.902 Y143.517 E.01032
G1 X175.34 Y142.885 E.01663
G1 X174.324 Y141.967 E.02693
G1 X173.203 Y141.198 E.02674
G1 X172.006 Y140.591 E.0264
G1 X170.703 Y140.137 E.02714
G1 X169.623 Y139.915 E.02169
G1 X169.046 Y139.828 E.01148
G1 X168.567 Y139.686 E.00983
G1 X168.261 Y139.318 E.00941
G1 X168.199 Y139.007 E.00624
G1 X168.197 Y137.134 E.03684
G1 X168.267 Y136.707 E.00851
G1 X168.458 Y136.439 E.00647
G1 X168.732 Y136.276 E.00627
G1 X169.066 Y136.234 E.00662
G1 X169.591 Y136.284 E.01037
G1 X171.292 Y136.591 E.034
G1 X172.739 Y137.032 E.02975
G1 X173.445 Y137.313 E.01495
G1 X174.217 Y137.673 E.01675
G1 X175.613 Y138.484 E.03176
G1 X176.86 Y139.42 E.03067
G1 X177.254 Y139.758 E.01021
G1 X178.081 Y140.573 E.02284
G1 X178.776 Y141.381 E.02096
G1 X179.11 Y141.814 E.01076
G1 X180.069 Y143.312 E.03498
G1 X180.708 Y144.628 E.02877
G1 X181 Y145.383 E.01592
G1 X181.246 Y146.147 E.01579
G1 X181.604 Y147.727 E.03186
G1 X181.724 Y148.858 E.02237
G1 X181.789 Y149.841 E.01938
G1 X181.756 Y150.951 E.02184
G1 X181.549 Y152.55 E.03171
G1 X181.092 Y154.314 E.03584
G1 X180.577 Y155.636 E.02791
G1 X180.2 Y156.409 E.01692
G1 X179.832 Y157.065 E.01479
G1 X178.919 Y158.404 E.03188
G1 X177.856 Y159.627 E.03187
G1 X177.462 Y160.014 E.01086
G1 X176.663 Y160.711 E.02085
G1 X175.776 Y161.364 E.02166
G1 X175.35 Y161.65 E.01009
G1 X174.192 Y162.287 E.026
G1 X173.703 Y162.537 E.0108
G1 X172.43 Y163.041 E.02693
G1 X171.559 Y163.305 E.0179
G1 X170.876 Y163.468 E.01381
G1 X169.274 Y163.713 E.03188
G1 X167.654 Y163.767 E.03188
G1 X167.053 Y163.739 E.01183
G1 X166.048 Y163.633 E.01988
G1 X165.211 Y163.474 E.01676
G1 X164.467 Y163.312 E.01498
G1 X163.451 Y162.977 E.02104
G1 X162.649 Y162.691 E.01675
G1 X161.526 Y162.154 E.02448
G1 X160.586 Y161.608 E.02138
G1 X160.029 Y161.23 E.01324
G1 X158.812 Y160.266 E.03054
G1 X138.794 Y142.396 E.5278
G1 X137.729 Y141.566 E.02656
G1 X137.154 Y141.204 E.01336
G1 X136.539 Y140.873 E.01374
G1 X135.283 Y140.351 E.02675
G1 X133.975 Y140.001 E.02663
G1 X133.336 Y139.896 E.01274
G1 X132.343 Y139.828 E.01958
G1 X131.27 Y139.834 E.02111
G1 X129.926 Y140.021 E.02669
G1 X129.309 Y140.169 E.01248
G1 X128.6 Y140.391 E.01461
G1 X127.35 Y140.929 E.02677
G1 X126.189 Y141.623 E.0266
G1 X125.615 Y142.055 E.01413
G1 X125.118 Y142.476 E.01281
G1 X124.193 Y143.439 E.02626
G1 X123.902 Y143.834 E.00965
G1 X123.232 Y144.794 E.02303
G1 X122.986 Y145.236 E.00995
G1 X122.724 Y145.752 E.01138
G1 X122.242 Y147.011 E.02652
G1 X121.93 Y148.332 E.0267
G1 X121.852 Y148.895 E.01118
G1 X121.795 Y149.703 E.01593
G1 X121.844 Y151.062 E.02675
G1 X121.972 Y151.816 E.01504
G1 X122.071 Y152.396 E.01157
G1 X122.209 Y152.912 E.01051
G1 X122.389 Y153.442 E.01101
G1 X122.574 Y153.912 E.00993
G1 X123.053 Y154.936 E.02224
G1 X123.776 Y156.069 E.02644
G1 X124.098 Y156.483 E.01032
G1 X124.664 Y157.119 E.01675
G1 X125.676 Y158.033 E.02682
G1 X126.797 Y158.802 E.02674
G1 X127.994 Y159.409 E.0264
G1 X129.297 Y159.863 E.02714
G1 X130.377 Y160.085 E.02169
G1 X130.954 Y160.172 E.01148
G1 X131.433 Y160.314 E.00983
G1 X131.739 Y160.682 E.00941
G1 X131.801 Y160.993 E.00624
G1 X131.803 Y162.871 E.03694
G1 X131.739 Y163.281 E.00816
G1 X131.571 Y163.533 E.00596
G1 X131.29 Y163.715 E.00659
G1 X130.937 Y163.767 E.00702
G1 X130.409 Y163.716 E.01043
G1 X128.708 Y163.409 E.034
G1 X127.261 Y162.968 E.02975
G1 X126.555 Y162.687 E.01495
G1 X125.783 Y162.327 E.01675
G1 X124.387 Y161.516 E.03176
G1 X123.14 Y160.58 E.03067
G1 X122.746 Y160.242 E.01021
G1 X121.919 Y159.427 E.02284
G1 X121.224 Y158.619 E.02096
G1 X120.89 Y158.186 E.01076
G1 X119.931 Y156.688 E.03498
G1 X119.292 Y155.372 E.02877
G1 X119 Y154.617 E.01592
G1 X118.754 Y153.853 E.01579
G1 X118.421 Y152.421 E.02892
G1 X118.225 Y150.661 E.03483
G1 X118.211 Y150.159 E.00988
G1 X118.244 Y149.049 E.02184
G1 X118.451 Y147.45 E.03171
G1 X118.908 Y145.686 E.03584
G1 X119.423 Y144.364 E.02791
G1 X119.8 Y143.591 E.01692
G1 X120.168 Y142.935 E.01479
G1 X121.02 Y141.675 E.02992
G1 X122.145 Y140.373 E.03384
G1 X122.538 Y139.986 E.01085
G1 X123.337 Y139.289 E.02085
G1 X124.224 Y138.636 E.02166
G1 X124.65 Y138.35 E.01009
G1 X125.808 Y137.713 E.026
G1 X126.297 Y137.463 E.0108
G1 X127.57 Y136.959 E.02693
G1 X128.441 Y136.695 E.0179
G1 X129.124 Y136.532 E.01381
G1 X130.726 Y136.287 E.03188
G1 X132.346 Y136.233 E.03188
G1 X132.947 Y136.261 E.01183
G1 X133.952 Y136.367 E.01988
G1 X134.789 Y136.526 E.01676
G1 X135.533 Y136.688 E.01498
G1 X136.549 Y137.023 E.02104
G1 X137.351 Y137.309 E.01675
G1 X138.474 Y137.846 E.02448
G1 X139.414 Y138.392 E.02138
G1 X139.971 Y138.77 E.01324
G1 X141.188 Y139.734 E.03054
G1 X161.206 Y157.604 E.5278
G1 X162.271 Y158.434 E.02656
G1 X162.846 Y158.796 E.01336
G1 X163.461 Y159.127 E.01374
G1 X164.717 Y159.649 E.02675
G1 X166.025 Y159.999 E.02663
G1 X166.664 Y160.104 E.01274
G1 X167.657 Y160.172 E.01958
G1 X168.73 Y160.166 E.02111
G1 X170.074 Y159.979 E.02669
G1 X170.691 Y159.831 E.01248
G1 X171.4 Y159.609 E.01461
G1 X172.65 Y159.071 E.02677
G1 X173.811 Y158.377 E.0266
G1 X174.385 Y157.945 E.01413
G1 X174.881 Y157.525 E.01278
G1 X175.75 Y156.629 E.02455
G1 X176.769 Y155.203 E.03447
G1 X177.014 Y154.764 E.00989
G1 X177.276 Y154.248 E.01138
G1 X177.758 Y152.989 E.02652
G1 X178.073 Y151.655 E.02696
G1 X178.177 Y150.695 E.01899
G1 X178.193 Y149.89 E.01584
G1 X178.17 Y149.111 E.01533
G1 E-1 F1200
G1 X179.668 Y144.095 F9000
G1 E1 F1500
;TYPE:Sparse infill
;WIDTH:0.42
G1 F7200
G1 X179.455 Y143.656 E.0096
G1 X178.868 Y142.739 E.02142
G1 X175.174 Y139.044 E.10276
G1 X175.087 Y138.98 E.00213
G1 X173.894 Y138.298 E.02703
G1 X173.166 Y137.958 E.01579
G1 X172.506 Y137.696 E.01398
G1 X171.126 Y137.275 E.02837
G1 X169.494 Y136.981 E.03262
G1 X169.077 Y136.941 E.00824
G1 X168.965 Y136.955 E.00222
G1 X168.925 Y136.995 E.00112
G1 X168.9 Y137.114 E.00239
G1 X168.902 Y138.794 E.03305
G1 X169.253 Y139.145 E.00977
G1 X169.532 Y139.179 E.00554
G1 X170.848 Y139.449 E.02641
G1 X171.155 Y139.536 E.00629
G1 X172.29 Y139.947 E.02373
G1 X173.562 Y140.593 E.02806
G1 X174.726 Y141.39 E.02775
G1 X174.957 Y141.576 E.00584
G1 X175.871 Y142.423 E.0245
G1 X176.438 Y143.062 E.01681
G1 X176.777 Y143.497 E.01084
G1 X177.541 Y144.688 E.02784
G1 X177.671 Y144.93 E.00539
G1 X178.181 Y146.054 E.02428
G1 X178.461 Y146.874 E.01704
G1 X178.617 Y147.457 E.01187
G1 X178.816 Y148.708 E.02492
G1 X181.05 Y150.942 E.06213
G1 X180.928 Y152.013 E.0212
G1 X180.861 Y152.404 E.00782
G1 X180.428 Y154.081 E.03406
G1 X179.933 Y155.354 E.02687
G1 X179.771 Y155.685 E.00725
G1 X178.113 Y154.027 E.04614
G1 X177.926 Y154.516 E.0103
G1 X177.519 Y155.317 E.01768
G1 X177.198 Y155.855 E.01232
G1 X176.288 Y157.082 E.03004
G1 X175.726 Y157.662 E.01588
G1 X177.276 Y159.211 E.0431
G1 X176.984 Y159.498 E.00805
G1 X176.222 Y160.163 E.01989
G1 X175.281 Y160.856 E.02299
G1 X174.989 Y161.046 E.00685
G1 X173.764 Y161.721 E.02751
G1 X172.108 Y160.065 E.04604
G1 X171.596 Y160.285 E.01096
G1 X170.891 Y160.505 E.01453
G1 X170.166 Y160.676 E.01465
G1 X168.75 Y160.869 E.02811
G1 X167.38 Y160.876 E.02694
G1 X166.848 Y160.827 E.01051
G1 X169.039 Y163.017 E.06094
G1 X167.659 Y163.064 E.02716
G1 X167.106 Y163.038 E.01088
G1 X166.151 Y162.937 E.0189
G1 X164.953 Y162.709 E.02398
G1 X164.663 Y162.636 E.00588
G1 X163.165 Y162.143 E.03102
G1 X162.934 Y162.049 E.00491
G1 X161.789 Y161.501 E.02496
G1 X161.095 Y161.095 E.01581
G1 X138.905 Y138.905 E.61724
G1 X138.211 Y138.499 E.01581
G1 X137.066 Y137.951 E.02496
G1 X136.835 Y137.857 E.00491
G1 X135.337 Y137.364 E.03102
G1 X135.047 Y137.291 E.00588
G1 X133.849 Y137.063 E.02398
G1 X132.894 Y136.962 E.0189
G1 X132.389 Y136.938 E.00994
G1 X130.961 Y136.983 E.02809
G1 X133.152 Y139.173 E.06092
G1 X132.62 Y139.124 E.01051
G1 X131.25 Y139.131 E.02694
G1 X129.824 Y139.325 E.02831
G1 X129.109 Y139.495 E.01445
G1 X128.404 Y139.715 E.01453
G1 X127.892 Y139.935 E.01095
G1 X126.236 Y138.279 E.04607
G1 X125.011 Y138.954 E.02751
G1 X124.719 Y139.144 E.00685
G1 X123.778 Y139.837 E.02299
G1 X123.016 Y140.502 E.01988
G1 X122.724 Y140.789 E.00805
G1 X124.275 Y142.339 E.04314
G1 X123.682 Y142.957 E.01684
G1 X122.801 Y144.148 E.02914
G1 X122.471 Y144.7 E.01265
G1 X122.074 Y145.484 E.01729
G1 X121.889 Y145.975 E.01031
G1 X120.229 Y144.315 E.04618
G1 X120.067 Y144.646 E.00725
G1 X119.572 Y145.919 E.02687
G1 X119.139 Y147.596 E.03406
G1 X119.072 Y147.987 E.00782
G1 X118.951 Y149.058 E.0212
G1 X121.169 Y151.276 E.0617
G1 X121.375 Y152.501 E.02442
G1 X121.529 Y153.092 E.01202
G1 X121.819 Y153.946 E.01773
G1 X122.352 Y155.118 E.02533
G1 X122.459 Y155.312 E.00436
G1 X123.182 Y156.444 E.02642
G1 X123.562 Y156.938 E.01225
G1 X124.166 Y157.615 E.01785
G1 X125.083 Y158.459 E.02451
G1 X125.275 Y158.61 E.00481
G1 X126.438 Y159.407 E.02774
G1 X127.71 Y160.053 E.02806
G1 X128.845 Y160.464 E.02373
G1 X129.152 Y160.551 E.00629
G1 X130.468 Y160.821 E.02641
G1 X130.747 Y160.855 E.00554
G1 X131.098 Y161.206 E.00977
G1 X131.1 Y162.891 E.03313
G1 X131.067 Y163.022 E.00267
G1 X131.037 Y163.042 E.0007
G1 X130.919 Y163.059 E.00234
G1 X130.506 Y163.019 E.00817
G1 X128.874 Y162.725 E.03261
G1 X127.494 Y162.304 E.02837
G1 X126.834 Y162.042 E.01398
G1 X126.106 Y161.702 E.01579
G1 X124.913 Y161.02 E.02703
G1 X124.826 Y160.956 E.00213
G1 X121.132 Y157.261 E.10276
G1 X120.545 Y156.344 E.02142
G1 X120.332 Y155.905 E.0096
; stop printing object s+hook+20mm id:0 copy 0
M106 S51
;LAYER_CHANGE
;Z:1.68
;HEIGHT:0.12
;_SET_FAN_SPEED_CHANGING_LAYER
; printing object s+hook+20mm id:0 copy 0
G1 E-1 F1200
G1 X181.262 Y151.692 Z1.68 F9000
G1 E1 F1500
;TYPE:Inner wall
;WIDTH:0.419999
G1 F7200
G1 X181.226 Y152.014 E.00637
G1 X181.137 Y152.516 E.01003
M73 P39 R7
G1 X181.034 Y152.929 E.00837
G1 E-1 F1200
G1 X118.738 Y148.308 F9000
G1 E1 F1500
G1 F7200
G1 X118.774 Y147.986 E.00637
G1 X118.863 Y147.484 E.01003
G1 X118.966 Y147.071 E.00837
G1 E-1 F1200
G1 X122.242 Y147.011 F9000
G1 E1 F1500
;TYPE:Outer wall
G1 F6000
G1 X121.93 Y148.332 E.0267
G1 X121.852 Y148.895 E.01118
G1 X121.795 Y149.703 E.01593
G1 X121.844 Y151.062 E.02675
G1 X121.972 Y151.816 E.01504
G1 X122.071 Y152.396 E.01157
G1 X122.209 Y152.912 E.01051
G1 X122.389 Y153.442 E.01101
G1 X122.574 Y153.912 E.00993
G1 X123.053 Y154.936 E.02224
G1 X123.776 Y156.069 E.02644
G1 X124.098 Y156.483 E.01032
G1 X124.664 Y157.119 E.01675
G1 X125.676 Y158.033 E.02682
G1 X126.797 Y158.802 E.02674
G1 X127.994 Y159.409 E.0264
G1 X129.297 Y159.863 E.02714
G1 X130.377 Y160.085 E.02169
G1 X130.954 Y160.172 E.01148
G1 X131.433 Y160.314 E.00983
G1 X131.739 Y160.682 E.00941
G1 X131.801 Y160.993 E.00624
G1 X131.803 Y162.871 E.03694
G1 X131.739 Y163.28 E.00814
G1 X131.571 Y163.533 E.00597
G1 X131.29 Y163.715 E.00659
G1 X130.937 Y163.767 E.00702
G1 X130.409 Y163.716 E.01043
G1 X128.708 Y163.409 E.034
G1 X127.261 Y162.968 E.02975
G1 X126.555 Y162.687 E.01495
G1 X125.783 Y162.327 E.01675
G1 X124.387 Y161.516 E.03176
G1 X123.14 Y160.58 E.03067
G1 X122.746 Y160.242 E.01021
G1 X121.919 Y159.427 E.02284
G1 X121.224 Y158.619 E.02096
G1 X120.89 Y158.186 E.01076
G1 X119.931 Y156.688 E.03498
G1 X119.292 Y155.372 E.02877
G1 X119 Y154.617 E.01592
G1 X118.754 Y153.853 E.01579
G1 X118.421 Y152.421 E.02892
G1 X118.225 Y150.661 E.03483
G1 X118.211 Y150.159 E.00988
G1 X118.244 Y149.049 E.02184
G1 X118.451 Y147.45 E.03171
G1 X118.908 Y145.686 E.03584
G1 X119.423 Y144.364 E.02791
G1 X119.8 Y143.591 E.01692
G1 X120.168 Y142.935 E.01479
G1 X121.02 Y141.675 E.02992
G1 X122.145 Y140.373 E.03384
G1 X122.538 Y139.986 E.01085
G1 X123.337 Y139.289 E.02085
G1 X124.224 Y138.636 E.02166
G1 X124.65 Y138.35 E.01009
G1 X125.808 Y137.713 E.026
G1 X126.297 Y137.463 E.0108
G1 X127.57 Y136.959 E.02693
G1 X128.441 Y136.695 E.0179
G1 X129.124 Y136.532 E.01381
G1 X130.726 Y136.287 E.03188
G1 X132.346 Y136.233 E.03188
G1 X132.947 Y136.261 E.01183
G1 X133.952 Y136.367 E.01988
G1 X134.789 Y136.526 E.01676
G1 X135.533 Y136.688 E.01498
G1 X136.549 Y137.023 E.02104
G1 X137.351 Y137.309 E.01675
G1 X138.474 Y137.846 E.02448
G1 X139.414 Y138.392 E.02138
G1 X139.971 Y138.77 E.01324
G1 X141.188 Y139.734 E.03054
G1 X161.206 Y157.604 E.5278
G1 X162.271 Y158.434 E.02656
G1 X162.846 Y158.796 E.01336
G1 X163.461 Y159.127 E.01374
G1 X164.717 Y159.649 E.02675
G1 X166.025 Y159.999 E.02663
G1 X166.664 Y160.104 E.01274
G1 X167.657 Y160.172 E.01958
G1 X168.73 Y160.166 E.02111
G1 X170.074 Y159.979 E.02669
G1 X170.691 Y159.831 E.01248
G1 X171.4 Y159.609 E.01461
G1 X172.65 Y159.071 E.02677
G1 X173.811 Y158.377 E.0266
G1 X174.385 Y157.945 E.01413
G1 X174.881 Y157.525 E.01278
G1 X175.75 Y156.629 E.02455
G1 X176.769 Y155.203 E.03447
G1 X177.014 Y154.764 E.00989
G1 X177.276 Y154.248 E.01138
G1 X177.758 Y152.989 E.02652
G1 X178.073 Y151.655 E.02696
G1 X178.177 Y150.695 E.01899
G1 X178.193 Y149.89 E.01584
G1 X178.169 Y149.071 E.01612
G1 X177.929 Y147.604 E.02924
G1 X177.791 Y147.088 E.01051
G1 X177.611 Y146.559 E.01099
G1 X177.426 Y146.088 E.00995
G1 X176.947 Y145.064 E.02224
G1 X176.224 Y143.931 E.02644
G1 X175.902 Y143.517 E.01032
G1 X175.34 Y142.885 E.01663
G1 X174.324 Y141.967 E.02693
G1 X173.203 Y141.198 E.02674
G1 X172.006 Y140.591 E.0264
G1 X170.703 Y140.137 E.02714
G1 X169.623 Y139.915 E.02169
G1 X169.046 Y139.828 E.01148
G1 X168.567 Y139.686 E.00983
G1 X168.261 Y139.318 E.00941
G1 X168.199 Y139.007 E.00624
G1 X168.197 Y137.134 E.03684
G1 X168.267 Y136.707 E.00851
G1 X168.458 Y136.439 E.00647
G1 X168.732 Y136.276 E.00627
G1 X169.066 Y136.234 E.00662
G1 X169.591 Y136.284 E.01037
G1 X171.292 Y136.591 E.034
G1 X172.739 Y137.032 E.02975
G1 X173.445 Y137.313 E.01495
G1 X174.217 Y137.673 E.01675
G1 X175.613 Y138.484 E.03176
G1 X176.86 Y139.42 E.03067
G1 X177.254 Y139.758 E.01021
G1 X178.081 Y140.573 E.02284
G1 X178.776 Y141.381 E.02096
G1 X179.11 Y141.814 E.01076
G1 X180.069 Y143.312 E.03498
G1 X180.708 Y144.628 E.02877
G1 X181 Y145.383 E.01592
G1 X181.246 Y146.147 E.01579
G1 X181.604 Y147.727 E.03186
G1 X181.724 Y148.858 E.02237
G1 X181.789 Y149.841 E.01938
G1 X181.756 Y150.951 E.02184
G1 X181.549 Y152.55 E.03171
G1 X181.092 Y154.314 E.03584
G1 X180.577 Y155.636 E.02791
G1 X180.2 Y156.409 E.01692
G1 X179.832 Y157.065 E.01479
G1 X178.919 Y158.404 E.03188
G1 X177.856 Y159.627 E.03187
G1 X177.462 Y160.014 E.01086
G1 X176.663 Y160.711 E.02085
G1 X175.776 Y161.364 E.02166
G1 X175.35 Y161.65 E.01009
G1 X174.192 Y162.287 E.026
G1 X173.703 Y162.537 E.0108
G1 X172.43 Y163.041 E.02693
G1 X171.559 Y163.305 E.0179
G1 X170.876 Y163.468 E.01381
G1 X169.274 Y163.713 E.03188
G1 X167.654 Y163.767 E.03188
G1 X167.053 Y163.739 E.01183
G1 X166.048 Y163.633 E.01988
G1 X165.211 Y163.474 E.01676
G1 X164.467 Y163.312 E.01498
G1 X163.451 Y162.977 E.02104
G1 X162.649 Y162.691 E.01675
G1 X161.526 Y162.154 E.02448
G1 X160.586 Y161.608 E.02138
G1 X160.029 Y161.23 E.01324
G1 X158.812 Y160.266 E.03054
G1 X138.794 Y142.396 E.5278
G1 X137.729 Y141.566 E.02656
G1 X137.154 Y141.204 E.01336
G1 X136.539 Y140.873 E.01374
G1 X135.283 Y140.351 E.02675
G1 X133.975 Y140.001 E.02663
G1 X133.336 Y139.896 E.01274
G1 X132.343 Y139.828 E.01958
G1 X131.27 Y139.834 E.02111
G1 X129.926 Y140.021 E.02669
G1 X129.309 Y140.169 E.01248
G1 X128.6 Y140.391 E.01461
G1 X127.35 Y140.929 E.02677
G1 X126.189 Y141.623 E.0266
G1 X125.615 Y142.055 E.01413
G1 X125.118 Y142.476 E.01281
G1 X124.193 Y143.439 E.02626
G1 X123.902 Y143.834 E.00965
G1 X123.232 Y144.794 E.02303
G1 X122.986 Y145.236 E.00995
G1 X122.724 Y145.752 E.01138
G1 X122.257 Y146.974 E.02573
G1 E-1 F1200
G1 X119.638 Y149.746 F9000
G1 E1 F1500
;TYPE:Sparse infill
;WIDTH:0.42
G1 F7200
G1 X120.409 Y150.517 E.02145
G1 E-1 F1200
G1 X131.65 Y137.671 F9000
G1 E1 F1500
G1 F7200
G1 X132.393 Y138.415 E.02069
G1 E-1 F1200
G1 X145.31 Y145.31 F9000
G1 E1 F1500
G1 F7200
G1 X154.69 Y154.69 E.26094
G1 E-1 F1200
G1 X167.607 Y161.585 F9000
G1 E1 F1500
G1 F7200
G1 X168.35 Y162.329 E.02069
G1 E-1 F1200
G1 X180.361 Y150.253 F9000
G1 E1 F1500
G1 F7200
G1 X179.596 Y149.489 E.02126
; stop printing object s+hook+20mm id:0 copy 0
; FIBER RESERVE: mode=band strands=1 removed=2
M400
G1 E-10 F1200
MOVE_TO_BRUSH_STATION
CLEAN_NOZZLE
M104 S150 T1 ; standby
M104 S270 T0 ; pre-charge
M109 S270 T0
MOVE_OUT_BRUSH_STATION
M106 P2 S181 ; fibre-side cooling, fan4, owned by T0 (depositing)
M106 P1 S0 ; part-cooling, fan3, owned by T1 (idle)
M106 P3 S255 ; auxiliary fan on while T0 deposits
M106 P5 S255 ; exhaust fan on while T0 deposits
T0 ; switch extruder type to:FIBER
; LAYER:13 [1.68]
M1001 L234
G1 F1200 Z2.88
G1 X155.55 Y153.76 F1200
G1 F1200 U55.000 ; Extrude restart
G1 F1200 Z1.68
G1 F600 V1.000 ; Recover matrix retract
G1 F600 V3.000 ; Matrix prime
G1 X160.63 Y158.30 V0.227 U6.674 P0.034 F300
G1 X161.45 Y158.94 V0.035 U1.027 P0.034 F300
M73 P40 R7
G1 X161.76 Y159.17 V0.013 U0.370 P0.034 F300
G1 X162.07 Y159.38 V0.013 U0.370 P0.034 F300
G1 X162.39 Y159.58 V0.013 U0.370 P0.034 F300
G1 X162.73 Y159.76 V0.013 U0.379 P0.034 F300
G1 X163.08 Y159.94 V0.013 U0.379 P0.034 F300
G1 X163.43 Y160.09 V0.013 U0.379 P0.034 F300
G1 X163.75 Y160.23 V0.012 U0.342 P0.034 F300
G1 X164.43 Y160.48 V0.024 U0.714 P0.034 F300
G1 X165.13 Y160.70 V0.024 U0.714 P0.034 F300
G1 X165.48 Y160.79 V0.012 U0.354 P0.034 F300
G1 X165.84 Y160.88 V0.012 U0.360 P0.034 F300
G1 X166.20 Y160.94 V0.012 U0.360 P0.034 F300
G1 X166.56 Y160.99 V0.012 U0.360 P0.034 F300
G1 X166.93 Y161.03 V0.012 U0.360 P0.034 F300
G1 X167.63 Y161.08 V0.023 U0.689 P0.034 F300
G1 X168.21 Y161.07 V0.019 U0.571 P0.034 F300
G1 X168.79 Y161.05 V0.019 U0.570 P0.034 F600
G1 X169.37 Y160.99 V0.019 U0.570 P0.034 F600
G1 X169.89 Y160.92 V0.017 U0.514 P0.034 F600
G1 X170.24 Y160.86 V0.012 U0.347 P0.034 F600
G1 X170.59 Y160.79 V0.012 U0.347 P0.034 F600
G1 X170.93 Y160.70 V0.012 U0.348 P0.034 F600
G1 X171.32 Y160.58 V0.014 U0.402 P0.034 F600
G1 X171.71 Y160.45 V0.014 U0.401 P0.034 F600
G1 X172.09 Y160.30 V0.014 U0.401 P0.034 F600
G1 X172.39 Y160.17 V0.011 U0.320 P0.034 F600
G1 X173.05 Y159.86 V0.024 U0.715 P0.034 F600
G1 X173.69 Y159.50 V0.024 U0.715 P0.034 F600
G1 X173.98 Y159.33 V0.011 U0.328 P0.034 F600
G1 X174.31 Y159.12 V0.013 U0.388 P0.034 F600
G1 X174.63 Y158.89 V0.013 U0.388 P0.034 F600
G1 X174.95 Y158.65 V0.013 U0.388 P0.034 F600
G1 X175.22 Y158.42 V0.012 U0.353 P0.034 F600
G1 X175.49 Y158.18 V0.012 U0.353 P0.034 F600
G1 X175.75 Y157.93 V0.012 U0.353 P0.034 F600
G1 X175.97 Y157.70 V0.011 U0.314 P0.034 F600
G1 X176.43 Y157.19 V0.023 U0.665 P0.034 F600
G1 X176.84 Y156.66 V0.023 U0.665 P0.034 F600
G1 X177.37 Y155.92 V0.030 U0.887 P0.034 F600
G1 X177.53 Y155.68 V0.010 U0.280 P0.034 F600
G1 X177.67 Y155.44 V0.010 U0.280 P0.034 F600
G1 X177.81 Y155.19 V0.010 U0.280 P0.034 F600
G1 X177.96 Y154.90 V0.011 U0.315 P0.034 F600
G1 X178.10 Y154.61 V0.011 U0.315 P0.034 F600
G1 X178.22 Y154.31 V0.011 U0.315 P0.034 F600
G1 X178.36 Y153.93 V0.014 U0.398 P0.034 F600
G1 X178.60 Y153.25 V0.024 U0.712 P0.034 F600
G1 X178.79 Y152.55 V0.024 U0.712 P0.034 F600
G1 X178.84 Y152.32 V0.008 U0.224 P0.034 F600
G1 X178.95 Y151.81 V0.018 U0.519 P0.034 F600
G1 X179.02 Y151.28 V0.018 U0.519 P0.034 F600
G1 X179.03 Y151.18 V0.003 U0.095 P0.034 F600
G1 X179.07 Y150.75 V0.014 U0.425 P0.034 F600
G1 X179.09 Y150.32 V0.014 U0.425 P0.034 F600
G1 X179.10 Y149.89 V0.014 U0.425 P0.034 F600
G1 X179.08 Y149.43 V0.015 U0.442 P0.034 F600
G1 X179.06 Y148.99 V0.015 U0.441 P0.034 F600
G1 X179.00 Y148.54 V0.015 U0.441 P0.034 F600
G1 X178.86 Y147.72 V0.028 U0.818 P0.034 F600
G1 X178.81 Y147.42 V0.010 U0.299 P0.034 F600
G1 X178.74 Y147.12 V0.010 U0.299 P0.034 F600
G1 X178.66 Y146.82 V0.010 U0.299 P0.034 F600
G1 X178.46 Y146.25 V0.020 U0.598 P0.034 F600
G1 X178.26 Y145.73 V0.018 U0.544 P0.034 F600
G1 X178.00 Y145.18 V0.020 U0.597 P0.034 F600
G1 X177.72 Y144.64 V0.020 U0.596 P0.034 F600
G1 X177.41 Y144.11 V0.020 U0.596 P0.034 F600
G1 X177.12 Y143.66 V0.018 U0.526 P0.034 F600
G1 X176.96 Y143.41 V0.010 U0.292 P0.034 F600
G1 X176.78 Y143.17 V0.010 U0.292 P0.034 F600
G1 X176.60 Y142.94 V0.010 U0.292 P0.034 F600
G1 X176.29 Y142.59 V0.015 U0.453 P0.034 F600
G1 X175.97 Y142.26 V0.015 U0.453 P0.034 F600
G1 X175.64 Y141.94 V0.015 U0.453 P0.034 F600
G1 X175.43 Y141.75 V0.009 U0.271 P0.034 F600
G1 X174.87 Y141.27 V0.025 U0.723 P0.034 F600
G1 X174.28 Y140.84 V0.025 U0.723 P0.034 F600
G1 X173.65 Y140.44 V0.025 U0.724 P0.034 F600
G1 X173.01 Y140.09 V0.024 U0.716 P0.034 F600
G1 X172.35 Y139.78 V0.024 U0.716 P0.034 F600
G1 X171.67 Y139.52 V0.024 U0.716 P0.034 F600
G1 X170.95 Y139.26 V0.026 U0.750 P0.034 F600
G1 X169.78 Y139.02 V0.040 U1.166 P0.034 F600
G1 X169.32 Y138.95 V0.016 U0.463 P0.034 F600
G1 X169.24 Y138.94 V0.002 U0.071 P0.034 F600
G1 X169.17 Y138.92 V0.002 U0.071 P0.034 F600
G1 X169.10 Y138.90 V0.002 U0.071 P0.034 F600
G1 X169.10 Y137.24 V0.055 U1.631 P0.034 F600
G1 X169.10 Y137.21 V0.001 U0.030 P0.034 F600
G1 X169.11 Y137.18 V0.001 U0.030 P0.034 F600
G1 X169.11 Y137.15 V0.001 U0.030 P0.034 F600
G1 X169.47 Y137.18 V0.012 U0.350 P0.034 F600
G1 X170.39 Y137.35 V0.031 U0.915 P0.034 F600
G1 X171.07 Y137.49 V0.023 U0.690 P0.034 F600
G1 X171.75 Y137.68 V0.023 U0.690 P0.034 F600
G1 X172.44 Y137.89 V0.024 U0.703 P0.034 F600
G1 X173.09 Y138.14 V0.023 U0.682 P0.034 F600
G1 X173.44 Y138.31 V0.013 U0.385 P0.034 F600
G1 X173.79 Y138.48 V0.013 U0.385 P0.034 F600
G1 X174.14 Y138.67 V0.013 U0.385 P0.034 F600
G1 X174.50 Y138.88 V0.014 U0.412 P0.034 F600
G1 X175.10 Y139.26 V0.024 U0.692 P0.034 F600
G1 X175.68 Y139.66 V0.024 U0.692 P0.034 F600
G1 X176.29 Y140.13 V0.026 U0.754 P0.034 F600
G1 X176.64 Y140.42 V0.015 U0.450 P0.034 F600
G1 X177.42 Y141.19 V0.036 U1.071 P0.034 F600
G1 X178.08 Y141.95 V0.033 U0.985 P0.034 F600
G1 X178.22 Y142.14 V0.008 U0.236 P0.034 F600
G1 X178.37 Y142.34 V0.008 U0.236 P0.034 F600
G1 X178.50 Y142.54 V0.008 U0.236 P0.034 F600
G1 X178.91 Y143.18 V0.025 U0.743 P0.034 F600
G1 X179.26 Y143.76 V0.023 U0.672 P0.034 F600
M73 P41 R7
G1 X179.58 Y144.37 V0.023 U0.672 P0.034 F600
G1 X179.88 Y144.99 V0.023 U0.672 P0.034 F600
G1 X180.15 Y145.68 V0.025 U0.732 P0.034 F600
G1 X180.26 Y146.04 V0.012 U0.360 P0.034 F600
G1 X180.36 Y146.39 V0.012 U0.360 P0.034 F600
G1 X180.45 Y146.74 V0.012 U0.360 P0.034 F600
G1 X180.59 Y147.35 V0.021 U0.614 P0.034 F600
G1 X180.69 Y147.88 V0.018 U0.522 P0.034 F600
G1 X180.77 Y148.40 V0.018 U0.522 P0.034 F600
G1 X180.82 Y148.94 V0.018 U0.523 P0.034 F600
G1 X180.85 Y149.40 V0.015 U0.453 P0.034 F600
G1 X180.87 Y149.86 V0.015 U0.452 P0.034 F600
G1 X180.87 Y150.32 V0.015 U0.452 P0.034 F600
G1 X180.87 Y150.37 V0.002 U0.048 P0.034 F600
G1 X180.84 Y150.88 V0.017 U0.501 P0.034 F600
G1 X180.79 Y151.39 V0.017 U0.501 P0.034 F600
G1 X180.76 Y151.64 V0.008 U0.247 P0.034 F600
G1 X180.64 Y152.37 V0.025 U0.732 P0.034 F600
G1 X180.47 Y153.10 V0.025 U0.732 P0.034 F600
G1 X180.40 Y153.39 V0.010 U0.294 P0.034 F600
G1 X180.21 Y154.03 V0.022 U0.650 P0.034 F600
G1 X179.99 Y154.65 V0.022 U0.650 P0.034 F600
G1 X179.75 Y155.27 V0.022 U0.651 P0.034 F600
G1 X179.40 Y155.99 V0.027 U0.781 P0.034 F600
G1 X179.06 Y156.59 V0.023 U0.673 P0.034 F600
G1 X178.60 Y157.27 V0.027 U0.807 P0.034 F600
G1 X178.19 Y157.84 V0.023 U0.690 P0.034 F600
G1 X177.74 Y158.38 V0.023 U0.690 P0.034 F600
G1 X177.20 Y159.01 V0.028 U0.811 P0.034 F600
G1 X176.85 Y159.35 V0.016 U0.480 P0.034 F600
G1 X176.10 Y160.01 V0.033 U0.977 P0.034 F600
G1 X175.26 Y160.62 V0.035 U1.022 P0.034 F600
G1 X174.88 Y160.88 V0.015 U0.444 P0.034 F600
G1 X173.77 Y161.49 V0.042 U1.244 P0.034 F600
G1 X173.55 Y161.60 V0.008 U0.241 P0.034 F600
G1 X173.33 Y161.71 V0.008 U0.241 P0.034 F600
G1 X173.10 Y161.80 V0.008 U0.241 P0.034 F600
G1 X172.13 Y162.19 V0.035 U1.021 P0.034 F600
G1 X171.32 Y162.43 V0.028 U0.830 P0.034 F600
G1 X170.70 Y162.58 V0.021 U0.625 P0.034 F600
G1 X169.89 Y162.70 V0.027 U0.807 P0.034 F600
G1 X169.19 Y162.79 V0.023 U0.690 P0.034 F600
G1 X168.49 Y162.83 V0.023 U0.690 P0.034 F600
G1 X167.66 Y162.86 V0.028 U0.810 P0.034 F600
G1 X167.12 Y162.84 V0.018 U0.528 P0.034 F600
G1 X166.18 Y162.74 V0.032 U0.928 P0.034 F600
G1 X165.39 Y162.59 V0.027 U0.787 P0.034 F600
G1 X165.05 Y162.51 V0.012 U0.344 P0.034 F600
G1 X164.71 Y162.43 V0.012 U0.344 P0.034 F600
G1 X164.37 Y162.33 V0.012 U0.344 P0.034 F600
G1 X163.74 Y162.12 V0.022 U0.648 P0.034 F600
G1 X163.37 Y161.99 V0.013 U0.389 P0.034 F600
G1 X163.00 Y161.85 V0.013 U0.388 P0.034 F600
G1 X162.64 Y161.68 V0.013 U0.388 P0.034 F600
G1 X161.95 Y161.35 V0.026 U0.750 P0.034 F600
M104 S250 T1 ; FS_PREHEAT next_tool=1 lead_s=15
G1 X161.07 Y160.84 V0.034 U0.998 P0.034 F600
G1 X160.57 Y160.50 V0.020 U0.596 P0.034 F600
G1 X159.39 Y159.57 V0.050 U1.463 P0.034 F600
G1 X139.37 Y141.70 V0.894 U26.301 P0.034 F600
G1 X138.55 Y141.06 V0.035 U1.027 P0.034 F600
G1 X138.24 Y140.83 V0.013 U0.370 P0.034 F600
G1 X137.93 Y140.62 V0.013 U0.370 P0.034 F600
G1 X137.61 Y140.42 V0.013 U0.370 P0.034 F600
G1 X137.27 Y140.24 V0.013 U0.379 P0.034 F600
G1 X136.92 Y140.06 V0.013 U0.379 P0.034 F600
G1 X136.57 Y139.91 V0.013 U0.379 P0.034 F600
G1 X136.25 Y139.77 V0.012 U0.342 P0.034 F600
G1 X135.57 Y139.52 V0.024 U0.714 P0.034 F600
G1 X134.87 Y139.30 V0.024 U0.714 P0.034 F600
G1 X134.52 Y139.21 V0.012 U0.354 P0.034 F600
G1 X134.16 Y139.12 V0.012 U0.360 P0.034 F600
G1 X133.80 Y139.06 V0.012 U0.360 P0.034 F600
G1 X133.44 Y139.01 V0.012 U0.360 P0.034 F600
G1 X133.07 Y138.97 V0.012 U0.360 P0.034 F600
G1 X132.37 Y138.92 V0.023 U0.689 P0.034 F600
G1 X131.79 Y138.93 V0.019 U0.571 P0.034 F600
G1 X131.21 Y138.95 V0.019 U0.570 P0.034 F600
G1 X130.63 Y139.01 V0.019 U0.570 P0.034 F600
G1 X130.11 Y139.08 V0.017 U0.514 P0.034 F600
G1 X129.76 Y139.14 V0.012 U0.347 P0.034 F600
G1 X129.41 Y139.21 V0.012 U0.347 P0.034 F600
G1 X129.07 Y139.30 V0.012 U0.348 P0.034 F600
G1 X128.68 Y139.42 V0.014 U0.402 P0.034 F600
G1 X128.29 Y139.55 V0.014 U0.401 P0.034 F600
G1 X127.91 Y139.70 V0.014 U0.401 P0.034 F600
M73 P42 R7
G1 X127.61 Y139.83 V0.011 U0.320 P0.034 F600
G1 X126.95 Y140.14 V0.024 U0.715 P0.034 F600
G1 X126.31 Y140.50 V0.024 U0.715 P0.034 F600
G1 X126.02 Y140.67 V0.011 U0.328 P0.034 F600
G1 X125.69 Y140.88 V0.013 U0.388 P0.034 F600
G1 X125.37 Y141.11 V0.013 U0.388 P0.034 F600
G1 X125.05 Y141.35 V0.013 U0.388 P0.034 F600
G1 X124.77 Y141.58 V0.012 U0.354 P0.034 F600
G1 X124.51 Y141.82 V0.012 U0.354 P0.034 F600
G1 X124.25 Y142.08 V0.012 U0.354 P0.034 F600
G1 X123.69 Y142.65 V0.027 U0.783 P0.034 F600
G1 X123.51 Y142.86 V0.009 U0.275 P0.034 F600
G1 X123.33 Y143.08 V0.009 U0.275 P0.034 F600
G1 X123.17 Y143.31 V0.009 U0.275 P0.034 F600
G1 X122.63 Y144.08 V0.031 U0.924 P0.034 F600
G1 X122.47 Y144.32 V0.009 U0.279 P0.034 F600
G1 X122.33 Y144.56 V0.009 U0.279 P0.034 F600
G1 X122.19 Y144.81 V0.009 U0.279 P0.034 F600
G1 X122.04 Y145.10 V0.011 U0.315 P0.034 F600
G1 X121.90 Y145.39 V0.011 U0.315 P0.034 F600
G1 X121.78 Y145.69 V0.011 U0.315 P0.034 F600
G1 X121.64 Y146.07 V0.014 U0.398 P0.034 F600
G1 X121.40 Y146.75 V0.024 U0.712 P0.034 F600
G1 X121.21 Y147.45 V0.024 U0.712 P0.034 F600
G1 X121.11 Y147.85 V0.014 U0.404 P0.034 F600
G1 X121.05 Y148.17 V0.011 U0.314 P0.034 F600
G1 X121.00 Y148.48 V0.011 U0.314 P0.034 F600
G1 X120.95 Y148.80 V0.011 U0.314 P0.034 F600
G1 X120.92 Y149.24 V0.015 U0.435 P0.034 F600
G1 X120.90 Y149.69 V0.015 U0.435 P0.034 F600
G1 X120.91 Y150.13 V0.015 U0.435 P0.034 F600
G1 X120.93 Y150.74 V0.020 U0.600 P0.034 F600
G1 X120.96 Y151.15 V0.014 U0.403 P0.034 F600
G1 X121.01 Y151.56 V0.014 U0.403 P0.034 F600
G1 X121.08 Y151.97 V0.014 U0.404 P0.034 F600
G1 X121.14 Y152.29 V0.011 U0.321 P0.034 F600
G1 X121.19 Y152.59 V0.010 U0.297 P0.034 F600
G1 X121.26 Y152.88 V0.010 U0.297 P0.034 F600
G1 X121.34 Y153.17 V0.010 U0.297 P0.034 F600
G1 X121.54 Y153.75 V0.020 U0.598 P0.034 F600
G1 X121.74 Y154.27 V0.018 U0.544 P0.034 F600
G1 X122.00 Y154.82 V0.020 U0.597 P0.034 F600
G1 X122.28 Y155.36 V0.020 U0.596 P0.034 F600
G1 X122.59 Y155.89 V0.020 U0.596 P0.034 F600
G1 X122.88 Y156.34 V0.018 U0.526 P0.034 F600
G1 X123.04 Y156.59 V0.010 U0.292 P0.034 F600
G1 X123.22 Y156.83 V0.010 U0.292 P0.034 F600
G1 X123.40 Y157.06 V0.010 U0.292 P0.034 F600
G1 X123.71 Y157.41 V0.016 U0.456 P0.034 F600
G1 X124.03 Y157.75 V0.016 U0.456 P0.034 F600
G1 X124.37 Y158.07 V0.016 U0.456 P0.034 F600
G1 X124.57 Y158.25 V0.009 U0.265 P0.034 F600
G1 X125.13 Y158.73 V0.024 U0.720 P0.034 F600
G1 X125.72 Y159.16 V0.024 U0.720 P0.034 F600
G1 X126.35 Y159.56 V0.025 U0.727 P0.034 F600
G1 X126.99 Y159.91 V0.024 U0.716 P0.034 F600
G1 X127.65 Y160.22 V0.024 U0.716 P0.034 F600
G1 X128.33 Y160.48 V0.024 U0.716 P0.034 F600
G1 X128.50 Y160.54 V0.006 U0.172 P0.034 F600
G1 X129.06 Y160.72 V0.020 U0.580 P0.034 F600
G1 X129.64 Y160.86 V0.020 U0.580 P0.034 F600
G1 X130.22 Y160.98 V0.020 U0.581 P0.034 F600
G1 X130.68 Y161.05 V0.016 U0.462 P0.034 F600
G1 X130.76 Y161.06 V0.002 U0.071 P0.034 F600
G1 X130.83 Y161.08 V0.002 U0.071 P0.034 F600
G1 X130.90 Y161.10 V0.002 U0.071 P0.034 F600
G1 X130.90 Y162.78 V0.056 U1.644 P0.034 F600
G1 X130.90 Y162.80 V0.001 U0.026 P0.034 F600
G1 X130.89 Y162.83 V0.001 U0.026 P0.034 F600
G1 X130.89 Y162.85 V0.001 U0.026 P0.034 F600
G1 X130.53 Y162.82 V0.012 U0.352 P0.034 F600
G1 X129.61 Y162.65 V0.031 U0.915 P0.034 F600
G1 X128.93 Y162.51 V0.023 U0.690 P0.034 F600
G1 X128.25 Y162.32 V0.023 U0.690 P0.034 F600
G1 X127.56 Y162.11 V0.024 U0.703 P0.034 F600
G1 X126.91 Y161.86 V0.023 U0.682 P0.034 F600
G1 X126.56 Y161.69 V0.013 U0.385 P0.034 F600
G1 X126.21 Y161.52 V0.013 U0.385 P0.034 F600
G1 X125.86 Y161.33 V0.013 U0.385 P0.034 F600
G1 X125.50 Y161.12 V0.014 U0.412 P0.034 F600
G1 X124.90 Y160.74 V0.024 U0.692 P0.034 F600
G1 X124.32 Y160.34 V0.024 U0.692 P0.034 F600
G1 X123.71 Y159.87 V0.026 U0.754 P0.034 F600
G1 X123.36 Y159.58 V0.015 U0.450 P0.034 F600
G1 X122.58 Y158.81 V0.036 U1.071 P0.034 F600
G1 X121.92 Y158.05 V0.033 U0.985 P0.034 F600
G1 X121.78 Y157.86 V0.008 U0.236 P0.034 F600
G1 X121.63 Y157.66 V0.008 U0.236 P0.034 F600
G1 X121.50 Y157.46 V0.008 U0.236 P0.034 F600
G1 X121.09 Y156.82 V0.025 U0.743 P0.034 F600
G1 X120.74 Y156.24 V0.023 U0.672 P0.034 F600
G1 X120.42 Y155.63 V0.023 U0.672 P0.034 F600
G1 X120.13 Y155.02 V0.022 U0.660 P0.034 F600
; Start to cut
M2800
M400
;CUT DISTANCE 54.8
G1 X119.85 Y154.32 V0.018 F600
G1 X119.63 Y153.61 V0.018 F600
G1 X119.47 Y152.94 V0.017 F600
G1 X119.33 Y152.26 V0.017 F600
G1 X119.24 Y151.58 V0.017 F600
G1 X119.13 Y150.60 V0.024 F600
G1 X119.12 Y150.16 V0.011 F600
G1 X119.13 Y149.64 V0.012 F600
G1 X119.16 Y149.12 V0.012 F600
G1 X119.21 Y148.61 V0.012 F600
G1 X119.24 Y148.36 V0.006 F600
G1 X119.36 Y147.63 V0.018 F600
G1 X119.53 Y146.90 V0.018 F600
G1 X119.60 Y146.61 V0.007 F600
G1 X119.79 Y145.97 V0.016 F600
G1 X120.01 Y145.35 V0.016 F600
G1 X120.25 Y144.73 V0.016 F600
G1 X120.60 Y144.01 V0.019 F600
G1 X120.94 Y143.41 V0.017 F600
G1 X121.34 Y142.81 V0.017 F600
G1 X121.76 Y142.24 V0.017 F600
G1 X122.20 Y141.69 V0.017 F600
G1 X122.80 Y140.99 V0.022 F600
G1 X123.15 Y140.65 V0.012 F600
G1 X123.90 Y139.99 V0.024 F600
G1 X124.74 Y139.38 V0.025 F600
G1 X125.12 Y139.12 V0.011 F600
G1 X126.23 Y138.51 V0.030 F600
G1 X126.45 Y138.40 V0.006 F600
G1 X126.67 Y138.29 V0.006 F600
G1 X126.90 Y138.20 V0.006 F600
G1 X127.87 Y137.81 V0.025 F600
G1 X128.68 Y137.57 V0.020 F600
G1 X129.30 Y137.42 V0.015 F600
G1 X130.11 Y137.30 V0.020 F600
G1 X130.81 Y137.21 V0.017 F600
G1 X131.51 Y137.17 V0.017 F600
G1 X132.34 Y137.14 V0.020 F600
G1 X132.88 Y137.16 V0.013 F600
G1 X133.82 Y137.26 V0.023 F600
G1 X134.61 Y137.41 V0.019 F600
G1 X134.95 Y137.49 V0.008 F600
G1 X135.29 Y137.57 V0.008 F600
G1 X135.63 Y137.67 V0.008 F600
G1 X136.26 Y137.88 V0.016 F600
G1 X136.63 Y138.01 V0.010 F600
G1 X137.00 Y138.15 V0.010 F600
M73 P43 R7
G1 X137.36 Y138.32 V0.010 F600
G1 X138.05 Y138.65 V0.018 F600
G1 X138.93 Y139.16 V0.024 F600
G1 X139.43 Y139.50 V0.015 F600
G1 X140.61 Y140.43 V0.036 F600
G1 X155.55 Y153.76 V0.480 F600
; Cutting completed.
G1 F600 V-1.000 ; Retract
; FS_RELEASE_BEGIN length_mm=6.800 speed_mm_s=10.000
G1 X160.619 Y158.292 F600
; FS_RELEASE_END physical_clearance=unmeasured
M1002
M400
G1 F600 V-4.000 ; Toolchange matrix retract
G1 F1200 Z2.28
MOVE_TO_BRUSH_STATION
CLEAN_NOZZLE
M104 S180 T0 ; standby
M104 S250 T1 ; pre-charge
M109 S250 T1
MOVE_OUT_BRUSH_STATION
M106 P2 S0 ; fibre-side cooling, fan4, owned by T0 (idle)
M106 P1 S181 ; part-cooling, fan3, owned by T1 (depositing)
M106 P3 S0 ; auxiliary fan off while T1 deposits
M106 P5 S0 ; exhaust fan off while T1 deposits
T1 ; switch extruder type to:PLASTIC
; FIBER TURNS: 80 joints tighter than 12.00 mm, policy=keep, splits=0
M106 S181
;LAYER_CHANGE
;Z:1.8
;HEIGHT:0.12
;_SET_FAN_SPEED_CHANGING_LAYER
; printing object s+hook+20mm id:0 copy 0
M104 S270 T0 ; FS_PREHEAT next_tool=0 lead_s=15
G1 X178.572 Y149.055 Z1.8 F9000
G1 Z1.8 F9000
G1 E10 F1500
;TYPE:Inner wall
;WIDTH:0.419999
G1 F7200
G1 X178.571 Y149.005 E.00098
G1 X178.323 Y147.499 E.03002
G1 X178.179 Y146.963 E.01092
G1 X177.997 Y146.428 E.01112
G1 X177.797 Y145.92 E.01074
G1 X177.29 Y144.845 E.02338
G1 X176.557 Y143.696 E.02681
G1 X176.207 Y143.247 E.0112
G1 X175.611 Y142.581 E.01758
G1 X175.088 Y142.099 E.01399
G1 X174.555 Y141.632 E.01394
G1 X173.388 Y140.835 E.0278
G1 X172.146 Y140.208 E.02737
G1 X170.785 Y139.738 E.02832
G1 X169.705 Y139.516 E.02169
G1 X169.092 Y139.423 E.0122
G1 X168.808 Y139.339 E.00583
G1 X168.64 Y139.137 E.00517
G1 X168.606 Y138.966 E.00343
G1 X168.604 Y137.134 E.03603
G1 X168.648 Y136.873 E.00521
G1 X168.804 Y136.707 E.00448
G1 X169.02 Y136.65 E.00439
G1 X169.535 Y136.688 E.01016
G1 X171.196 Y136.987 E.0332
G1 X172.604 Y137.416 E.02895
G1 X173.284 Y137.687 E.0144
G1 X174.03 Y138.035 E.01619
G1 X175.379 Y138.817 E.03067
G1 X176.524 Y139.677 E.02817
G1 X176.977 Y140.057 E.01163
G1 X177.784 Y140.851 E.02227
G1 X178.468 Y141.647 E.02064
G1 X178.777 Y142.047 E.00994
G1 X179.713 Y143.511 E.03418
G1 X180.334 Y144.79 E.02797
G1 X180.617 Y145.519 E.01538
G1 X180.853 Y146.254 E.01518
G1 X181.202 Y147.793 E.03104
G1 X181.319 Y148.901 E.02191
G1 X181.382 Y149.841 E.01853
G1 X181.349 Y150.922 E.02127
G1 X181.226 Y152.014 E.02161
G1 X181.137 Y152.516 E.01003
G1 X180.741 Y154.093 E.03198
G1 X180.204 Y155.473 E.02913
G1 X179.84 Y156.22 E.01634
G1 X179.486 Y156.85 E.01421
G1 X178.596 Y158.155 E.03107
G1 X177.559 Y159.348 E.03109
G1 X177.185 Y159.715 E.01031
G1 X176.407 Y160.394 E.02031
G1 X175.688 Y160.924 E.01757
G1 X175.141 Y161.3 E.01306
G1 X173.996 Y161.93 E.02571
G1 X173.542 Y162.163 E.01004
G1 X172.296 Y162.656 E.02636
G1 X171.452 Y162.912 E.01735
G1 X170.798 Y163.069 E.01323
G1 X169.237 Y163.307 E.03106
G1 X167.657 Y163.36 E.03109
G1 X167.084 Y163.333 E.01128
G1 X166.108 Y163.23 E.0193
G1 X165.287 Y163.074 E.01644
G1 X164.581 Y162.92 E.01421
G1 X163.578 Y162.59 E.02077
G1 X162.814 Y162.319 E.01594
G1 X161.702 Y161.787 E.02425
G1 X160.812 Y161.269 E.02025
G1 X160.282 Y160.911 E.01258
G1 X159.075 Y159.954 E.0303
G1 X139.055 Y142.084 E.52783
G1 X137.963 Y141.233 E.02723
G1 X137.348 Y140.846 E.01429
G1 X136.696 Y140.497 E.01455
G1 X135.389 Y139.957 E.02782
G1 X134.042 Y139.599 E.02741
G1 X133.375 Y139.491 E.01329
G1 X132.341 Y139.421 E.02038
G1 X131.241 Y139.427 E.02164
G1 X129.849 Y139.62 E.02764
G1 X129.188 Y139.781 E.01338
G1 X128.439 Y140.017 E.01545
G1 X127.141 Y140.579 E.02782
G1 X125.947 Y141.295 E.02738
G1 X125.353 Y141.744 E.01465
G1 X124.825 Y142.194 E.01365
G1 X123.878 Y143.18 E.02689
G1 X123.573 Y143.593 E.0101
G1 X122.883 Y144.586 E.02378
G1 X122.623 Y145.052 E.0105
G1 X122.344 Y145.607 E.01222
G1 X121.852 Y146.891 E.02705
G1 X121.529 Y148.259 E.02765
G1 X121.446 Y148.866 E.01205
G1 X121.388 Y149.717 E.01678
G1 X121.415 Y150.487 E.01515
G1 X121.442 Y151.13 E.01266
G1 X121.677 Y152.501 E.02736
G1 X121.821 Y153.037 E.01092
G1 X122.003 Y153.572 E.01112
G1 X122.203 Y154.08 E.01074
G1 X122.71 Y155.155 E.02338
G1 X123.443 Y156.304 E.02681
G1 X123.793 Y156.753 E.0112
G1 X124.389 Y157.419 E.01758
G1 X124.912 Y157.901 E.01399
G1 X125.445 Y158.368 E.01394
G1 X126.612 Y159.165 E.0278
G1 X127.854 Y159.792 E.02737
G1 X129.215 Y160.262 E.02832
G1 X130.295 Y160.484 E.02169
G1 X130.908 Y160.577 E.0122
G1 X131.192 Y160.661 E.00583
G1 X131.36 Y160.863 E.00517
G1 X131.394 Y161.034 E.00343
G1 X131.396 Y162.872 E.03615
G1 X131.356 Y163.122 E.00498
G1 X131.22 Y163.276 E.00404
G1 X130.984 Y163.348 E.00485
G1 X130.465 Y163.312 E.01023
G1 X128.804 Y163.013 E.0332
G1 X127.396 Y162.584 E.02895
G1 X126.716 Y162.313 E.0144
G1 X125.97 Y161.965 E.01619
G1 X124.621 Y161.183 E.03067
G1 X123.476 Y160.323 E.02817
G1 X123.023 Y159.943 E.01163
G1 X122.216 Y159.149 E.02227
G1 X121.532 Y158.353 E.02064
G1 X121.223 Y157.953 E.00994
G1 X120.287 Y156.489 E.03418
G1 X119.666 Y155.21 E.02797
G1 X119.383 Y154.481 E.01538
G1 X119.147 Y153.744 E.01522
G1 X118.823 Y152.352 E.02811
G1 X118.638 Y150.69 E.03289
G1 X118.618 Y150.159 E.01045
G1 X118.651 Y149.078 E.02127
G1 X118.774 Y147.986 E.02161
G1 X118.863 Y147.484 E.01003
G1 X119.259 Y145.907 E.03198
G1 X119.796 Y144.527 E.02913
G1 X120.16 Y143.78 E.01634
G1 X120.515 Y143.149 E.01424
G1 X121.344 Y141.923 E.02911
G1 X122.442 Y140.652 E.03304
G1 X122.815 Y140.285 E.01029
G1 X123.593 Y139.606 E.02031
G1 X124.312 Y139.076 E.01757
G1 X124.859 Y138.7 E.01306
G1 X126.004 Y138.07 E.02571
G1 X126.458 Y137.837 E.01004
G1 X127.704 Y137.344 E.02636
G1 X128.548 Y137.088 E.01735
G1 X129.202 Y136.931 E.01323
G1 X130.763 Y136.693 E.03106
G1 X132.343 Y136.64 E.03109
G1 X132.916 Y136.667 E.01128
G1 X133.892 Y136.77 E.0193
G1 X134.713 Y136.926 E.01644
G1 X135.419 Y137.08 E.01421
G1 X136.422 Y137.41 E.02077
G1 X137.186 Y137.681 E.01594
G1 X138.298 Y138.213 E.02425
G1 X139.188 Y138.731 E.02025
G1 X139.718 Y139.089 E.01258
G1 X140.925 Y140.046 E.0303
G1 X160.945 Y157.916 E.52783
G1 X162.037 Y158.767 E.02723
G1 X162.652 Y159.154 E.01429
G1 X163.304 Y159.503 E.01455
G1 X164.611 Y160.043 E.02782
G1 X165.958 Y160.401 E.02741
G1 X166.625 Y160.509 E.01329
G1 X167.659 Y160.579 E.02038
G1 X168.759 Y160.573 E.02164
G1 X170.151 Y160.38 E.02764
G1 X170.812 Y160.219 E.01338
G1 X171.561 Y159.983 E.01545
G1 X172.859 Y159.421 E.02782
G1 X174.053 Y158.705 E.02738
G1 X174.647 Y158.256 E.01465
G1 X175.173 Y157.808 E.01359
G1 X176.064 Y156.888 E.02519
G1 X176.372 Y156.475 E.01013
G1 X177.119 Y155.411 E.02557
G1 X177.377 Y154.948 E.01043
G1 X177.656 Y154.393 E.01222
G1 X178.148 Y153.109 E.02705
G1 X178.475 Y151.725 E.02797
G1 X178.583 Y150.724 E.0198
G1 X178.6 Y149.878 E.01664
G1 X178.574 Y149.095 E.01541
G1 X178.169 Y149.071 F9000
;TYPE:Outer wall
G1 F6000
G1 X177.929 Y147.604 E.02924
G1 X177.791 Y147.088 E.01051
G1 X177.611 Y146.559 E.01099
G1 X177.426 Y146.088 E.00995
G1 X176.947 Y145.064 E.02224
G1 X176.224 Y143.931 E.02644
G1 X175.902 Y143.517 E.01032
G1 X175.34 Y142.885 E.01663
G1 X174.324 Y141.967 E.02693
G1 X173.203 Y141.198 E.02674
G1 X172.006 Y140.591 E.0264
G1 X170.703 Y140.137 E.02714
G1 X169.623 Y139.915 E.02169
G1 X169.046 Y139.828 E.01148
G1 X168.567 Y139.686 E.00983
G1 X168.261 Y139.318 E.00941
G1 X168.199 Y139.007 E.00624
G1 X168.197 Y137.134 E.03684
G1 X168.267 Y136.707 E.00851
G1 X168.458 Y136.439 E.00647
G1 X168.732 Y136.276 E.00627
G1 X169.066 Y136.234 E.00662
G1 X169.591 Y136.284 E.01037
G1 X171.292 Y136.591 E.034
G1 X172.739 Y137.032 E.02975
G1 X173.445 Y137.313 E.01495
G1 X174.217 Y137.673 E.01675
G1 X175.613 Y138.484 E.03176
G1 X176.86 Y139.42 E.03067
G1 X177.254 Y139.758 E.01021
G1 X178.081 Y140.573 E.02284
G1 X178.776 Y141.381 E.02096
G1 X179.11 Y141.814 E.01076
G1 X180.069 Y143.312 E.03498
G1 X180.708 Y144.628 E.02877
G1 X181 Y145.383 E.01592
G1 X181.246 Y146.147 E.01579
G1 X181.604 Y147.727 E.03186
G1 X181.724 Y148.858 E.02237
G1 X181.789 Y149.841 E.01938
G1 X181.756 Y150.951 E.02184
G1 X181.549 Y152.55 E.03171
G1 X181.092 Y154.314 E.03584
G1 X180.577 Y155.636 E.02791
G1 X180.2 Y156.409 E.01692
G1 X179.832 Y157.065 E.01479
G1 X178.919 Y158.404 E.03188
G1 X177.856 Y159.627 E.03187
G1 X177.462 Y160.014 E.01086
G1 X176.663 Y160.711 E.02085
G1 X175.776 Y161.364 E.02166
G1 X175.35 Y161.65 E.01009
G1 X174.192 Y162.287 E.026
G1 X173.703 Y162.537 E.0108
G1 X172.43 Y163.041 E.02693
G1 X171.559 Y163.305 E.0179
G1 X170.876 Y163.468 E.01381
G1 X169.274 Y163.713 E.03188
G1 X167.654 Y163.767 E.03188
G1 X167.053 Y163.739 E.01183
G1 X166.048 Y163.633 E.01988
G1 X165.211 Y163.474 E.01676
G1 X164.467 Y163.312 E.01498
G1 X163.451 Y162.977 E.02104
G1 X162.649 Y162.691 E.01675
G1 X161.526 Y162.154 E.02448
G1 X160.586 Y161.608 E.02138
G1 X160.029 Y161.23 E.01324
G1 X158.812 Y160.266 E.03054
G1 X138.794 Y142.396 E.5278
G1 X137.729 Y141.566 E.02656
G1 X137.154 Y141.204 E.01336
G1 X136.539 Y140.873 E.01374
G1 X135.283 Y140.351 E.02675
G1 X133.975 Y140.001 E.02663
G1 X133.336 Y139.896 E.01274
G1 X132.343 Y139.828 E.01958
G1 X131.27 Y139.834 E.02111
M73 P44 R7
G1 X129.926 Y140.021 E.02669
G1 X129.309 Y140.169 E.01248
G1 X128.6 Y140.391 E.01461
G1 X127.35 Y140.929 E.02677
G1 X126.189 Y141.623 E.0266
G1 X125.615 Y142.055 E.01413
G1 X125.118 Y142.476 E.01281
G1 X124.193 Y143.439 E.02626
G1 X123.902 Y143.834 E.00965
G1 X123.232 Y144.794 E.02303
G1 X122.986 Y145.236 E.00995
G1 X122.724 Y145.752 E.01138
G1 X122.242 Y147.011 E.02652
G1 X121.93 Y148.332 E.0267
G1 X121.852 Y148.895 E.01118
G1 X121.795 Y149.703 E.01593
G1 X121.844 Y151.062 E.02675
G1 X121.972 Y151.816 E.01504
G1 X122.071 Y152.396 E.01157
G1 X122.209 Y152.912 E.01051
G1 X122.389 Y153.442 E.01101
G1 X122.574 Y153.912 E.00993
G1 X123.053 Y154.936 E.02224
G1 X123.776 Y156.069 E.02644
G1 X124.098 Y156.483 E.01032
G1 X124.664 Y157.119 E.01675
G1 X125.676 Y158.033 E.02682
G1 X126.797 Y158.802 E.02674
G1 X127.994 Y159.409 E.0264
G1 X129.297 Y159.863 E.02714
G1 X130.377 Y160.085 E.02169
G1 X130.954 Y160.172 E.01148
G1 X131.433 Y160.314 E.00983
G1 X131.739 Y160.682 E.00941
G1 X131.801 Y160.993 E.00624
G1 X131.803 Y162.871 E.03694
G1 X131.739 Y163.28 E.00814
G1 X131.571 Y163.533 E.00597
G1 X131.29 Y163.715 E.00659
G1 X130.937 Y163.767 E.00702
G1 X130.409 Y163.716 E.01043
G1 X128.708 Y163.409 E.034
G1 X127.261 Y162.968 E.02975
G1 X126.555 Y162.687 E.01495
G1 X125.783 Y162.327 E.01675
G1 X124.387 Y161.516 E.03176
G1 X123.14 Y160.58 E.03067
G1 X122.746 Y160.242 E.01021
G1 X121.919 Y159.427 E.02284
G1 X121.224 Y158.619 E.02096
G1 X120.89 Y158.186 E.01076
G1 X119.931 Y156.688 E.03498
G1 X119.292 Y155.372 E.02877
G1 X119 Y154.617 E.01592
G1 X118.754 Y153.853 E.01579
G1 X118.421 Y152.421 E.02892
G1 X118.225 Y150.661 E.03483
G1 X118.211 Y150.159 E.00988
G1 X118.244 Y149.049 E.02184
G1 X118.451 Y147.45 E.03171
G1 X118.908 Y145.686 E.03584
G1 X119.423 Y144.364 E.02791
G1 X119.8 Y143.591 E.01692
G1 X120.168 Y142.935 E.01479
G1 X121.02 Y141.675 E.02992
G1 X122.145 Y140.373 E.03384
G1 X122.538 Y139.986 E.01085
G1 X123.337 Y139.289 E.02085
G1 X124.224 Y138.636 E.02166
G1 X124.65 Y138.35 E.01009
G1 X125.808 Y137.713 E.026
G1 X126.297 Y137.463 E.0108
G1 X127.57 Y136.959 E.02693
G1 X128.441 Y136.695 E.0179
G1 X129.124 Y136.532 E.01381
G1 X130.726 Y136.287 E.03188
G1 X132.346 Y136.233 E.03188
G1 X132.947 Y136.261 E.01183
G1 X133.952 Y136.367 E.01988
G1 X134.789 Y136.526 E.01676
G1 X135.533 Y136.688 E.01498
G1 X136.549 Y137.023 E.02104
G1 X137.351 Y137.309 E.01675
G1 X138.474 Y137.846 E.02448
G1 X139.414 Y138.392 E.02138
G1 X139.971 Y138.77 E.01324
G1 X141.188 Y139.734 E.03054
G1 X161.206 Y157.604 E.5278
G1 X162.271 Y158.434 E.02656
G1 X162.846 Y158.796 E.01336
G1 X163.461 Y159.127 E.01374
G1 X164.717 Y159.649 E.02675
G1 X166.025 Y159.999 E.02663
G1 X166.664 Y160.104 E.01274
G1 X167.657 Y160.172 E.01958
G1 X168.73 Y160.166 E.02111
G1 X170.074 Y159.979 E.02669
G1 X170.691 Y159.831 E.01248
G1 X171.4 Y159.609 E.01461
G1 X172.65 Y159.071 E.02677
G1 X173.811 Y158.377 E.0266
G1 X174.385 Y157.945 E.01413
G1 X174.881 Y157.525 E.01278
G1 X175.75 Y156.629 E.02455
G1 X176.769 Y155.203 E.03447
G1 X177.014 Y154.764 E.00989
G1 X177.276 Y154.248 E.01138
G1 X177.758 Y152.989 E.02652
G1 X178.073 Y151.655 E.02696
G1 X178.177 Y150.695 E.01899
G1 X178.193 Y149.89 E.01584
G1 X178.17 Y149.111 E.01533
G1 E-1 F1200
G1 X179.668 Y144.095 F9000
G1 E1 F1500
;TYPE:Sparse infill
;WIDTH:0.42
G1 F7200
G1 X179.455 Y143.656 E.0096
G1 X178.868 Y142.739 E.02142
G1 X175.174 Y139.044 E.10276
G1 X175.087 Y138.98 E.00213
G1 X173.894 Y138.298 E.02703
G1 X173.166 Y137.958 E.01579
G1 X172.506 Y137.696 E.01398
G1 X171.126 Y137.275 E.02837
G1 X169.494 Y136.981 E.03262
G1 X169.077 Y136.941 E.00824
G1 X168.966 Y136.955 E.00221
G1 X168.925 Y136.995 E.00112
G1 X168.9 Y137.114 E.00239
G1 X168.902 Y138.794 E.03305
G1 X169.253 Y139.145 E.00977
G1 X169.532 Y139.179 E.00554
G1 X170.848 Y139.449 E.02641
G1 X171.155 Y139.536 E.00629
G1 X172.29 Y139.947 E.02373
G1 X173.562 Y140.593 E.02806
G1 X174.726 Y141.39 E.02775
G1 X174.957 Y141.576 E.00584
G1 X175.871 Y142.423 E.0245
G1 X176.438 Y143.062 E.01681
G1 X176.777 Y143.497 E.01084
G1 X177.541 Y144.688 E.02784
G1 X177.671 Y144.93 E.00539
G1 X178.181 Y146.054 E.02428
G1 X178.461 Y146.874 E.01704
G1 X178.617 Y147.457 E.01187
G1 X178.816 Y148.708 E.02492
G1 X181.05 Y150.942 E.06213
G1 X180.928 Y152.013 E.0212
G1 X180.861 Y152.404 E.00782
G1 X180.428 Y154.081 E.03406
G1 X179.933 Y155.354 E.02687
G1 X179.771 Y155.685 E.00725
G1 X178.113 Y154.027 E.04614
G1 X177.926 Y154.516 E.0103
G1 X177.519 Y155.317 E.01768
G1 X177.198 Y155.855 E.01232
G1 X176.288 Y157.082 E.03004
G1 X175.726 Y157.662 E.01588
G1 X177.276 Y159.211 E.0431
G1 X176.984 Y159.498 E.00805
G1 X176.222 Y160.163 E.01989
G1 X175.281 Y160.856 E.02299
G1 X174.989 Y161.046 E.00685
G1 X173.764 Y161.721 E.02751
G1 X172.108 Y160.065 E.04604
G1 X171.596 Y160.285 E.01096
G1 X170.891 Y160.505 E.01453
G1 X170.166 Y160.676 E.01465
G1 X168.75 Y160.869 E.02811
G1 X167.38 Y160.876 E.02694
G1 X166.848 Y160.827 E.01051
G1 X169.039 Y163.017 E.06094
G1 X167.659 Y163.064 E.02716
G1 X167.106 Y163.038 E.01088
G1 X166.151 Y162.937 E.0189
G1 X164.953 Y162.709 E.02398
G1 X164.663 Y162.636 E.00588
G1 X163.165 Y162.143 E.03102
G1 X162.934 Y162.049 E.00491
G1 X161.789 Y161.501 E.02496
G1 X161.095 Y161.095 E.01581
G1 X138.905 Y138.905 E.61724
G1 X138.211 Y138.499 E.01581
G1 X137.066 Y137.951 E.02496
G1 X136.835 Y137.857 E.00491
G1 X135.337 Y137.364 E.03102
G1 X135.047 Y137.291 E.00588
G1 X133.849 Y137.063 E.02398
G1 X132.894 Y136.962 E.0189
G1 X132.389 Y136.938 E.00994
G1 X130.961 Y136.983 E.02809
G1 X133.152 Y139.173 E.06092
G1 X132.62 Y139.124 E.01051
G1 X131.25 Y139.131 E.02694
G1 X129.824 Y139.325 E.02831
G1 X129.109 Y139.495 E.01445
G1 X128.404 Y139.715 E.01453
G1 X127.892 Y139.935 E.01095
G1 X126.236 Y138.279 E.04607
G1 X125.011 Y138.954 E.02751
G1 X124.719 Y139.144 E.00685
G1 X123.778 Y139.837 E.02299
G1 X123.016 Y140.502 E.01988
G1 X122.724 Y140.789 E.00805
M73 P44 R6
G1 X124.275 Y142.339 E.04314
G1 X123.682 Y142.957 E.01684
G1 X122.801 Y144.148 E.02914
G1 X122.471 Y144.7 E.01265
G1 X122.074 Y145.484 E.01729
G1 X121.889 Y145.975 E.01031
G1 X120.229 Y144.315 E.04618
G1 X120.067 Y144.646 E.00725
G1 X119.572 Y145.919 E.02687
G1 X119.139 Y147.596 E.03406
G1 X119.072 Y147.987 E.00782
G1 X118.951 Y149.058 E.0212
G1 X121.169 Y151.276 E.0617
G1 X121.375 Y152.501 E.02442
G1 X121.529 Y153.092 E.01202
G1 X121.819 Y153.946 E.01773
G1 X122.352 Y155.118 E.02533
G1 X122.459 Y155.312 E.00436
G1 X123.182 Y156.444 E.02642
G1 X123.562 Y156.938 E.01225
G1 X124.166 Y157.615 E.01785
G1 X125.083 Y158.459 E.02451
G1 X125.275 Y158.61 E.00481
G1 X126.438 Y159.407 E.02774
G1 X127.71 Y160.053 E.02806
G1 X128.845 Y160.464 E.02373
G1 X129.152 Y160.551 E.00629
G1 X130.468 Y160.821 E.02641
G1 X130.747 Y160.855 E.00554
G1 X131.098 Y161.206 E.00977
G1 X131.1 Y162.891 E.03313
G1 X131.067 Y163.022 E.00267
G1 X131.037 Y163.042 E.0007
G1 X130.919 Y163.059 E.00234
G1 X130.506 Y163.019 E.00817
G1 X128.874 Y162.725 E.03261
G1 X127.494 Y162.304 E.02837
G1 X126.834 Y162.042 E.01398
G1 X126.106 Y161.702 E.01579
G1 X124.913 Y161.02 E.02703
G1 X124.826 Y160.956 E.00213
G1 X121.132 Y157.261 E.10276
G1 X120.545 Y156.344 E.02142
G1 X120.332 Y155.905 E.0096
; stop printing object s+hook+20mm id:0 copy 0
M106 S51
;LAYER_CHANGE
;Z:1.92
;HEIGHT:0.12
;_SET_FAN_SPEED_CHANGING_LAYER
; printing object s+hook+20mm id:0 copy 0
G1 E-1 F1200
G1 X181.262 Y151.692 Z1.92 F9000
G1 E1 F1500
;TYPE:Inner wall
;WIDTH:0.419999
G1 F7200
G1 X181.226 Y152.014 E.00637
G1 X181.137 Y152.516 E.01003
G1 X181.034 Y152.929 E.00837
G1 E-1 F1200
G1 X118.738 Y148.308 F9000
G1 E1 F1500
G1 F7200
G1 X118.774 Y147.986 E.00637
G1 X118.863 Y147.484 E.01003
G1 X118.966 Y147.071 E.00837
G1 E-1 F1200
G1 X122.242 Y147.011 F9000
G1 E1 F1500
;TYPE:Outer wall
G1 F6000
G1 X121.93 Y148.332 E.0267
G1 X121.852 Y148.895 E.01118
G1 X121.795 Y149.703 E.01593
G1 X121.844 Y151.062 E.02675
G1 X121.972 Y151.816 E.01504
G1 X122.071 Y152.396 E.01157
G1 X122.209 Y152.912 E.01051
G1 X122.389 Y153.442 E.01101
G1 X122.574 Y153.912 E.00993
G1 X123.053 Y154.936 E.02224
G1 X123.776 Y156.069 E.02644
G1 X124.098 Y156.483 E.01032
G1 X124.664 Y157.119 E.01675
G1 X125.676 Y158.033 E.02682
G1 X126.797 Y158.802 E.02674
G1 X127.994 Y159.409 E.0264
G1 X129.297 Y159.863 E.02714
G1 X130.377 Y160.085 E.02169
G1 X130.954 Y160.172 E.01148
G1 X131.433 Y160.314 E.00983
G1 X131.739 Y160.681 E.0094
G1 X131.801 Y160.993 E.00626
G1 X131.803 Y162.871 E.03694
G1 X131.739 Y163.28 E.00814
G1 X131.571 Y163.533 E.00597
G1 X131.29 Y163.715 E.00659
G1 X130.937 Y163.767 E.00702
G1 X130.409 Y163.716 E.01043
G1 X128.708 Y163.409 E.034
G1 X127.261 Y162.968 E.02975
G1 X126.555 Y162.687 E.01495
G1 X125.783 Y162.327 E.01675
G1 X124.387 Y161.516 E.03176
G1 X123.14 Y160.58 E.03067
G1 X122.746 Y160.242 E.01021
G1 X121.919 Y159.427 E.02284
G1 X121.224 Y158.619 E.02096
G1 X120.89 Y158.186 E.01076
G1 X119.931 Y156.688 E.03498
G1 X119.292 Y155.372 E.02877
G1 X119 Y154.617 E.01592
G1 X118.754 Y153.853 E.01579
G1 X118.421 Y152.421 E.02892
G1 X118.225 Y150.661 E.03483
G1 X118.211 Y150.159 E.00988
G1 X118.244 Y149.049 E.02184
G1 X118.451 Y147.45 E.03171
G1 X118.908 Y145.686 E.03584
G1 X119.423 Y144.364 E.02791
G1 X119.8 Y143.591 E.01692
G1 X120.168 Y142.935 E.01479
G1 X121.02 Y141.675 E.02992
G1 X122.145 Y140.373 E.03384
G1 X122.538 Y139.986 E.01085
G1 X123.337 Y139.289 E.02085
G1 X124.224 Y138.636 E.02166
G1 X124.65 Y138.35 E.01009
G1 X125.808 Y137.713 E.026
G1 X126.297 Y137.463 E.0108
G1 X127.57 Y136.959 E.02693
G1 X128.441 Y136.695 E.0179
G1 X129.124 Y136.532 E.01381
G1 X130.726 Y136.287 E.03188
G1 X132.346 Y136.233 E.03188
G1 X132.947 Y136.261 E.01183
G1 X133.952 Y136.367 E.01988
G1 X134.789 Y136.526 E.01676
G1 X135.533 Y136.688 E.01498
G1 X136.549 Y137.023 E.02104
G1 X137.351 Y137.309 E.01675
G1 X138.474 Y137.846 E.02448
G1 X139.414 Y138.392 E.02138
G1 X139.971 Y138.77 E.01324
G1 X141.188 Y139.734 E.03054
G1 X161.206 Y157.604 E.5278
G1 X162.271 Y158.434 E.02656
M73 P45 R6
G1 X162.846 Y158.796 E.01336
G1 X163.461 Y159.127 E.01374
G1 X164.717 Y159.649 E.02675
G1 X166.025 Y159.999 E.02663
G1 X166.664 Y160.104 E.01274
G1 X167.657 Y160.172 E.01958
G1 X168.73 Y160.166 E.02111
G1 X170.074 Y159.979 E.02669
G1 X170.691 Y159.831 E.01248
G1 X171.4 Y159.609 E.01461
G1 X172.65 Y159.071 E.02677
G1 X173.811 Y158.377 E.0266
G1 X174.385 Y157.945 E.01413
G1 X174.881 Y157.525 E.01278
G1 X175.75 Y156.629 E.02455
G1 X176.769 Y155.203 E.03447
G1 X177.014 Y154.764 E.00989
G1 X177.276 Y154.248 E.01138
G1 X177.758 Y152.989 E.02652
G1 X178.073 Y151.655 E.02696
G1 X178.177 Y150.695 E.01899
G1 X178.193 Y149.89 E.01584
G1 X178.169 Y149.071 E.01612
G1 X177.929 Y147.604 E.02924
G1 X177.791 Y147.088 E.01051
G1 X177.611 Y146.559 E.01099
G1 X177.426 Y146.088 E.00995
G1 X176.947 Y145.064 E.02224
G1 X176.224 Y143.931 E.02644
G1 X175.902 Y143.517 E.01032
G1 X175.34 Y142.885 E.01663
G1 X174.324 Y141.967 E.02693
G1 X173.203 Y141.198 E.02674
G1 X172.006 Y140.591 E.0264
G1 X170.703 Y140.137 E.02714
G1 X169.623 Y139.915 E.02169
G1 X169.046 Y139.828 E.01148
G1 X168.567 Y139.686 E.00983
G1 X168.261 Y139.319 E.0094
G1 X168.199 Y139.007 E.00626
G1 X168.197 Y137.134 E.03684
G1 X168.267 Y136.707 E.00851
G1 X168.458 Y136.439 E.00647
G1 X168.732 Y136.276 E.00627
G1 X169.066 Y136.234 E.00662
G1 X169.591 Y136.284 E.01037
G1 X171.292 Y136.591 E.034
G1 X172.739 Y137.032 E.02975
G1 X173.445 Y137.313 E.01495
G1 X174.217 Y137.673 E.01675
G1 X175.613 Y138.484 E.03176
G1 X176.86 Y139.42 E.03067
G1 X177.254 Y139.758 E.01021
G1 X178.081 Y140.573 E.02284
G1 X178.776 Y141.381 E.02096
G1 X179.11 Y141.814 E.01076
G1 X180.069 Y143.312 E.03498
G1 X180.708 Y144.628 E.02877
G1 X181 Y145.383 E.01592
G1 X181.246 Y146.147 E.01579
G1 X181.604 Y147.727 E.03186
G1 X181.724 Y148.858 E.02237
G1 X181.789 Y149.841 E.01938
G1 X181.756 Y150.951 E.02184
G1 X181.549 Y152.55 E.03171
G1 X181.092 Y154.314 E.03584
G1 X180.577 Y155.636 E.02791
G1 X180.2 Y156.409 E.01692
G1 X179.832 Y157.065 E.01479
G1 X178.919 Y158.404 E.03188
G1 X177.856 Y159.627 E.03187
G1 X177.462 Y160.014 E.01086
G1 X176.663 Y160.711 E.02085
G1 X175.776 Y161.364 E.02166
G1 X175.35 Y161.65 E.01009
G1 X174.192 Y162.287 E.026
G1 X173.703 Y162.537 E.0108
G1 X172.43 Y163.041 E.02693
G1 X171.559 Y163.305 E.0179
G1 X170.876 Y163.468 E.01381
G1 X169.274 Y163.713 E.03188
G1 X167.654 Y163.767 E.03188
G1 X167.053 Y163.739 E.01183
G1 X166.048 Y163.633 E.01988
G1 X165.211 Y163.474 E.01676
G1 X164.467 Y163.312 E.01498
G1 X163.451 Y162.977 E.02104
G1 X162.649 Y162.691 E.01675
G1 X161.526 Y162.154 E.02448
G1 X160.586 Y161.608 E.02138
G1 X160.029 Y161.23 E.01324
G1 X158.812 Y160.266 E.03054
G1 X138.794 Y142.396 E.5278
G1 X137.729 Y141.566 E.02656
G1 X137.154 Y141.204 E.01336
G1 X136.539 Y140.873 E.01374
G1 X135.283 Y140.351 E.02675
G1 X133.975 Y140.001 E.02663
G1 X133.336 Y139.896 E.01274
G1 X132.343 Y139.828 E.01958
G1 X131.27 Y139.834 E.02111
G1 X129.926 Y140.021 E.02669
G1 X129.309 Y140.169 E.01248
G1 X128.6 Y140.391 E.01461
G1 X127.35 Y140.929 E.02677
G1 X126.189 Y141.623 E.0266
G1 X125.615 Y142.055 E.01413
G1 X125.118 Y142.476 E.01281
G1 X124.193 Y143.439 E.02626
G1 X123.902 Y143.834 E.00965
G1 X123.232 Y144.794 E.02303
G1 X122.986 Y145.236 E.00995
G1 X122.724 Y145.752 E.01138
G1 X122.257 Y146.974 E.02573
G1 E-1 F1200
G1 X119.638 Y149.746 F9000
G1 E1 F1500
;TYPE:Sparse infill
;WIDTH:0.42
G1 F7200
G1 X120.409 Y150.517 E.02145
G1 E-1 F1200
G1 X131.65 Y137.671 F9000
G1 E1 F1500
G1 F7200
G1 X132.393 Y138.415 E.02069
G1 E-1 F1200
G1 X145.31 Y145.31 F9000
G1 E1 F1500
G1 F7200
G1 X154.69 Y154.69 E.26094
G1 E-1 F1200
G1 X167.607 Y161.585 F9000
G1 E1 F1500
G1 F7200
G1 X168.35 Y162.329 E.02069
G1 E-1 F1200
G1 X180.361 Y150.253 F9000
G1 E1 F1500
G1 F7200
G1 X179.596 Y149.489 E.02126
; stop printing object s+hook+20mm id:0 copy 0
; FIBER RESERVE: mode=band strands=1 removed=2
M400
G1 E-10 F1200
MOVE_TO_BRUSH_STATION
CLEAN_NOZZLE
M104 S150 T1 ; standby
M104 S270 T0 ; pre-charge
M109 S270 T0
MOVE_OUT_BRUSH_STATION
M106 P2 S181 ; fibre-side cooling, fan4, owned by T0 (depositing)
M106 P1 S0 ; part-cooling, fan3, owned by T1 (idle)
M106 P3 S255 ; auxiliary fan on while T0 deposits
M106 P5 S255 ; exhaust fan on while T0 deposits
T0 ; switch extruder type to:FIBER
; LAYER:15 [1.92]
M1001 L234
G1 F1200 Z3.12
G1 X155.55 Y153.76 F1200
G1 F1200 U55.000 ; Extrude restart
G1 F1200 Z1.92
G1 F600 V1.000 ; Recover matrix retract
G1 F600 V3.000 ; Matrix prime
G1 X160.63 Y158.30 V0.227 U6.674 P0.034 F300
G1 X161.45 Y158.94 V0.035 U1.027 P0.034 F300
G1 X161.76 Y159.17 V0.013 U0.370 P0.034 F300
G1 X162.07 Y159.38 V0.013 U0.370 P0.034 F300
G1 X162.39 Y159.58 V0.013 U0.370 P0.034 F300
G1 X162.73 Y159.76 V0.013 U0.379 P0.034 F300
G1 X163.08 Y159.94 V0.013 U0.379 P0.034 F300
G1 X163.43 Y160.09 V0.013 U0.379 P0.034 F300
G1 X163.75 Y160.23 V0.012 U0.342 P0.034 F300
G1 X164.43 Y160.48 V0.024 U0.714 P0.034 F300
M73 P46 R6
G1 X165.13 Y160.70 V0.024 U0.714 P0.034 F300
G1 X165.48 Y160.79 V0.012 U0.354 P0.034 F300
G1 X165.84 Y160.88 V0.012 U0.360 P0.034 F300
G1 X166.20 Y160.94 V0.012 U0.360 P0.034 F300
G1 X166.56 Y160.99 V0.012 U0.360 P0.034 F300
G1 X166.93 Y161.03 V0.012 U0.360 P0.034 F300
G1 X167.63 Y161.08 V0.023 U0.689 P0.034 F300
G1 X168.21 Y161.07 V0.019 U0.571 P0.034 F300
G1 X168.79 Y161.05 V0.019 U0.570 P0.034 F600
G1 X169.37 Y160.99 V0.019 U0.570 P0.034 F600
G1 X169.89 Y160.92 V0.017 U0.514 P0.034 F600
G1 X170.24 Y160.86 V0.012 U0.347 P0.034 F600
G1 X170.59 Y160.79 V0.012 U0.347 P0.034 F600
G1 X170.93 Y160.70 V0.012 U0.348 P0.034 F600
G1 X171.32 Y160.58 V0.014 U0.402 P0.034 F600
G1 X171.71 Y160.45 V0.014 U0.401 P0.034 F600
G1 X172.09 Y160.30 V0.014 U0.401 P0.034 F600
G1 X172.39 Y160.17 V0.011 U0.320 P0.034 F600
G1 X173.05 Y159.86 V0.024 U0.715 P0.034 F600
G1 X173.69 Y159.50 V0.024 U0.715 P0.034 F600
G1 X173.98 Y159.33 V0.011 U0.328 P0.034 F600
G1 X174.31 Y159.12 V0.013 U0.388 P0.034 F600
G1 X174.63 Y158.89 V0.013 U0.388 P0.034 F600
G1 X174.95 Y158.65 V0.013 U0.388 P0.034 F600
G1 X175.22 Y158.42 V0.012 U0.353 P0.034 F600
G1 X175.49 Y158.18 V0.012 U0.353 P0.034 F600
G1 X175.75 Y157.93 V0.012 U0.353 P0.034 F600
G1 X175.97 Y157.70 V0.011 U0.314 P0.034 F600
G1 X176.43 Y157.19 V0.023 U0.665 P0.034 F600
G1 X176.84 Y156.66 V0.023 U0.665 P0.034 F600
G1 X177.37 Y155.92 V0.030 U0.887 P0.034 F600
G1 X177.53 Y155.68 V0.010 U0.280 P0.034 F600
G1 X177.67 Y155.44 V0.010 U0.280 P0.034 F600
G1 X177.81 Y155.19 V0.010 U0.280 P0.034 F600
G1 X177.96 Y154.90 V0.011 U0.315 P0.034 F600
G1 X178.10 Y154.61 V0.011 U0.315 P0.034 F600
G1 X178.22 Y154.31 V0.011 U0.315 P0.034 F600
G1 X178.36 Y153.93 V0.014 U0.398 P0.034 F600
G1 X178.60 Y153.25 V0.024 U0.712 P0.034 F600
G1 X178.79 Y152.55 V0.024 U0.712 P0.034 F600
G1 X178.84 Y152.32 V0.008 U0.224 P0.034 F600
G1 X178.95 Y151.81 V0.018 U0.519 P0.034 F600
G1 X179.02 Y151.28 V0.018 U0.519 P0.034 F600
G1 X179.03 Y151.18 V0.003 U0.095 P0.034 F600
G1 X179.07 Y150.75 V0.014 U0.425 P0.034 F600
G1 X179.09 Y150.32 V0.014 U0.425 P0.034 F600
G1 X179.10 Y149.89 V0.014 U0.425 P0.034 F600
G1 X179.08 Y149.43 V0.015 U0.442 P0.034 F600
G1 X179.06 Y148.99 V0.015 U0.441 P0.034 F600
G1 X179.00 Y148.54 V0.015 U0.441 P0.034 F600
G1 X178.86 Y147.72 V0.028 U0.818 P0.034 F600
G1 X178.81 Y147.42 V0.010 U0.299 P0.034 F600
G1 X178.74 Y147.12 V0.010 U0.299 P0.034 F600
G1 X178.66 Y146.82 V0.010 U0.299 P0.034 F600
G1 X178.46 Y146.25 V0.020 U0.598 P0.034 F600
G1 X178.26 Y145.73 V0.018 U0.544 P0.034 F600
G1 X178.00 Y145.18 V0.020 U0.597 P0.034 F600
G1 X177.72 Y144.64 V0.020 U0.596 P0.034 F600
G1 X177.41 Y144.11 V0.020 U0.596 P0.034 F600
G1 X177.12 Y143.66 V0.018 U0.526 P0.034 F600
G1 X176.96 Y143.41 V0.010 U0.292 P0.034 F600
G1 X176.78 Y143.17 V0.010 U0.292 P0.034 F600
G1 X176.60 Y142.94 V0.010 U0.292 P0.034 F600
G1 X176.29 Y142.59 V0.015 U0.453 P0.034 F600
G1 X175.97 Y142.26 V0.015 U0.453 P0.034 F600
G1 X175.64 Y141.94 V0.015 U0.453 P0.034 F600
G1 X175.43 Y141.75 V0.009 U0.271 P0.034 F600
G1 X174.87 Y141.27 V0.025 U0.723 P0.034 F600
G1 X174.28 Y140.84 V0.025 U0.723 P0.034 F600
G1 X173.68 Y140.43 V0.024 U0.709 P0.034 F600
G1 X173.67 Y140.42 V0.001 U0.016 P0.034 F600
G1 X173.65 Y140.41 V0.001 U0.016 P0.034 F600
G1 X173.64 Y140.40 V0.001 U0.016 P0.034 F600
G1 X173.00 Y140.08 V0.024 U0.701 P0.034 F600
G1 X172.35 Y139.78 V0.024 U0.700 P0.034 F600
G1 X171.69 Y139.52 V0.024 U0.700 P0.034 F600
G1 X171.50 Y139.46 V0.006 U0.189 P0.034 F600
G1 X170.94 Y139.28 V0.020 U0.580 P0.034 F600
G1 X170.36 Y139.14 V0.020 U0.580 P0.034 F600
G1 X169.78 Y139.02 V0.020 U0.581 P0.034 F600
G1 X169.32 Y138.95 V0.016 U0.462 P0.034 F600
G1 X169.24 Y138.94 V0.002 U0.071 P0.034 F600
G1 X169.17 Y138.92 V0.002 U0.071 P0.034 F600
G1 X169.10 Y138.90 V0.002 U0.071 P0.034 F600
G1 X169.10 Y137.24 V0.055 U1.631 P0.034 F600
G1 X169.10 Y137.21 V0.001 U0.030 P0.034 F600
G1 X169.11 Y137.18 V0.001 U0.030 P0.034 F600
G1 X169.11 Y137.15 V0.001 U0.030 P0.034 F600
G1 X169.47 Y137.18 V0.012 U0.350 P0.034 F600
G1 X170.39 Y137.35 V0.031 U0.915 P0.034 F600
G1 X171.07 Y137.49 V0.023 U0.690 P0.034 F600
G1 X171.75 Y137.68 V0.023 U0.690 P0.034 F600
G1 X172.44 Y137.89 V0.024 U0.703 P0.034 F600
G1 X173.09 Y138.14 V0.023 U0.682 P0.034 F600
G1 X173.44 Y138.31 V0.013 U0.385 P0.034 F600
G1 X173.79 Y138.48 V0.013 U0.385 P0.034 F600
G1 X174.14 Y138.67 V0.013 U0.385 P0.034 F600
G1 X174.50 Y138.88 V0.014 U0.412 P0.034 F600
G1 X175.10 Y139.26 V0.024 U0.692 P0.034 F600
G1 X175.68 Y139.66 V0.024 U0.692 P0.034 F600
G1 X176.29 Y140.13 V0.026 U0.754 P0.034 F600
G1 X176.64 Y140.42 V0.015 U0.450 P0.034 F600
G1 X177.42 Y141.19 V0.036 U1.071 P0.034 F600
G1 X178.08 Y141.95 V0.033 U0.985 P0.034 F600
G1 X178.22 Y142.14 V0.008 U0.236 P0.034 F600
G1 X178.37 Y142.34 V0.008 U0.236 P0.034 F600
G1 X178.50 Y142.54 V0.008 U0.236 P0.034 F600
G1 X178.91 Y143.18 V0.025 U0.743 P0.034 F600
G1 X179.26 Y143.76 V0.023 U0.672 P0.034 F600
G1 X179.58 Y144.37 V0.023 U0.672 P0.034 F600
G1 X179.88 Y144.99 V0.023 U0.672 P0.034 F600
G1 X180.15 Y145.68 V0.025 U0.732 P0.034 F600
G1 X180.26 Y146.04 V0.012 U0.360 P0.034 F600
G1 X180.36 Y146.39 V0.012 U0.360 P0.034 F600
G1 X180.45 Y146.74 V0.012 U0.360 P0.034 F600
G1 X180.59 Y147.35 V0.021 U0.614 P0.034 F600
G1 X180.69 Y147.88 V0.018 U0.522 P0.034 F600
G1 X180.77 Y148.40 V0.018 U0.522 P0.034 F600
G1 X180.82 Y148.94 V0.018 U0.523 P0.034 F600
G1 X180.85 Y149.40 V0.015 U0.453 P0.034 F600
G1 X180.87 Y149.86 V0.015 U0.452 P0.034 F600
G1 X180.87 Y150.32 V0.015 U0.452 P0.034 F600
G1 X180.87 Y150.37 V0.002 U0.048 P0.034 F600
G1 X180.84 Y150.88 V0.017 U0.501 P0.034 F600
G1 X180.79 Y151.39 V0.017 U0.501 P0.034 F600
G1 X180.76 Y151.64 V0.008 U0.247 P0.034 F600
G1 X180.64 Y152.37 V0.025 U0.732 P0.034 F600
G1 X180.47 Y153.10 V0.025 U0.732 P0.034 F600
G1 X180.40 Y153.39 V0.010 U0.294 P0.034 F600
G1 X180.21 Y154.03 V0.022 U0.650 P0.034 F600
G1 X179.99 Y154.65 V0.022 U0.650 P0.034 F600
G1 X179.75 Y155.27 V0.022 U0.651 P0.034 F600
G1 X179.40 Y155.99 V0.027 U0.781 P0.034 F600
G1 X179.06 Y156.59 V0.023 U0.673 P0.034 F600
G1 X178.60 Y157.27 V0.027 U0.807 P0.034 F600
G1 X178.19 Y157.84 V0.023 U0.690 P0.034 F600
G1 X177.74 Y158.38 V0.023 U0.690 P0.034 F600
G1 X177.20 Y159.01 V0.028 U0.811 P0.034 F600
G1 X176.85 Y159.35 V0.016 U0.480 P0.034 F600
G1 X176.10 Y160.01 V0.033 U0.977 P0.034 F600
G1 X175.26 Y160.62 V0.035 U1.022 P0.034 F600
G1 X174.88 Y160.88 V0.015 U0.444 P0.034 F600
M73 P47 R6
G1 X173.77 Y161.49 V0.042 U1.244 P0.034 F600
G1 X173.55 Y161.60 V0.008 U0.241 P0.034 F600
G1 X173.33 Y161.71 V0.008 U0.241 P0.034 F600
G1 X173.10 Y161.80 V0.008 U0.241 P0.034 F600
G1 X172.13 Y162.19 V0.035 U1.021 P0.034 F600
G1 X171.32 Y162.43 V0.028 U0.830 P0.034 F600
G1 X170.70 Y162.58 V0.021 U0.625 P0.034 F600
G1 X169.89 Y162.70 V0.027 U0.807 P0.034 F600
G1 X169.19 Y162.79 V0.023 U0.690 P0.034 F600
G1 X168.49 Y162.83 V0.023 U0.690 P0.034 F600
G1 X167.66 Y162.86 V0.028 U0.810 P0.034 F600
G1 X167.12 Y162.84 V0.018 U0.528 P0.034 F600
G1 X166.18 Y162.74 V0.032 U0.928 P0.034 F600
G1 X165.39 Y162.59 V0.027 U0.787 P0.034 F600
G1 X165.05 Y162.51 V0.012 U0.344 P0.034 F600
G1 X164.71 Y162.43 V0.012 U0.344 P0.034 F600
G1 X164.37 Y162.33 V0.012 U0.344 P0.034 F600
G1 X163.74 Y162.12 V0.022 U0.648 P0.034 F600
G1 X163.37 Y161.99 V0.013 U0.389 P0.034 F600
G1 X163.00 Y161.85 V0.013 U0.388 P0.034 F600
G1 X162.64 Y161.68 V0.013 U0.388 P0.034 F600
G1 X161.95 Y161.35 V0.026 U0.750 P0.034 F600
M104 S250 T1 ; FS_PREHEAT next_tool=1 lead_s=15
G1 X161.07 Y160.84 V0.034 U0.998 P0.034 F600
G1 X160.57 Y160.50 V0.020 U0.596 P0.034 F600
G1 X159.39 Y159.57 V0.050 U1.463 P0.034 F600
G1 X139.37 Y141.70 V0.894 U26.301 P0.034 F600
G1 X138.55 Y141.06 V0.035 U1.027 P0.034 F600
G1 X138.24 Y140.83 V0.013 U0.370 P0.034 F600
G1 X137.93 Y140.62 V0.013 U0.370 P0.034 F600
G1 X137.61 Y140.42 V0.013 U0.370 P0.034 F600
G1 X137.27 Y140.24 V0.013 U0.379 P0.034 F600
G1 X136.92 Y140.06 V0.013 U0.379 P0.034 F600
G1 X136.57 Y139.91 V0.013 U0.379 P0.034 F600
G1 X136.25 Y139.77 V0.012 U0.342 P0.034 F600
G1 X135.57 Y139.52 V0.024 U0.714 P0.034 F600
G1 X134.87 Y139.30 V0.024 U0.714 P0.034 F600
G1 X134.52 Y139.21 V0.012 U0.354 P0.034 F600
G1 X134.16 Y139.12 V0.012 U0.360 P0.034 F600
G1 X133.80 Y139.06 V0.012 U0.360 P0.034 F600
G1 X133.44 Y139.01 V0.012 U0.360 P0.034 F600
G1 X133.07 Y138.97 V0.012 U0.360 P0.034 F600
G1 X132.37 Y138.92 V0.023 U0.689 P0.034 F600
G1 X131.79 Y138.93 V0.019 U0.571 P0.034 F600
G1 X131.21 Y138.95 V0.019 U0.570 P0.034 F600
G1 X130.63 Y139.01 V0.019 U0.570 P0.034 F600
G1 X130.11 Y139.08 V0.017 U0.514 P0.034 F600
G1 X129.76 Y139.14 V0.012 U0.347 P0.034 F600
G1 X129.41 Y139.21 V0.012 U0.347 P0.034 F600
G1 X129.07 Y139.30 V0.012 U0.348 P0.034 F600
G1 X128.68 Y139.42 V0.014 U0.402 P0.034 F600
G1 X128.29 Y139.55 V0.014 U0.401 P0.034 F600
G1 X127.91 Y139.70 V0.014 U0.401 P0.034 F600
G1 X127.61 Y139.83 V0.011 U0.320 P0.034 F600
G1 X126.95 Y140.14 V0.024 U0.715 P0.034 F600
G1 X126.31 Y140.50 V0.024 U0.715 P0.034 F600
G1 X126.02 Y140.67 V0.011 U0.328 P0.034 F600
G1 X125.69 Y140.88 V0.013 U0.388 P0.034 F600
G1 X125.37 Y141.11 V0.013 U0.388 P0.034 F600
G1 X125.05 Y141.35 V0.013 U0.388 P0.034 F600
G1 X124.77 Y141.58 V0.012 U0.354 P0.034 F600
G1 X124.51 Y141.82 V0.012 U0.354 P0.034 F600
G1 X124.25 Y142.08 V0.012 U0.354 P0.034 F600
G1 X123.69 Y142.65 V0.027 U0.783 P0.034 F600
G1 X123.51 Y142.86 V0.009 U0.275 P0.034 F600
G1 X123.33 Y143.08 V0.009 U0.275 P0.034 F600
G1 X123.17 Y143.31 V0.009 U0.275 P0.034 F600
G1 X122.63 Y144.08 V0.031 U0.924 P0.034 F600
G1 X122.47 Y144.32 V0.009 U0.279 P0.034 F600
G1 X122.33 Y144.56 V0.009 U0.279 P0.034 F600
G1 X122.19 Y144.81 V0.009 U0.279 P0.034 F600
G1 X122.04 Y145.10 V0.011 U0.315 P0.034 F600
G1 X121.90 Y145.39 V0.011 U0.315 P0.034 F600
G1 X121.78 Y145.69 V0.011 U0.315 P0.034 F600
G1 X121.64 Y146.07 V0.014 U0.398 P0.034 F600
G1 X121.40 Y146.75 V0.024 U0.712 P0.034 F600
G1 X121.21 Y147.45 V0.024 U0.712 P0.034 F600
G1 X121.11 Y147.85 V0.014 U0.404 P0.034 F600
G1 X121.05 Y148.17 V0.011 U0.314 P0.034 F600
G1 X121.00 Y148.48 V0.011 U0.314 P0.034 F600
G1 X120.95 Y148.80 V0.011 U0.314 P0.034 F600
G1 X120.92 Y149.24 V0.015 U0.435 P0.034 F600
G1 X120.90 Y149.69 V0.015 U0.435 P0.034 F600
G1 X120.91 Y150.13 V0.015 U0.435 P0.034 F600
G1 X120.93 Y150.74 V0.020 U0.600 P0.034 F600
G1 X120.96 Y151.15 V0.014 U0.403 P0.034 F600
G1 X121.01 Y151.56 V0.014 U0.403 P0.034 F600
G1 X121.08 Y151.97 V0.014 U0.404 P0.034 F600
G1 X121.14 Y152.29 V0.011 U0.321 P0.034 F600
G1 X121.19 Y152.59 V0.010 U0.297 P0.034 F600
G1 X121.26 Y152.88 V0.010 U0.297 P0.034 F600
G1 X121.34 Y153.17 V0.010 U0.297 P0.034 F600
G1 X121.54 Y153.75 V0.020 U0.598 P0.034 F600
G1 X121.74 Y154.27 V0.018 U0.544 P0.034 F600
G1 X122.00 Y154.82 V0.020 U0.597 P0.034 F600
G1 X122.28 Y155.36 V0.020 U0.596 P0.034 F600
G1 X122.59 Y155.89 V0.020 U0.596 P0.034 F600
M73 P48 R6
G1 X122.88 Y156.34 V0.018 U0.526 P0.034 F600
G1 X123.04 Y156.59 V0.010 U0.292 P0.034 F600
G1 X123.22 Y156.83 V0.010 U0.292 P0.034 F600
G1 X123.40 Y157.06 V0.010 U0.292 P0.034 F600
G1 X123.71 Y157.41 V0.016 U0.456 P0.034 F600
G1 X124.03 Y157.75 V0.016 U0.456 P0.034 F600
G1 X124.37 Y158.07 V0.016 U0.456 P0.034 F600
G1 X124.57 Y158.25 V0.009 U0.265 P0.034 F600
G1 X125.13 Y158.73 V0.024 U0.720 P0.034 F600
G1 X125.72 Y159.16 V0.024 U0.720 P0.034 F600
G1 X126.35 Y159.56 V0.025 U0.727 P0.034 F600
G1 X126.99 Y159.91 V0.024 U0.716 P0.034 F600
G1 X127.65 Y160.22 V0.024 U0.716 P0.034 F600
G1 X128.33 Y160.48 V0.024 U0.716 P0.034 F600
G1 X128.50 Y160.54 V0.006 U0.172 P0.034 F600
G1 X129.06 Y160.72 V0.020 U0.580 P0.034 F600
G1 X129.64 Y160.86 V0.020 U0.580 P0.034 F600
G1 X130.22 Y160.98 V0.020 U0.581 P0.034 F600
G1 X130.68 Y161.05 V0.016 U0.462 P0.034 F600
G1 X130.76 Y161.06 V0.002 U0.071 P0.034 F600
G1 X130.83 Y161.08 V0.002 U0.071 P0.034 F600
G1 X130.90 Y161.10 V0.002 U0.071 P0.034 F600
G1 X130.90 Y162.78 V0.056 U1.644 P0.034 F600
G1 X130.90 Y162.80 V0.001 U0.026 P0.034 F600
G1 X130.89 Y162.83 V0.001 U0.026 P0.034 F600
G1 X130.89 Y162.85 V0.001 U0.026 P0.034 F600
G1 X130.53 Y162.82 V0.012 U0.352 P0.034 F600
G1 X129.61 Y162.65 V0.031 U0.915 P0.034 F600
G1 X128.93 Y162.51 V0.023 U0.690 P0.034 F600
G1 X128.25 Y162.32 V0.023 U0.690 P0.034 F600
G1 X127.56 Y162.11 V0.024 U0.703 P0.034 F600
G1 X126.91 Y161.86 V0.023 U0.682 P0.034 F600
G1 X126.56 Y161.69 V0.013 U0.385 P0.034 F600
G1 X126.21 Y161.52 V0.013 U0.385 P0.034 F600
G1 X125.86 Y161.33 V0.013 U0.385 P0.034 F600
G1 X125.50 Y161.12 V0.014 U0.412 P0.034 F600
G1 X124.90 Y160.74 V0.024 U0.692 P0.034 F600
G1 X124.32 Y160.34 V0.024 U0.692 P0.034 F600
G1 X123.71 Y159.87 V0.026 U0.754 P0.034 F600
G1 X123.36 Y159.58 V0.015 U0.450 P0.034 F600
G1 X122.58 Y158.81 V0.036 U1.071 P0.034 F600
G1 X121.92 Y158.05 V0.033 U0.985 P0.034 F600
G1 X121.78 Y157.86 V0.008 U0.236 P0.034 F600
G1 X121.63 Y157.66 V0.008 U0.236 P0.034 F600
G1 X121.50 Y157.46 V0.008 U0.236 P0.034 F600
G1 X121.09 Y156.82 V0.025 U0.743 P0.034 F600
G1 X120.74 Y156.24 V0.023 U0.672 P0.034 F600
G1 X120.42 Y155.63 V0.023 U0.672 P0.034 F600
G1 X120.13 Y155.02 V0.022 U0.660 P0.034 F600
; Start to cut
M2800
M400
;CUT DISTANCE 54.8
G1 X119.85 Y154.32 V0.018 F600
G1 X119.63 Y153.61 V0.018 F600
G1 X119.47 Y152.94 V0.017 F600
G1 X119.33 Y152.26 V0.017 F600
G1 X119.24 Y151.58 V0.017 F600
G1 X119.13 Y150.60 V0.024 F600
G1 X119.12 Y150.16 V0.011 F600
G1 X119.13 Y149.64 V0.012 F600
G1 X119.16 Y149.12 V0.012 F600
G1 X119.21 Y148.61 V0.012 F600
G1 X119.24 Y148.36 V0.006 F600
G1 X119.36 Y147.63 V0.018 F600
G1 X119.53 Y146.90 V0.018 F600
G1 X119.60 Y146.61 V0.007 F600
G1 X119.79 Y145.97 V0.016 F600
G1 X120.01 Y145.35 V0.016 F600
G1 X120.25 Y144.73 V0.016 F600
G1 X120.60 Y144.01 V0.019 F600
G1 X120.94 Y143.41 V0.017 F600
G1 X121.34 Y142.81 V0.017 F600
G1 X121.76 Y142.24 V0.017 F600
G1 X122.20 Y141.69 V0.017 F600
G1 X122.80 Y140.99 V0.022 F600
G1 X123.15 Y140.65 V0.012 F600
G1 X123.90 Y139.99 V0.024 F600
G1 X124.74 Y139.38 V0.025 F600
G1 X125.12 Y139.12 V0.011 F600
G1 X126.23 Y138.51 V0.030 F600
G1 X126.45 Y138.40 V0.006 F600
G1 X126.67 Y138.29 V0.006 F600
G1 X126.90 Y138.20 V0.006 F600
G1 X127.87 Y137.81 V0.025 F600
G1 X128.68 Y137.57 V0.020 F600
G1 X129.30 Y137.42 V0.015 F600
G1 X130.11 Y137.30 V0.020 F600
G1 X130.81 Y137.21 V0.017 F600
G1 X131.51 Y137.17 V0.017 F600
G1 X132.34 Y137.14 V0.020 F600
G1 X132.88 Y137.16 V0.013 F600
G1 X133.82 Y137.26 V0.023 F600
G1 X134.61 Y137.41 V0.019 F600
G1 X134.95 Y137.49 V0.008 F600
G1 X135.29 Y137.57 V0.008 F600
G1 X135.63 Y137.67 V0.008 F600
G1 X136.26 Y137.88 V0.016 F600
G1 X136.63 Y138.01 V0.010 F600
G1 X137.00 Y138.15 V0.010 F600
G1 X137.36 Y138.32 V0.010 F600
G1 X138.05 Y138.65 V0.018 F600
G1 X138.93 Y139.16 V0.024 F600
G1 X139.43 Y139.50 V0.015 F600
G1 X140.61 Y140.43 V0.036 F600
G1 X155.55 Y153.76 V0.480 F600
; Cutting completed.
G1 F600 V-1.000 ; Retract
M73 P49 R6
; FS_RELEASE_BEGIN length_mm=6.800 speed_mm_s=10.000
G1 X160.619 Y158.292 F600
; FS_RELEASE_END physical_clearance=unmeasured
M1002
M400
G1 F600 V-4.000 ; Toolchange matrix retract
G1 F1200 Z2.52
MOVE_TO_BRUSH_STATION
CLEAN_NOZZLE
M104 S180 T0 ; standby
M104 S250 T1 ; pre-charge
M109 S250 T1
MOVE_OUT_BRUSH_STATION
M106 P2 S0 ; fibre-side cooling, fan4, owned by T0 (idle)
M106 P1 S181 ; part-cooling, fan3, owned by T1 (depositing)
M106 P3 S0 ; auxiliary fan off while T1 deposits
M106 P5 S0 ; exhaust fan off while T1 deposits
T1 ; switch extruder type to:PLASTIC
; FIBER TURNS: 80 joints tighter than 12.00 mm, policy=keep, splits=0
M106 S181
;LAYER_CHANGE
;Z:2.04
;HEIGHT:0.12
;_SET_FAN_SPEED_CHANGING_LAYER
; printing object s+hook+20mm id:0 copy 0
M104 S270 T0 ; FS_PREHEAT next_tool=0 lead_s=15
G1 X178.572 Y149.055 Z2.04 F9000
G1 Z2.04 F9000
G1 E10 F1500
;TYPE:Inner wall
;WIDTH:0.419999
G1 F7200
G1 X178.571 Y149.005 E.00098
G1 X178.323 Y147.499 E.03002
G1 X178.179 Y146.963 E.01092
G1 X177.997 Y146.428 E.01112
G1 X177.797 Y145.92 E.01074
G1 X177.29 Y144.845 E.02338
G1 X176.557 Y143.696 E.02681
G1 X176.207 Y143.247 E.0112
G1 X175.611 Y142.581 E.01758
G1 X175.088 Y142.099 E.01399
G1 X174.555 Y141.632 E.01394
G1 X173.388 Y140.835 E.0278
G1 X172.146 Y140.208 E.02737
G1 X170.785 Y139.738 E.02832
G1 X169.705 Y139.516 E.02169
G1 X169.092 Y139.423 E.0122
G1 X168.808 Y139.339 E.00583
G1 X168.64 Y139.138 E.00515
G1 X168.606 Y138.966 E.00345
G1 X168.604 Y137.134 E.03603
G1 X168.648 Y136.873 E.00521
G1 X168.804 Y136.707 E.00448
G1 X169.02 Y136.65 E.00439
G1 X169.535 Y136.688 E.01016
G1 X171.196 Y136.987 E.0332
G1 X172.604 Y137.416 E.02895
G1 X173.284 Y137.687 E.0144
G1 X174.03 Y138.035 E.01619
G1 X175.379 Y138.817 E.03067
G1 X176.524 Y139.677 E.02817
G1 X176.977 Y140.057 E.01163
G1 X177.784 Y140.851 E.02227
G1 X178.468 Y141.647 E.02064
G1 X178.777 Y142.047 E.00994
G1 X179.713 Y143.511 E.03418
G1 X180.334 Y144.79 E.02797
G1 X180.617 Y145.519 E.01538
G1 X180.853 Y146.254 E.01518
G1 X181.202 Y147.793 E.03104
G1 X181.319 Y148.901 E.02191
G1 X181.382 Y149.841 E.01853
G1 X181.349 Y150.922 E.02127
G1 X181.226 Y152.014 E.02161
G1 X181.137 Y152.516 E.01003
G1 X180.741 Y154.093 E.03198
G1 X180.204 Y155.473 E.02913
G1 X179.84 Y156.22 E.01634
G1 X179.486 Y156.85 E.01421
G1 X178.596 Y158.155 E.03107
G1 X177.559 Y159.348 E.03109
G1 X177.185 Y159.715 E.01031
G1 X176.407 Y160.394 E.02031
G1 X175.688 Y160.924 E.01757
G1 X175.141 Y161.3 E.01306
G1 X173.996 Y161.93 E.02571
G1 X173.542 Y162.163 E.01004
G1 X172.296 Y162.656 E.02636
G1 X171.452 Y162.912 E.01735
G1 X170.798 Y163.069 E.01323
G1 X169.237 Y163.307 E.03106
G1 X167.657 Y163.36 E.03109
G1 X167.084 Y163.333 E.01128
G1 X166.108 Y163.23 E.0193
G1 X165.287 Y163.074 E.01644
G1 X164.581 Y162.92 E.01421
G1 X163.578 Y162.59 E.02077
G1 X162.814 Y162.319 E.01594
G1 X161.702 Y161.787 E.02425
G1 X160.812 Y161.269 E.02025
G1 X160.282 Y160.911 E.01258
G1 X159.075 Y159.954 E.0303
G1 X139.055 Y142.084 E.52783
G1 X137.963 Y141.233 E.02723
G1 X137.348 Y140.846 E.01429
G1 X136.696 Y140.497 E.01455
G1 X135.389 Y139.957 E.02782
G1 X134.042 Y139.599 E.02741
G1 X133.375 Y139.491 E.01329
G1 X132.341 Y139.421 E.02038
G1 X131.241 Y139.427 E.02164
G1 X129.849 Y139.62 E.02764
G1 X129.188 Y139.781 E.01338
G1 X128.439 Y140.017 E.01545
G1 X127.141 Y140.579 E.02782
G1 X125.947 Y141.295 E.02738
G1 X125.353 Y141.744 E.01465
G1 X124.825 Y142.194 E.01365
G1 X123.878 Y143.18 E.02689
G1 X123.573 Y143.593 E.0101
G1 X122.883 Y144.586 E.02378
G1 X122.623 Y145.052 E.0105
G1 X122.344 Y145.607 E.01222
G1 X121.852 Y146.891 E.02705
G1 X121.529 Y148.259 E.02765
G1 X121.446 Y148.866 E.01205
G1 X121.388 Y149.717 E.01678
G1 X121.415 Y150.487 E.01515
G1 X121.442 Y151.13 E.01266
G1 X121.677 Y152.501 E.02736
G1 X121.821 Y153.037 E.01092
G1 X122.003 Y153.572 E.01112
G1 X122.203 Y154.08 E.01074
G1 X122.71 Y155.155 E.02338
G1 X123.443 Y156.304 E.02681
G1 X123.793 Y156.753 E.0112
G1 X124.389 Y157.419 E.01758
G1 X124.912 Y157.901 E.01399
G1 X125.445 Y158.368 E.01394
G1 X126.612 Y159.165 E.0278
G1 X127.854 Y159.792 E.02737
G1 X129.215 Y160.262 E.02832
G1 X130.295 Y160.484 E.02169
G1 X130.908 Y160.577 E.0122
G1 X131.192 Y160.661 E.00583
G1 X131.36 Y160.862 E.00515
G1 X131.394 Y161.034 E.00345
G1 X131.396 Y162.872 E.03615
G1 X131.356 Y163.122 E.00498
G1 X131.22 Y163.276 E.00404
G1 X130.984 Y163.348 E.00485
G1 X130.465 Y163.312 E.01023
G1 X128.804 Y163.013 E.0332
G1 X127.396 Y162.584 E.02895
G1 X126.716 Y162.313 E.0144
G1 X125.97 Y161.965 E.01619
G1 X124.621 Y161.183 E.03067
G1 X123.476 Y160.323 E.02817
G1 X123.023 Y159.943 E.01163
G1 X122.216 Y159.149 E.02227
G1 X121.532 Y158.353 E.02064
G1 X121.223 Y157.953 E.00994
G1 X120.287 Y156.489 E.03418
G1 X119.666 Y155.21 E.02797
G1 X119.383 Y154.481 E.01538
G1 X119.147 Y153.744 E.01522
G1 X118.823 Y152.352 E.02811
G1 X118.638 Y150.69 E.03289
G1 X118.618 Y150.159 E.01045
G1 X118.651 Y149.078 E.02127
G1 X118.774 Y147.986 E.02161
G1 X118.863 Y147.484 E.01003
G1 X119.259 Y145.907 E.03198
G1 X119.796 Y144.527 E.02913
G1 X120.16 Y143.78 E.01634
G1 X120.515 Y143.149 E.01424
G1 X121.344 Y141.923 E.02911
G1 X122.442 Y140.652 E.03304
G1 X122.815 Y140.285 E.01029
G1 X123.593 Y139.606 E.02031
G1 X124.312 Y139.076 E.01757
G1 X124.859 Y138.7 E.01306
G1 X126.004 Y138.07 E.02571
G1 X126.458 Y137.837 E.01004
G1 X127.704 Y137.344 E.02636
G1 X128.548 Y137.088 E.01735
G1 X129.202 Y136.931 E.01323
G1 X130.763 Y136.693 E.03106
G1 X132.343 Y136.64 E.03109
G1 X132.916 Y136.667 E.01128
G1 X133.892 Y136.77 E.0193
G1 X134.713 Y136.926 E.01644
G1 X135.419 Y137.08 E.01421
G1 X136.422 Y137.41 E.02077
G1 X137.186 Y137.681 E.01594
G1 X138.298 Y138.213 E.02425
G1 X139.188 Y138.731 E.02025
G1 X139.718 Y139.089 E.01258
G1 X140.925 Y140.046 E.0303
G1 X160.945 Y157.916 E.52783
G1 X162.037 Y158.767 E.02723
G1 X162.652 Y159.154 E.01429
G1 X163.304 Y159.503 E.01455
G1 X164.611 Y160.043 E.02782
G1 X165.958 Y160.401 E.02741
G1 X166.625 Y160.509 E.01329
G1 X167.659 Y160.579 E.02038
G1 X168.759 Y160.573 E.02164
G1 X170.151 Y160.38 E.02764
G1 X170.812 Y160.219 E.01338
G1 X171.561 Y159.983 E.01545
G1 X172.859 Y159.421 E.02782
G1 X174.053 Y158.705 E.02738
G1 X174.647 Y158.256 E.01465
G1 X175.173 Y157.808 E.01359
G1 X176.064 Y156.888 E.02519
G1 X176.372 Y156.475 E.01013
G1 X177.119 Y155.411 E.02557
G1 X177.377 Y154.948 E.01043
G1 X177.656 Y154.393 E.01222
G1 X178.148 Y153.109 E.02705
G1 X178.475 Y151.725 E.02797
G1 X178.583 Y150.724 E.0198
G1 X178.6 Y149.878 E.01664
G1 X178.574 Y149.095 E.01541
G1 X178.169 Y149.071 F9000
;TYPE:Outer wall
G1 F6000
G1 X177.929 Y147.604 E.02924
G1 X177.791 Y147.088 E.01051
G1 X177.611 Y146.559 E.01099
G1 X177.426 Y146.088 E.00995
G1 X176.947 Y145.064 E.02224
G1 X176.224 Y143.931 E.02644
G1 X175.902 Y143.517 E.01032
G1 X175.34 Y142.885 E.01663
G1 X174.324 Y141.967 E.02693
G1 X173.203 Y141.198 E.02674
G1 X172.006 Y140.591 E.0264
G1 X170.703 Y140.137 E.02714
G1 X169.623 Y139.915 E.02169
G1 X169.046 Y139.828 E.01148
G1 X168.567 Y139.686 E.00983
G1 X168.261 Y139.319 E.0094
G1 X168.199 Y139.007 E.00626
G1 X168.197 Y137.134 E.03684
G1 X168.267 Y136.706 E.00853
G1 X168.457 Y136.44 E.00643
G1 X168.732 Y136.276 E.0063
G1 X169.066 Y136.234 E.00662
G1 X169.591 Y136.284 E.01037
G1 X171.292 Y136.591 E.034
G1 X172.739 Y137.032 E.02975
G1 X173.445 Y137.313 E.01495
G1 X174.217 Y137.673 E.01675
G1 X175.613 Y138.484 E.03176
G1 X176.86 Y139.42 E.03067
G1 X177.254 Y139.758 E.01021
G1 X178.081 Y140.573 E.02284
G1 X178.776 Y141.381 E.02096
G1 X179.11 Y141.814 E.01076
G1 X180.069 Y143.312 E.03498
G1 X180.708 Y144.628 E.02877
G1 X181 Y145.383 E.01592
G1 X181.246 Y146.147 E.01579
G1 X181.604 Y147.727 E.03186
G1 X181.724 Y148.858 E.02237
G1 X181.789 Y149.841 E.01938
G1 X181.756 Y150.951 E.02184
G1 X181.549 Y152.55 E.03171
G1 X181.092 Y154.314 E.03584
G1 X180.577 Y155.636 E.02791
G1 X180.2 Y156.409 E.01692
G1 X179.832 Y157.065 E.01479
G1 X178.919 Y158.404 E.03188
G1 X177.856 Y159.627 E.03187
G1 X177.462 Y160.014 E.01086
G1 X176.663 Y160.711 E.02085
G1 X175.776 Y161.364 E.02166
G1 X175.35 Y161.65 E.01009
G1 X174.192 Y162.287 E.026
G1 X173.703 Y162.537 E.0108
G1 X172.43 Y163.041 E.02693
G1 X171.559 Y163.305 E.0179
G1 X170.876 Y163.468 E.01381
G1 X169.274 Y163.713 E.03188
G1 X167.654 Y163.767 E.03188
G1 X167.053 Y163.739 E.01183
G1 X166.048 Y163.633 E.01988
G1 X165.211 Y163.474 E.01676
G1 X164.467 Y163.312 E.01498
G1 X163.451 Y162.977 E.02104
G1 X162.649 Y162.691 E.01675
G1 X161.526 Y162.154 E.02448
G1 X160.586 Y161.608 E.02138
G1 X160.029 Y161.23 E.01324
G1 X158.812 Y160.266 E.03054
G1 X138.794 Y142.396 E.5278
G1 X137.729 Y141.566 E.02656
G1 X137.154 Y141.204 E.01336
G1 X136.539 Y140.873 E.01374
G1 X135.283 Y140.351 E.02675
G1 X133.975 Y140.001 E.02663
G1 X133.336 Y139.896 E.01274
G1 X132.343 Y139.828 E.01958
G1 X131.27 Y139.834 E.02111
G1 X129.926 Y140.021 E.02669
G1 X129.309 Y140.169 E.01248
G1 X128.6 Y140.391 E.01461
G1 X127.35 Y140.929 E.02677
G1 X126.189 Y141.623 E.0266
G1 X125.615 Y142.055 E.01413
G1 X125.118 Y142.476 E.01281
G1 X124.193 Y143.439 E.02626
G1 X123.902 Y143.834 E.00965
G1 X123.232 Y144.794 E.02303
G1 X122.986 Y145.236 E.00995
G1 X122.724 Y145.752 E.01138
G1 X122.242 Y147.011 E.02652
G1 X121.93 Y148.332 E.0267
G1 X121.852 Y148.895 E.01118
G1 X121.795 Y149.703 E.01593
G1 X121.844 Y151.062 E.02675
G1 X121.972 Y151.816 E.01504
G1 X122.071 Y152.396 E.01157
G1 X122.209 Y152.912 E.01051
G1 X122.389 Y153.442 E.01101
G1 X122.574 Y153.912 E.00993
G1 X123.053 Y154.936 E.02224
G1 X123.776 Y156.069 E.02644
G1 X124.098 Y156.483 E.01032
G1 X124.664 Y157.119 E.01675
G1 X125.676 Y158.033 E.02682
G1 X126.797 Y158.802 E.02674
G1 X127.994 Y159.409 E.0264
G1 X129.297 Y159.863 E.02714
G1 X130.377 Y160.085 E.02169
G1 X130.954 Y160.172 E.01148
G1 X131.433 Y160.314 E.00983
G1 X131.739 Y160.681 E.0094
G1 X131.801 Y160.993 E.00626
G1 X131.803 Y162.871 E.03694
G1 X131.739 Y163.28 E.00814
G1 X131.571 Y163.533 E.00597
G1 X131.29 Y163.715 E.00659
G1 X130.937 Y163.767 E.00702
G1 X130.409 Y163.716 E.01043
G1 X128.708 Y163.409 E.034
G1 X127.261 Y162.968 E.02975
G1 X126.555 Y162.687 E.01495
G1 X125.783 Y162.327 E.01675
G1 X124.387 Y161.516 E.03176
G1 X123.14 Y160.58 E.03067
G1 X122.746 Y160.242 E.01021
G1 X121.919 Y159.427 E.02284
G1 X121.224 Y158.619 E.02096
G1 X120.89 Y158.186 E.01076
G1 X119.931 Y156.688 E.03498
G1 X119.292 Y155.372 E.02877
G1 X119 Y154.617 E.01592
G1 X118.754 Y153.853 E.01579
G1 X118.421 Y152.421 E.02892
G1 X118.225 Y150.661 E.03483
G1 X118.211 Y150.159 E.00988
G1 X118.244 Y149.049 E.02184
G1 X118.451 Y147.45 E.03171
G1 X118.908 Y145.686 E.03584
G1 X119.423 Y144.364 E.02791
G1 X119.8 Y143.591 E.01692
G1 X120.168 Y142.935 E.01479
G1 X121.02 Y141.675 E.02992
G1 X122.145 Y140.373 E.03384
G1 X122.538 Y139.986 E.01085
G1 X123.337 Y139.289 E.02085
G1 X124.224 Y138.636 E.02166
G1 X124.65 Y138.35 E.01009
G1 X125.808 Y137.713 E.026
G1 X126.297 Y137.463 E.0108
G1 X127.57 Y136.959 E.02693
G1 X128.441 Y136.695 E.0179
G1 X129.124 Y136.532 E.01381
G1 X130.726 Y136.287 E.03188
G1 X132.346 Y136.233 E.03188
G1 X132.947 Y136.261 E.01183
G1 X133.952 Y136.367 E.01988
G1 X134.789 Y136.526 E.01676
G1 X135.533 Y136.688 E.01498
G1 X136.549 Y137.023 E.02104
G1 X137.351 Y137.309 E.01675
G1 X138.474 Y137.846 E.02448
G1 X139.414 Y138.392 E.02138
G1 X139.971 Y138.77 E.01324
G1 X141.188 Y139.734 E.03054
G1 X161.206 Y157.604 E.5278
G1 X162.271 Y158.434 E.02656
G1 X162.846 Y158.796 E.01336
G1 X163.461 Y159.127 E.01374
G1 X164.717 Y159.649 E.02675
G1 X166.025 Y159.999 E.02663
G1 X166.664 Y160.104 E.01274
G1 X167.657 Y160.172 E.01958
G1 X168.73 Y160.166 E.02111
G1 X170.074 Y159.979 E.02669
G1 X170.691 Y159.831 E.01248
G1 X171.4 Y159.609 E.01461
G1 X172.65 Y159.071 E.02677
G1 X173.811 Y158.377 E.0266
G1 X174.385 Y157.945 E.01413
G1 X174.881 Y157.525 E.01278
G1 X175.75 Y156.629 E.02455
G1 X176.769 Y155.203 E.03447
G1 X177.014 Y154.764 E.00989
G1 X177.276 Y154.248 E.01138
G1 X177.758 Y152.989 E.02652
G1 X178.073 Y151.655 E.02696
G1 X178.177 Y150.695 E.01899
G1 X178.193 Y149.89 E.01584
G1 X178.17 Y149.111 E.01533
G1 E-1 F1200
G1 X179.668 Y144.095 F9000
G1 E1 F1500
;TYPE:Sparse infill
;WIDTH:0.42
G1 F7200
G1 X179.455 Y143.656 E.0096
G1 X178.868 Y142.739 E.02142
G1 X175.174 Y139.044 E.10276
G1 X175.087 Y138.98 E.00213
G1 X173.894 Y138.298 E.02703
G1 X173.166 Y137.958 E.01579
M73 P50 R6
G1 X172.506 Y137.696 E.01398
G1 X171.126 Y137.275 E.02837
G1 X169.494 Y136.981 E.03262
G1 X169.077 Y136.941 E.00824
G1 X168.966 Y136.955 E.00221
G1 X168.925 Y136.994 E.00112
G1 X168.9 Y137.114 E.0024
G1 X168.902 Y138.794 E.03305
G1 X169.253 Y139.145 E.00977
G1 X169.532 Y139.179 E.00554
G1 X170.848 Y139.449 E.02641
G1 X171.155 Y139.536 E.00629
G1 X172.29 Y139.947 E.02373
G1 X173.562 Y140.593 E.02806
G1 X174.726 Y141.39 E.02775
G1 X174.957 Y141.576 E.00584
G1 X175.871 Y142.423 E.0245
G1 X176.438 Y143.062 E.01681
G1 X176.777 Y143.497 E.01084
G1 X177.541 Y144.688 E.02784
G1 X177.671 Y144.93 E.00539
G1 X178.181 Y146.054 E.02428
G1 X178.461 Y146.874 E.01704
G1 X178.617 Y147.457 E.01187
G1 X178.816 Y148.708 E.02492
G1 X181.05 Y150.942 E.06213
G1 X180.928 Y152.013 E.0212
G1 X180.861 Y152.404 E.00782
G1 X180.428 Y154.081 E.03406
G1 X179.933 Y155.354 E.02687
G1 X179.771 Y155.685 E.00725
G1 X178.113 Y154.027 E.04614
G1 X177.926 Y154.516 E.0103
G1 X177.519 Y155.317 E.01768
G1 X177.198 Y155.855 E.01232
G1 X176.288 Y157.082 E.03004
G1 X175.726 Y157.662 E.01588
G1 X177.276 Y159.211 E.0431
G1 X176.984 Y159.498 E.00805
G1 X176.222 Y160.163 E.01989
G1 X175.281 Y160.856 E.02299
G1 X174.989 Y161.046 E.00685
G1 X173.764 Y161.721 E.02751
G1 X172.108 Y160.065 E.04604
G1 X171.596 Y160.285 E.01096
G1 X170.891 Y160.505 E.01453
G1 X170.166 Y160.676 E.01465
G1 X168.75 Y160.869 E.02811
G1 X167.38 Y160.876 E.02694
G1 X166.848 Y160.827 E.01051
G1 X169.039 Y163.017 E.06094
G1 X167.659 Y163.064 E.02716
G1 X167.106 Y163.038 E.01088
G1 X166.151 Y162.937 E.0189
G1 X164.953 Y162.709 E.02398
G1 X164.663 Y162.636 E.00588
G1 X163.165 Y162.143 E.03102
G1 X162.934 Y162.049 E.00491
G1 X161.789 Y161.501 E.02496
G1 X161.095 Y161.095 E.01581
G1 X138.905 Y138.905 E.61724
G1 X138.211 Y138.499 E.01581
G1 X137.066 Y137.951 E.02496
G1 X136.835 Y137.857 E.00491
G1 X135.337 Y137.364 E.03102
G1 X135.047 Y137.291 E.00588
G1 X133.849 Y137.063 E.02398
G1 X132.894 Y136.962 E.0189
G1 X132.389 Y136.938 E.00994
G1 X130.961 Y136.983 E.02809
G1 X133.152 Y139.173 E.06092
G1 X132.62 Y139.124 E.01051
G1 X131.25 Y139.131 E.02694
G1 X129.824 Y139.325 E.02831
G1 X129.109 Y139.495 E.01445
G1 X128.404 Y139.715 E.01453
G1 X127.892 Y139.935 E.01095
G1 X126.236 Y138.279 E.04607
G1 X125.011 Y138.954 E.02751
G1 X124.719 Y139.144 E.00685
G1 X123.778 Y139.837 E.02299
G1 X123.016 Y140.502 E.01988
G1 X122.724 Y140.789 E.00805
G1 X124.275 Y142.339 E.04314
G1 X123.682 Y142.957 E.01684
G1 X122.801 Y144.148 E.02914
G1 X122.471 Y144.7 E.01265
G1 X122.074 Y145.484 E.01729
G1 X121.889 Y145.975 E.01031
G1 X120.229 Y144.315 E.04618
G1 X120.067 Y144.646 E.00725
G1 X119.572 Y145.919 E.02687
G1 X119.139 Y147.596 E.03406
G1 X119.072 Y147.987 E.00782
G1 X118.951 Y149.058 E.0212
G1 X121.169 Y151.276 E.0617
G1 X121.375 Y152.501 E.02442
G1 X121.529 Y153.092 E.01202
G1 X121.819 Y153.946 E.01773
G1 X122.352 Y155.118 E.02533
G1 X122.459 Y155.312 E.00436
G1 X123.182 Y156.444 E.02642
G1 X123.562 Y156.938 E.01225
G1 X124.166 Y157.615 E.01785
G1 X125.083 Y158.459 E.02451
G1 X125.275 Y158.61 E.00481
G1 X126.438 Y159.407 E.02774
G1 X127.71 Y160.053 E.02806
G1 X128.845 Y160.464 E.02373
G1 X129.152 Y160.551 E.00629
G1 X130.468 Y160.821 E.02641
G1 X130.747 Y160.855 E.00554
G1 X131.098 Y161.206 E.00977
G1 X131.1 Y162.891 E.03313
G1 X131.067 Y163.022 E.00267
G1 X131.037 Y163.042 E.0007
G1 X130.919 Y163.059 E.00234
G1 X130.506 Y163.019 E.00817
G1 X128.874 Y162.725 E.03261
G1 X127.494 Y162.304 E.02837
G1 X126.834 Y162.042 E.01398
G1 X126.106 Y161.702 E.01579
G1 X124.913 Y161.02 E.02703
G1 X124.826 Y160.956 E.00213
G1 X121.132 Y157.261 E.10276
G1 X120.545 Y156.344 E.02142
G1 X120.332 Y155.905 E.0096
; stop printing object s+hook+20mm id:0 copy 0
M106 S51
;LAYER_CHANGE
;Z:2.16
;HEIGHT:0.12
;_SET_FAN_SPEED_CHANGING_LAYER
; printing object s+hook+20mm id:0 copy 0
G1 E-1 F1200
G1 X181.262 Y151.692 Z2.16 F9000
G1 E1 F1500
;TYPE:Inner wall
;WIDTH:0.419999
G1 F7200
G1 X181.226 Y152.014 E.00637
G1 X181.137 Y152.516 E.01003
G1 X181.034 Y152.929 E.00837
G1 E-1 F1200
G1 X118.738 Y148.308 F9000
G1 E1 F1500
G1 F7200
G1 X118.774 Y147.986 E.00637
G1 X118.863 Y147.484 E.01003
G1 X118.966 Y147.071 E.00837
G1 E-1 F1200
G1 X122.242 Y147.011 F9000
G1 E1 F1500
;TYPE:Outer wall
G1 F6000
G1 X121.93 Y148.332 E.0267
G1 X121.852 Y148.895 E.01118
G1 X121.795 Y149.703 E.01593
G1 X121.844 Y151.062 E.02675
G1 X121.972 Y151.816 E.01504
G1 X122.071 Y152.396 E.01157
G1 X122.209 Y152.912 E.01051
G1 X122.389 Y153.442 E.01101
G1 X122.574 Y153.912 E.00993
G1 X123.053 Y154.936 E.02224
G1 X123.776 Y156.069 E.02644
G1 X124.098 Y156.483 E.01032
G1 X124.664 Y157.119 E.01675
G1 X125.676 Y158.033 E.02682
G1 X126.797 Y158.802 E.02674
G1 X127.994 Y159.409 E.0264
G1 X129.297 Y159.863 E.02714
G1 X130.377 Y160.085 E.02169
G1 X130.954 Y160.172 E.01148
G1 X131.433 Y160.314 E.00983
G1 X131.739 Y160.681 E.0094
G1 X131.801 Y160.993 E.00626
G1 X131.803 Y162.871 E.03694
G1 X131.739 Y163.28 E.00814
G1 X131.571 Y163.533 E.00597
G1 X131.29 Y163.715 E.00659
G1 X130.937 Y163.767 E.00702
G1 X130.409 Y163.716 E.01043
G1 X128.708 Y163.409 E.034
G1 X127.261 Y162.968 E.02975
G1 X126.555 Y162.687 E.01495
G1 X125.783 Y162.327 E.01675
G1 X124.387 Y161.516 E.03176
G1 X123.14 Y160.58 E.03067
G1 X122.746 Y160.242 E.01021
G1 X121.919 Y159.427 E.02284
G1 X121.224 Y158.619 E.02096
G1 X120.89 Y158.186 E.01076
G1 X119.931 Y156.688 E.03498
G1 X119.292 Y155.372 E.02877
G1 X119 Y154.617 E.01592
G1 X118.754 Y153.853 E.01579
G1 X118.421 Y152.421 E.02892
G1 X118.225 Y150.661 E.03483
G1 X118.211 Y150.159 E.00988
G1 X118.244 Y149.049 E.02184
G1 X118.451 Y147.45 E.03171
G1 X118.908 Y145.686 E.03584
G1 X119.423 Y144.364 E.02791
G1 X119.8 Y143.591 E.01692
G1 X120.168 Y142.935 E.01479
G1 X121.02 Y141.675 E.02992
G1 X122.145 Y140.373 E.03384
G1 X122.538 Y139.986 E.01085
G1 X123.337 Y139.289 E.02085
G1 X124.224 Y138.636 E.02166
G1 X124.65 Y138.35 E.01009
G1 X125.808 Y137.713 E.026
G1 X126.297 Y137.463 E.0108
G1 X127.57 Y136.959 E.02693
G1 X128.441 Y136.695 E.0179
G1 X129.124 Y136.532 E.01381
G1 X130.726 Y136.287 E.03188
G1 X132.346 Y136.233 E.03188
G1 X132.947 Y136.261 E.01183
G1 X133.952 Y136.367 E.01988
G1 X134.789 Y136.526 E.01676
G1 X135.533 Y136.688 E.01498
G1 X136.549 Y137.023 E.02104
G1 X137.351 Y137.309 E.01675
G1 X138.474 Y137.846 E.02448
G1 X139.414 Y138.392 E.02138
G1 X139.971 Y138.77 E.01324
G1 X141.188 Y139.734 E.03054
G1 X161.206 Y157.604 E.5278
G1 X162.271 Y158.434 E.02656
G1 X162.846 Y158.796 E.01336
G1 X163.461 Y159.127 E.01374
G1 X164.717 Y159.649 E.02675
G1 X166.025 Y159.999 E.02663
G1 X166.664 Y160.104 E.01274
G1 X167.657 Y160.172 E.01958
G1 X168.73 Y160.166 E.02111
G1 X170.074 Y159.979 E.02669
G1 X170.691 Y159.831 E.01248
G1 X171.4 Y159.609 E.01461
G1 X172.65 Y159.071 E.02677
G1 X173.811 Y158.377 E.0266
G1 X174.385 Y157.945 E.01413
G1 X174.881 Y157.525 E.01278
G1 X175.75 Y156.629 E.02455
G1 X176.769 Y155.203 E.03447
G1 X177.014 Y154.764 E.00989
G1 X177.276 Y154.248 E.01138
G1 X177.758 Y152.989 E.02652
G1 X178.073 Y151.655 E.02696
G1 X178.177 Y150.695 E.01899
G1 X178.193 Y149.89 E.01584
G1 X178.169 Y149.071 E.01612
G1 X177.929 Y147.604 E.02924
G1 X177.791 Y147.088 E.01051
G1 X177.611 Y146.559 E.01099
G1 X177.426 Y146.088 E.00995
G1 X176.947 Y145.064 E.02224
G1 X176.224 Y143.931 E.02644
G1 X175.902 Y143.517 E.01032
G1 X175.34 Y142.885 E.01663
G1 X174.324 Y141.967 E.02693
G1 X173.203 Y141.198 E.02674
G1 X172.006 Y140.591 E.0264
G1 X170.703 Y140.137 E.02714
G1 X169.623 Y139.915 E.02169
G1 X169.046 Y139.828 E.01148
G1 X168.567 Y139.686 E.00983
G1 X168.261 Y139.319 E.0094
G1 X168.199 Y139.007 E.00626
G1 X168.197 Y137.134 E.03684
G1 X168.267 Y136.706 E.00853
G1 X168.457 Y136.44 E.00643
G1 X168.732 Y136.276 E.0063
G1 X169.066 Y136.234 E.00662
G1 X169.591 Y136.284 E.01037
G1 X171.292 Y136.591 E.034
G1 X172.739 Y137.032 E.02975
G1 X173.445 Y137.313 E.01495
G1 X174.217 Y137.673 E.01675
G1 X175.613 Y138.484 E.03176
G1 X176.86 Y139.42 E.03067
G1 X177.254 Y139.758 E.01021
G1 X178.081 Y140.573 E.02284
G1 X178.776 Y141.381 E.02096
G1 X179.11 Y141.814 E.01076
G1 X180.069 Y143.312 E.03498
G1 X180.708 Y144.628 E.02877
G1 X181 Y145.383 E.01592
G1 X181.246 Y146.147 E.01579
G1 X181.604 Y147.727 E.03186
G1 X181.724 Y148.858 E.02237
G1 X181.789 Y149.841 E.01938
G1 X181.756 Y150.951 E.02184
G1 X181.549 Y152.55 E.03171
G1 X181.092 Y154.314 E.03584
G1 X180.577 Y155.636 E.02791
G1 X180.2 Y156.409 E.01692
G1 X179.832 Y157.065 E.01479
G1 X178.919 Y158.404 E.03188
G1 X177.856 Y159.627 E.03187
G1 X177.462 Y160.014 E.01086
G1 X176.663 Y160.711 E.02085
G1 X175.776 Y161.364 E.02166
G1 X175.35 Y161.65 E.01009
G1 X174.192 Y162.287 E.026
G1 X173.703 Y162.537 E.0108
G1 X172.43 Y163.041 E.02693
G1 X171.559 Y163.305 E.0179
G1 X170.876 Y163.468 E.01381
G1 X169.274 Y163.713 E.03188
G1 X167.654 Y163.767 E.03188
G1 X167.053 Y163.739 E.01183
G1 X166.048 Y163.633 E.01988
G1 X165.211 Y163.474 E.01676
G1 X164.467 Y163.312 E.01498
G1 X163.451 Y162.977 E.02104
G1 X162.649 Y162.691 E.01675
G1 X161.526 Y162.154 E.02448
G1 X160.586 Y161.608 E.02138
G1 X160.029 Y161.23 E.01324
G1 X158.812 Y160.266 E.03054
G1 X138.794 Y142.396 E.5278
G1 X137.729 Y141.566 E.02656
G1 X137.154 Y141.204 E.01336
G1 X136.539 Y140.873 E.01374
G1 X135.283 Y140.351 E.02675
G1 X133.975 Y140.001 E.02663
G1 X133.336 Y139.896 E.01274
G1 X132.343 Y139.828 E.01958
G1 X131.27 Y139.834 E.02111
G1 X129.926 Y140.021 E.02669
G1 X129.309 Y140.169 E.01248
G1 X128.6 Y140.391 E.01461
G1 X127.35 Y140.929 E.02677
G1 X126.189 Y141.623 E.0266
G1 X125.615 Y142.055 E.01413
G1 X125.118 Y142.476 E.01281
G1 X124.193 Y143.439 E.02626
G1 X123.902 Y143.834 E.00965
G1 X123.232 Y144.794 E.02303
G1 X122.986 Y145.236 E.00995
G1 X122.724 Y145.752 E.01138
G1 X122.257 Y146.974 E.02573
G1 E-1 F1200
G1 X119.638 Y149.746 F9000
G1 E1 F1500
M73 P51 R6
;TYPE:Sparse infill
;WIDTH:0.42
G1 F7200
G1 X120.409 Y150.517 E.02145
G1 E-1 F1200
G1 X131.65 Y137.671 F9000
G1 E1 F1500
G1 F7200
G1 X132.393 Y138.415 E.02069
G1 E-1 F1200
G1 X145.31 Y145.31 F9000
G1 E1 F1500
G1 F7200
G1 X154.69 Y154.69 E.26094
G1 E-1 F1200
G1 X167.607 Y161.585 F9000
G1 E1 F1500
G1 F7200
G1 X168.35 Y162.329 E.02069
G1 E-1 F1200
G1 X180.361 Y150.253 F9000
G1 E1 F1500
G1 F7200
G1 X179.596 Y149.489 E.02126
; stop printing object s+hook+20mm id:0 copy 0
; FIBER RESERVE: mode=band strands=1 removed=2
M400
G1 E-10 F1200
MOVE_TO_BRUSH_STATION
CLEAN_NOZZLE
M104 S150 T1 ; standby
M104 S270 T0 ; pre-charge
M109 S270 T0
MOVE_OUT_BRUSH_STATION
M106 P2 S181 ; fibre-side cooling, fan4, owned by T0 (depositing)
M106 P1 S0 ; part-cooling, fan3, owned by T1 (idle)
M106 P3 S255 ; auxiliary fan on while T0 deposits
M106 P5 S255 ; exhaust fan on while T0 deposits
T0 ; switch extruder type to:FIBER
; LAYER:17 [2.16]
M1001 L234
G1 F1200 Z3.36
G1 X155.55 Y153.76 F1200
G1 F1200 U55.000 ; Extrude restart
G1 F1200 Z2.16
G1 F600 V1.000 ; Recover matrix retract
G1 F600 V3.000 ; Matrix prime
G1 X160.63 Y158.30 V0.227 U6.674 P0.034 F300
G1 X161.45 Y158.94 V0.035 U1.027 P0.034 F300
G1 X161.76 Y159.17 V0.013 U0.370 P0.034 F300
G1 X162.07 Y159.38 V0.013 U0.370 P0.034 F300
G1 X162.39 Y159.58 V0.013 U0.370 P0.034 F300
G1 X162.73 Y159.76 V0.013 U0.379 P0.034 F300
G1 X163.08 Y159.94 V0.013 U0.379 P0.034 F300
G1 X163.43 Y160.09 V0.013 U0.379 P0.034 F300
G1 X163.75 Y160.23 V0.012 U0.342 P0.034 F300
G1 X164.43 Y160.48 V0.024 U0.714 P0.034 F300
G1 X165.13 Y160.70 V0.024 U0.714 P0.034 F300
G1 X165.48 Y160.79 V0.012 U0.354 P0.034 F300
G1 X165.84 Y160.88 V0.012 U0.360 P0.034 F300
G1 X166.20 Y160.94 V0.012 U0.360 P0.034 F300
G1 X166.56 Y160.99 V0.012 U0.360 P0.034 F300
G1 X166.93 Y161.03 V0.012 U0.360 P0.034 F300
G1 X167.63 Y161.08 V0.023 U0.689 P0.034 F300
G1 X168.21 Y161.07 V0.019 U0.571 P0.034 F300
G1 X168.79 Y161.05 V0.019 U0.570 P0.034 F600
G1 X169.37 Y160.99 V0.019 U0.570 P0.034 F600
G1 X169.89 Y160.92 V0.017 U0.514 P0.034 F600
G1 X170.24 Y160.86 V0.012 U0.347 P0.034 F600
G1 X170.59 Y160.79 V0.012 U0.347 P0.034 F600
G1 X170.93 Y160.70 V0.012 U0.348 P0.034 F600
G1 X171.32 Y160.58 V0.014 U0.402 P0.034 F600
G1 X171.71 Y160.45 V0.014 U0.401 P0.034 F600
G1 X172.09 Y160.30 V0.014 U0.401 P0.034 F600
G1 X172.39 Y160.17 V0.011 U0.320 P0.034 F600
G1 X173.05 Y159.86 V0.024 U0.715 P0.034 F600
G1 X173.69 Y159.50 V0.024 U0.715 P0.034 F600
G1 X173.98 Y159.33 V0.011 U0.328 P0.034 F600
G1 X174.31 Y159.12 V0.013 U0.388 P0.034 F600
G1 X174.63 Y158.89 V0.013 U0.388 P0.034 F600
G1 X174.95 Y158.65 V0.013 U0.388 P0.034 F600
G1 X175.22 Y158.42 V0.012 U0.353 P0.034 F600
G1 X175.49 Y158.18 V0.012 U0.353 P0.034 F600
G1 X175.75 Y157.93 V0.012 U0.353 P0.034 F600
G1 X175.97 Y157.70 V0.011 U0.314 P0.034 F600
G1 X176.43 Y157.19 V0.023 U0.665 P0.034 F600
G1 X176.84 Y156.66 V0.023 U0.665 P0.034 F600
G1 X177.37 Y155.92 V0.030 U0.887 P0.034 F600
M73 P52 R6
G1 X177.53 Y155.68 V0.010 U0.280 P0.034 F600
G1 X177.67 Y155.44 V0.010 U0.280 P0.034 F600
G1 X177.81 Y155.19 V0.010 U0.280 P0.034 F600
G1 X177.96 Y154.90 V0.011 U0.315 P0.034 F600
G1 X178.10 Y154.61 V0.011 U0.315 P0.034 F600
G1 X178.22 Y154.31 V0.011 U0.315 P0.034 F600
G1 X178.36 Y153.93 V0.014 U0.398 P0.034 F600
G1 X178.60 Y153.25 V0.024 U0.712 P0.034 F600
G1 X178.79 Y152.55 V0.024 U0.712 P0.034 F600
G1 X178.84 Y152.32 V0.008 U0.224 P0.034 F600
G1 X178.95 Y151.81 V0.018 U0.519 P0.034 F600
G1 X179.02 Y151.28 V0.018 U0.519 P0.034 F600
G1 X179.03 Y151.18 V0.003 U0.095 P0.034 F600
G1 X179.07 Y150.75 V0.014 U0.425 P0.034 F600
G1 X179.09 Y150.32 V0.014 U0.425 P0.034 F600
G1 X179.10 Y149.89 V0.014 U0.425 P0.034 F600
G1 X179.08 Y149.43 V0.015 U0.442 P0.034 F600
G1 X179.06 Y148.99 V0.015 U0.441 P0.034 F600
G1 X179.00 Y148.54 V0.015 U0.441 P0.034 F600
G1 X178.86 Y147.72 V0.028 U0.818 P0.034 F600
G1 X178.81 Y147.42 V0.010 U0.299 P0.034 F600
G1 X178.74 Y147.12 V0.010 U0.299 P0.034 F600
G1 X178.66 Y146.82 V0.010 U0.299 P0.034 F600
G1 X178.46 Y146.25 V0.020 U0.598 P0.034 F600
G1 X178.26 Y145.73 V0.018 U0.544 P0.034 F600
G1 X178.00 Y145.18 V0.020 U0.597 P0.034 F600
G1 X177.72 Y144.64 V0.020 U0.596 P0.034 F600
G1 X177.41 Y144.11 V0.020 U0.596 P0.034 F600
G1 X177.12 Y143.66 V0.018 U0.526 P0.034 F600
G1 X176.96 Y143.41 V0.010 U0.292 P0.034 F600
G1 X176.78 Y143.17 V0.010 U0.292 P0.034 F600
G1 X176.60 Y142.94 V0.010 U0.292 P0.034 F600
G1 X176.29 Y142.59 V0.015 U0.453 P0.034 F600
G1 X175.97 Y142.26 V0.015 U0.453 P0.034 F600
G1 X175.64 Y141.94 V0.015 U0.453 P0.034 F600
G1 X175.43 Y141.75 V0.009 U0.271 P0.034 F600
G1 X174.87 Y141.27 V0.025 U0.723 P0.034 F600
G1 X174.28 Y140.84 V0.025 U0.723 P0.034 F600
G1 X173.65 Y140.44 V0.025 U0.724 P0.034 F600
G1 X173.01 Y140.09 V0.024 U0.716 P0.034 F600
G1 X172.35 Y139.78 V0.024 U0.716 P0.034 F600
G1 X171.67 Y139.52 V0.024 U0.716 P0.034 F600
G1 X171.50 Y139.46 V0.006 U0.172 P0.034 F600
G1 X170.94 Y139.28 V0.020 U0.580 P0.034 F600
G1 X170.36 Y139.14 V0.020 U0.580 P0.034 F600
G1 X169.78 Y139.02 V0.020 U0.581 P0.034 F600
G1 X169.32 Y138.95 V0.016 U0.462 P0.034 F600
G1 X169.24 Y138.94 V0.002 U0.071 P0.034 F600
G1 X169.17 Y138.92 V0.002 U0.071 P0.034 F600
G1 X169.10 Y138.90 V0.002 U0.071 P0.034 F600
G1 X169.10 Y137.24 V0.055 U1.631 P0.034 F600
G1 X169.10 Y137.21 V0.001 U0.030 P0.034 F600
G1 X169.11 Y137.18 V0.001 U0.030 P0.034 F600
G1 X169.11 Y137.15 V0.001 U0.030 P0.034 F600
G1 X169.47 Y137.18 V0.012 U0.350 P0.034 F600
G1 X170.39 Y137.35 V0.031 U0.915 P0.034 F600
G1 X171.07 Y137.49 V0.023 U0.690 P0.034 F600
G1 X171.75 Y137.68 V0.023 U0.690 P0.034 F600
G1 X172.44 Y137.89 V0.024 U0.703 P0.034 F600
G1 X173.09 Y138.14 V0.023 U0.682 P0.034 F600
G1 X173.44 Y138.31 V0.013 U0.385 P0.034 F600
G1 X173.79 Y138.48 V0.013 U0.385 P0.034 F600
G1 X174.14 Y138.67 V0.013 U0.385 P0.034 F600
G1 X174.50 Y138.88 V0.014 U0.412 P0.034 F600
G1 X175.10 Y139.26 V0.024 U0.692 P0.034 F600
G1 X175.68 Y139.66 V0.024 U0.692 P0.034 F600
G1 X176.29 Y140.13 V0.026 U0.754 P0.034 F600
G1 X176.64 Y140.42 V0.015 U0.450 P0.034 F600
G1 X177.42 Y141.19 V0.036 U1.071 P0.034 F600
G1 X178.08 Y141.95 V0.033 U0.985 P0.034 F600
G1 X178.22 Y142.14 V0.008 U0.236 P0.034 F600
M73 P52 R5
G1 X178.37 Y142.34 V0.008 U0.236 P0.034 F600
G1 X178.50 Y142.54 V0.008 U0.236 P0.034 F600
G1 X178.91 Y143.18 V0.025 U0.743 P0.034 F600
G1 X179.26 Y143.76 V0.023 U0.672 P0.034 F600
G1 X179.58 Y144.37 V0.023 U0.672 P0.034 F600
G1 X179.88 Y144.99 V0.023 U0.672 P0.034 F600
G1 X180.15 Y145.68 V0.025 U0.732 P0.034 F600
G1 X180.26 Y146.04 V0.012 U0.360 P0.034 F600
G1 X180.36 Y146.39 V0.012 U0.360 P0.034 F600
G1 X180.45 Y146.74 V0.012 U0.360 P0.034 F600
G1 X180.59 Y147.35 V0.021 U0.614 P0.034 F600
G1 X180.69 Y147.88 V0.018 U0.522 P0.034 F600
G1 X180.77 Y148.40 V0.018 U0.522 P0.034 F600
G1 X180.82 Y148.94 V0.018 U0.523 P0.034 F600
G1 X180.85 Y149.40 V0.015 U0.453 P0.034 F600
G1 X180.87 Y149.86 V0.015 U0.452 P0.034 F600
G1 X180.87 Y150.32 V0.015 U0.452 P0.034 F600
G1 X180.87 Y150.37 V0.002 U0.048 P0.034 F600
G1 X180.84 Y150.88 V0.017 U0.501 P0.034 F600
G1 X180.79 Y151.39 V0.017 U0.501 P0.034 F600
G1 X180.76 Y151.64 V0.008 U0.247 P0.034 F600
G1 X180.64 Y152.37 V0.025 U0.732 P0.034 F600
G1 X180.47 Y153.10 V0.025 U0.732 P0.034 F600
G1 X180.40 Y153.39 V0.010 U0.294 P0.034 F600
G1 X180.21 Y154.03 V0.022 U0.650 P0.034 F600
G1 X179.99 Y154.65 V0.022 U0.650 P0.034 F600
G1 X179.75 Y155.27 V0.022 U0.651 P0.034 F600
G1 X179.40 Y155.99 V0.027 U0.781 P0.034 F600
G1 X179.06 Y156.59 V0.023 U0.673 P0.034 F600
G1 X178.60 Y157.27 V0.027 U0.807 P0.034 F600
G1 X178.19 Y157.84 V0.023 U0.690 P0.034 F600
G1 X177.74 Y158.38 V0.023 U0.690 P0.034 F600
G1 X177.20 Y159.01 V0.028 U0.811 P0.034 F600
G1 X176.85 Y159.35 V0.016 U0.480 P0.034 F600
G1 X176.10 Y160.01 V0.033 U0.977 P0.034 F600
G1 X175.26 Y160.62 V0.035 U1.022 P0.034 F600
G1 X174.88 Y160.88 V0.015 U0.444 P0.034 F600
G1 X173.77 Y161.49 V0.042 U1.244 P0.034 F600
G1 X173.55 Y161.60 V0.008 U0.241 P0.034 F600
G1 X173.33 Y161.71 V0.008 U0.241 P0.034 F600
G1 X173.10 Y161.80 V0.008 U0.241 P0.034 F600
G1 X172.13 Y162.19 V0.035 U1.021 P0.034 F600
G1 X171.32 Y162.43 V0.028 U0.830 P0.034 F600
G1 X170.70 Y162.58 V0.021 U0.625 P0.034 F600
G1 X169.89 Y162.70 V0.027 U0.807 P0.034 F600
G1 X169.19 Y162.79 V0.023 U0.690 P0.034 F600
G1 X168.49 Y162.83 V0.023 U0.690 P0.034 F600
G1 X167.66 Y162.86 V0.028 U0.810 P0.034 F600
G1 X167.12 Y162.84 V0.018 U0.528 P0.034 F600
G1 X166.18 Y162.74 V0.032 U0.928 P0.034 F600
G1 X165.39 Y162.59 V0.027 U0.787 P0.034 F600
G1 X165.05 Y162.51 V0.012 U0.344 P0.034 F600
G1 X164.71 Y162.43 V0.012 U0.344 P0.034 F600
G1 X164.37 Y162.33 V0.012 U0.344 P0.034 F600
G1 X163.74 Y162.12 V0.022 U0.648 P0.034 F600
G1 X163.37 Y161.99 V0.013 U0.389 P0.034 F600
G1 X163.00 Y161.85 V0.013 U0.388 P0.034 F600
G1 X162.64 Y161.68 V0.013 U0.388 P0.034 F600
G1 X161.95 Y161.35 V0.026 U0.750 P0.034 F600
M104 S250 T1 ; FS_PREHEAT next_tool=1 lead_s=15
G1 X161.07 Y160.84 V0.034 U0.998 P0.034 F600
G1 X160.57 Y160.50 V0.020 U0.596 P0.034 F600
G1 X159.39 Y159.57 V0.050 U1.463 P0.034 F600
G1 X139.37 Y141.70 V0.894 U26.301 P0.034 F600
G1 X138.55 Y141.06 V0.035 U1.027 P0.034 F600
M73 P53 R5
G1 X138.24 Y140.83 V0.013 U0.370 P0.034 F600
G1 X137.93 Y140.62 V0.013 U0.370 P0.034 F600
G1 X137.61 Y140.42 V0.013 U0.370 P0.034 F600
G1 X137.27 Y140.24 V0.013 U0.379 P0.034 F600
G1 X136.92 Y140.06 V0.013 U0.379 P0.034 F600
G1 X136.57 Y139.91 V0.013 U0.379 P0.034 F600
G1 X136.25 Y139.77 V0.012 U0.342 P0.034 F600
G1 X135.57 Y139.52 V0.024 U0.714 P0.034 F600
G1 X134.87 Y139.30 V0.024 U0.714 P0.034 F600
G1 X134.52 Y139.21 V0.012 U0.354 P0.034 F600
G1 X134.16 Y139.12 V0.012 U0.360 P0.034 F600
G1 X133.80 Y139.06 V0.012 U0.360 P0.034 F600
G1 X133.44 Y139.01 V0.012 U0.360 P0.034 F600
G1 X133.07 Y138.97 V0.012 U0.360 P0.034 F600
G1 X132.37 Y138.92 V0.023 U0.689 P0.034 F600
G1 X131.79 Y138.93 V0.019 U0.571 P0.034 F600
G1 X131.21 Y138.95 V0.019 U0.570 P0.034 F600
G1 X130.63 Y139.01 V0.019 U0.570 P0.034 F600
G1 X130.11 Y139.08 V0.017 U0.514 P0.034 F600
G1 X129.76 Y139.14 V0.012 U0.347 P0.034 F600
G1 X129.41 Y139.21 V0.012 U0.347 P0.034 F600
G1 X129.07 Y139.30 V0.012 U0.348 P0.034 F600
G1 X128.68 Y139.42 V0.014 U0.402 P0.034 F600
G1 X128.29 Y139.55 V0.014 U0.401 P0.034 F600
G1 X127.91 Y139.70 V0.014 U0.401 P0.034 F600
G1 X127.61 Y139.83 V0.011 U0.320 P0.034 F600
G1 X126.95 Y140.14 V0.024 U0.715 P0.034 F600
G1 X126.31 Y140.50 V0.024 U0.715 P0.034 F600
G1 X126.02 Y140.67 V0.011 U0.328 P0.034 F600
G1 X125.69 Y140.88 V0.013 U0.388 P0.034 F600
G1 X125.37 Y141.11 V0.013 U0.388 P0.034 F600
G1 X125.05 Y141.35 V0.013 U0.388 P0.034 F600
G1 X124.77 Y141.58 V0.012 U0.354 P0.034 F600
G1 X124.51 Y141.82 V0.012 U0.354 P0.034 F600
G1 X124.25 Y142.08 V0.012 U0.354 P0.034 F600
G1 X123.69 Y142.65 V0.027 U0.783 P0.034 F600
G1 X123.51 Y142.86 V0.009 U0.275 P0.034 F600
G1 X123.33 Y143.08 V0.009 U0.275 P0.034 F600
G1 X123.17 Y143.31 V0.009 U0.275 P0.034 F600
G1 X122.63 Y144.08 V0.031 U0.924 P0.034 F600
G1 X122.47 Y144.32 V0.009 U0.279 P0.034 F600
G1 X122.33 Y144.56 V0.009 U0.279 P0.034 F600
G1 X122.19 Y144.81 V0.009 U0.279 P0.034 F600
G1 X122.04 Y145.10 V0.011 U0.315 P0.034 F600
G1 X121.90 Y145.39 V0.011 U0.315 P0.034 F600
G1 X121.78 Y145.69 V0.011 U0.315 P0.034 F600
G1 X121.64 Y146.07 V0.014 U0.398 P0.034 F600
G1 X121.40 Y146.75 V0.024 U0.712 P0.034 F600
G1 X121.21 Y147.45 V0.024 U0.712 P0.034 F600
G1 X121.11 Y147.85 V0.014 U0.404 P0.034 F600
G1 X121.05 Y148.17 V0.011 U0.314 P0.034 F600
G1 X121.00 Y148.48 V0.011 U0.314 P0.034 F600
G1 X120.95 Y148.80 V0.011 U0.314 P0.034 F600
G1 X120.92 Y149.24 V0.015 U0.435 P0.034 F600
G1 X120.90 Y149.69 V0.015 U0.435 P0.034 F600
G1 X120.91 Y150.13 V0.015 U0.435 P0.034 F600
G1 X120.93 Y150.74 V0.020 U0.600 P0.034 F600
G1 X120.96 Y151.15 V0.014 U0.403 P0.034 F600
G1 X121.01 Y151.56 V0.014 U0.403 P0.034 F600
G1 X121.08 Y151.97 V0.014 U0.404 P0.034 F600
G1 X121.14 Y152.29 V0.011 U0.321 P0.034 F600
G1 X121.19 Y152.59 V0.010 U0.297 P0.034 F600
G1 X121.26 Y152.88 V0.010 U0.297 P0.034 F600
G1 X121.34 Y153.17 V0.010 U0.297 P0.034 F600
G1 X121.54 Y153.75 V0.020 U0.598 P0.034 F600
G1 X121.74 Y154.27 V0.018 U0.544 P0.034 F600
G1 X122.00 Y154.82 V0.020 U0.597 P0.034 F600
G1 X122.28 Y155.36 V0.020 U0.596 P0.034 F600
G1 X122.59 Y155.89 V0.020 U0.596 P0.034 F600
G1 X122.88 Y156.34 V0.018 U0.526 P0.034 F600
G1 X123.04 Y156.59 V0.010 U0.292 P0.034 F600
G1 X123.22 Y156.83 V0.010 U0.292 P0.034 F600
G1 X123.40 Y157.06 V0.010 U0.292 P0.034 F600
G1 X123.71 Y157.41 V0.016 U0.456 P0.034 F600
G1 X124.03 Y157.75 V0.016 U0.456 P0.034 F600
G1 X124.37 Y158.07 V0.016 U0.456 P0.034 F600
G1 X124.57 Y158.25 V0.009 U0.265 P0.034 F600
G1 X125.13 Y158.73 V0.024 U0.720 P0.034 F600
G1 X125.72 Y159.16 V0.024 U0.720 P0.034 F600
G1 X126.35 Y159.56 V0.025 U0.727 P0.034 F600
G1 X126.99 Y159.91 V0.024 U0.716 P0.034 F600
G1 X127.65 Y160.22 V0.024 U0.716 P0.034 F600
G1 X128.33 Y160.48 V0.024 U0.716 P0.034 F600
G1 X128.50 Y160.54 V0.006 U0.172 P0.034 F600
G1 X129.06 Y160.72 V0.020 U0.580 P0.034 F600
G1 X129.64 Y160.86 V0.020 U0.580 P0.034 F600
G1 X130.22 Y160.98 V0.020 U0.581 P0.034 F600
G1 X130.68 Y161.05 V0.016 U0.462 P0.034 F600
G1 X130.76 Y161.06 V0.002 U0.071 P0.034 F600
G1 X130.83 Y161.08 V0.002 U0.071 P0.034 F600
G1 X130.90 Y161.10 V0.002 U0.072 P0.034 F600
G1 X130.90 Y162.78 V0.056 U1.644 P0.034 F600
G1 X130.90 Y162.80 V0.001 U0.026 P0.034 F600
G1 X130.89 Y162.83 V0.001 U0.026 P0.034 F600
G1 X130.89 Y162.85 V0.001 U0.026 P0.034 F600
G1 X130.53 Y162.82 V0.012 U0.352 P0.034 F600
G1 X129.61 Y162.65 V0.031 U0.915 P0.034 F600
G1 X128.93 Y162.51 V0.023 U0.690 P0.034 F600
G1 X128.25 Y162.32 V0.023 U0.690 P0.034 F600
G1 X127.56 Y162.11 V0.024 U0.703 P0.034 F600
G1 X126.91 Y161.86 V0.023 U0.682 P0.034 F600
G1 X126.56 Y161.69 V0.013 U0.385 P0.034 F600
G1 X126.21 Y161.52 V0.013 U0.385 P0.034 F600
G1 X125.86 Y161.33 V0.013 U0.385 P0.034 F600
G1 X125.50 Y161.12 V0.014 U0.412 P0.034 F600
G1 X124.90 Y160.74 V0.024 U0.692 P0.034 F600
G1 X124.32 Y160.34 V0.024 U0.692 P0.034 F600
M73 P54 R5
G1 X123.71 Y159.87 V0.026 U0.754 P0.034 F600
G1 X123.36 Y159.58 V0.015 U0.450 P0.034 F600
G1 X122.58 Y158.81 V0.036 U1.071 P0.034 F600
G1 X121.92 Y158.05 V0.033 U0.985 P0.034 F600
G1 X121.78 Y157.86 V0.008 U0.236 P0.034 F600
G1 X121.63 Y157.66 V0.008 U0.236 P0.034 F600
G1 X121.50 Y157.46 V0.008 U0.236 P0.034 F600
G1 X121.09 Y156.82 V0.025 U0.743 P0.034 F600
G1 X120.74 Y156.24 V0.023 U0.672 P0.034 F600
G1 X120.42 Y155.63 V0.023 U0.672 P0.034 F600
G1 X120.13 Y155.02 V0.022 U0.660 P0.034 F600
; Start to cut
M2800
M400
;CUT DISTANCE 54.8
G1 X119.85 Y154.32 V0.018 F600
G1 X119.63 Y153.61 V0.018 F600
G1 X119.47 Y152.94 V0.017 F600
G1 X119.33 Y152.26 V0.017 F600
G1 X119.24 Y151.58 V0.017 F600
G1 X119.13 Y150.60 V0.024 F600
G1 X119.12 Y150.16 V0.011 F600
G1 X119.13 Y149.64 V0.012 F600
G1 X119.16 Y149.12 V0.012 F600
G1 X119.21 Y148.61 V0.012 F600
G1 X119.24 Y148.36 V0.006 F600
G1 X119.36 Y147.63 V0.018 F600
G1 X119.53 Y146.90 V0.018 F600
G1 X119.61 Y146.58 V0.008 F600
G1 X119.79 Y145.97 V0.015 F600
G1 X120.00 Y145.37 V0.015 F600
G1 X120.23 Y144.77 V0.015 F600
G1 X120.25 Y144.73 V0.001 F600
G1 X120.60 Y144.01 V0.019 F600
G1 X120.94 Y143.41 V0.017 F600
G1 X121.34 Y142.81 V0.017 F600
G1 X121.76 Y142.24 V0.017 F600
G1 X122.20 Y141.69 V0.017 F600
G1 X122.80 Y140.99 V0.022 F600
G1 X123.15 Y140.65 V0.012 F600
G1 X123.90 Y139.99 V0.024 F600
G1 X124.74 Y139.38 V0.025 F600
G1 X125.12 Y139.12 V0.011 F600
G1 X126.23 Y138.51 V0.030 F600
G1 X126.45 Y138.40 V0.006 F600
G1 X126.67 Y138.29 V0.006 F600
G1 X126.90 Y138.20 V0.006 F600
G1 X127.87 Y137.81 V0.025 F600
G1 X128.68 Y137.57 V0.020 F600
G1 X129.30 Y137.42 V0.015 F600
G1 X130.11 Y137.30 V0.020 F600
G1 X130.81 Y137.21 V0.017 F600
G1 X131.51 Y137.17 V0.017 F600
G1 X132.34 Y137.14 V0.020 F600
G1 X132.88 Y137.16 V0.013 F600
G1 X133.82 Y137.26 V0.023 F600
G1 X134.61 Y137.41 V0.019 F600
G1 X134.95 Y137.49 V0.008 F600
G1 X135.29 Y137.57 V0.008 F600
G1 X135.63 Y137.67 V0.008 F600
G1 X136.26 Y137.88 V0.016 F600
G1 X136.63 Y138.01 V0.010 F600
G1 X137.00 Y138.15 V0.010 F600
G1 X137.36 Y138.32 V0.010 F600
G1 X138.05 Y138.65 V0.018 F600
G1 X138.93 Y139.16 V0.024 F600
G1 X139.43 Y139.50 V0.015 F600
G1 X140.61 Y140.43 V0.036 F600
G1 X155.55 Y153.76 V0.480 F600
; Cutting completed.
G1 F600 V-1.000 ; Retract
; FS_RELEASE_BEGIN length_mm=6.800 speed_mm_s=10.000
G1 X160.619 Y158.292 F600
; FS_RELEASE_END physical_clearance=unmeasured
M1002
M400
G1 F600 V-4.000 ; Toolchange matrix retract
G1 F1200 Z2.76
MOVE_TO_BRUSH_STATION
CLEAN_NOZZLE
M104 S180 T0 ; standby
M104 S250 T1 ; pre-charge
M109 S250 T1
MOVE_OUT_BRUSH_STATION
M106 P2 S0 ; fibre-side cooling, fan4, owned by T0 (idle)
M106 P1 S181 ; part-cooling, fan3, owned by T1 (depositing)
M106 P3 S0 ; auxiliary fan off while T1 deposits
M106 P5 S0 ; exhaust fan off while T1 deposits
T1 ; switch extruder type to:PLASTIC
; FIBER TURNS: 80 joints tighter than 12.00 mm, policy=keep, splits=0
M106 S181
;LAYER_CHANGE
;Z:2.28
;HEIGHT:0.12
;_SET_FAN_SPEED_CHANGING_LAYER
; printing object s+hook+20mm id:0 copy 0
M104 S270 T0 ; FS_PREHEAT next_tool=0 lead_s=15
G1 X178.572 Y149.055 Z2.28 F9000
G1 Z2.28 F9000
G1 E10 F1500
;TYPE:Inner wall
;WIDTH:0.419999
G1 F7200
G1 X178.571 Y149.005 E.00098
G1 X178.323 Y147.499 E.03002
M73 P55 R5
G1 X178.179 Y146.963 E.01092
G1 X177.997 Y146.428 E.01112
G1 X177.797 Y145.92 E.01074
G1 X177.29 Y144.845 E.02338
G1 X176.557 Y143.696 E.02681
G1 X176.207 Y143.247 E.0112
G1 X175.611 Y142.581 E.01758
G1 X175.088 Y142.099 E.01399
G1 X174.555 Y141.632 E.01394
G1 X173.388 Y140.835 E.0278
G1 X172.146 Y140.208 E.02737
G1 X170.785 Y139.738 E.02832
G1 X169.705 Y139.516 E.02169
G1 X169.092 Y139.423 E.0122
G1 X168.808 Y139.339 E.00583
G1 X168.64 Y139.138 E.00515
G1 X168.606 Y138.966 E.00345
G1 X168.604 Y137.134 E.03603
G1 X168.648 Y136.873 E.00521
G1 X168.804 Y136.708 E.00447
G1 X169.02 Y136.65 E.0044
G1 X169.535 Y136.688 E.01016
G1 X171.196 Y136.987 E.0332
G1 X172.604 Y137.416 E.02895
G1 X173.284 Y137.687 E.0144
G1 X174.03 Y138.035 E.01619
G1 X175.379 Y138.817 E.03067
G1 X176.524 Y139.677 E.02817
G1 X176.977 Y140.057 E.01163
G1 X177.784 Y140.851 E.02227
G1 X178.468 Y141.647 E.02064
G1 X178.777 Y142.047 E.00994
G1 X179.713 Y143.511 E.03418
G1 X180.334 Y144.79 E.02797
G1 X180.617 Y145.519 E.01538
G1 X180.853 Y146.254 E.01518
G1 X181.202 Y147.793 E.03104
G1 X181.319 Y148.901 E.02191
G1 X181.382 Y149.841 E.01853
G1 X181.349 Y150.922 E.02127
G1 X181.226 Y152.014 E.02161
G1 X181.137 Y152.516 E.01003
G1 X180.741 Y154.093 E.03198
G1 X180.204 Y155.473 E.02913
G1 X179.84 Y156.22 E.01634
G1 X179.486 Y156.85 E.01421
G1 X178.596 Y158.155 E.03107
G1 X177.559 Y159.348 E.03109
G1 X177.185 Y159.715 E.01031
G1 X176.407 Y160.394 E.02031
G1 X175.688 Y160.924 E.01757
G1 X175.141 Y161.3 E.01306
G1 X173.996 Y161.93 E.02571
G1 X173.542 Y162.163 E.01004
G1 X172.296 Y162.656 E.02636
G1 X171.452 Y162.912 E.01735
G1 X170.798 Y163.069 E.01323
G1 X169.237 Y163.307 E.03106
G1 X167.657 Y163.36 E.03109
G1 X167.084 Y163.333 E.01128
G1 X166.108 Y163.23 E.0193
G1 X165.287 Y163.074 E.01644
G1 X164.581 Y162.92 E.01421
G1 X163.578 Y162.59 E.02077
G1 X162.814 Y162.319 E.01594
G1 X161.702 Y161.787 E.02425
G1 X160.812 Y161.269 E.02025
G1 X160.282 Y160.911 E.01258
G1 X159.075 Y159.954 E.0303
G1 X139.055 Y142.084 E.52783
G1 X137.963 Y141.233 E.02723
G1 X137.348 Y140.846 E.01429
G1 X136.696 Y140.497 E.01455
G1 X135.389 Y139.957 E.02782
G1 X134.042 Y139.599 E.02741
G1 X133.375 Y139.491 E.01329
G1 X132.341 Y139.421 E.02038
G1 X131.241 Y139.427 E.02164
G1 X129.849 Y139.62 E.02764
G1 X129.188 Y139.781 E.01338
G1 X128.439 Y140.017 E.01545
G1 X127.141 Y140.579 E.02782
G1 X125.947 Y141.295 E.02738
G1 X125.353 Y141.744 E.01465
G1 X124.825 Y142.194 E.01365
G1 X123.878 Y143.18 E.02689
G1 X123.573 Y143.593 E.0101
G1 X122.883 Y144.586 E.02378
G1 X122.623 Y145.052 E.0105
G1 X122.344 Y145.607 E.01222
G1 X121.852 Y146.891 E.02705
G1 X121.529 Y148.259 E.02765
G1 X121.446 Y148.866 E.01205
G1 X121.388 Y149.717 E.01678
G1 X121.415 Y150.487 E.01515
G1 X121.442 Y151.13 E.01266
G1 X121.677 Y152.501 E.02736
G1 X121.821 Y153.037 E.01092
G1 X122.003 Y153.572 E.01112
G1 X122.203 Y154.08 E.01074
G1 X122.71 Y155.155 E.02338
G1 X123.443 Y156.304 E.02681
G1 X123.793 Y156.753 E.0112
G1 X124.389 Y157.419 E.01758
G1 X124.912 Y157.901 E.01399
G1 X125.445 Y158.368 E.01394
G1 X126.612 Y159.165 E.0278
G1 X127.854 Y159.792 E.02737
G1 X129.215 Y160.262 E.02832
G1 X130.295 Y160.484 E.02169
G1 X130.908 Y160.577 E.0122
G1 X131.192 Y160.661 E.00583
G1 X131.36 Y160.862 E.00515
G1 X131.394 Y161.034 E.00345
G1 X131.396 Y162.872 E.03615
G1 X131.356 Y163.122 E.00498
G1 X131.22 Y163.276 E.00404
G1 X130.984 Y163.348 E.00485
G1 X130.465 Y163.312 E.01023
G1 X128.804 Y163.013 E.0332
G1 X127.396 Y162.584 E.02895
G1 X126.716 Y162.313 E.0144
G1 X125.97 Y161.965 E.01619
G1 X124.621 Y161.183 E.03067
G1 X123.476 Y160.323 E.02817
G1 X123.023 Y159.943 E.01163
G1 X122.216 Y159.149 E.02227
G1 X121.532 Y158.353 E.02064
G1 X121.223 Y157.953 E.00994
G1 X120.287 Y156.489 E.03418
G1 X119.666 Y155.21 E.02797
G1 X119.383 Y154.481 E.01538
G1 X119.147 Y153.744 E.01522
G1 X118.823 Y152.352 E.02811
G1 X118.638 Y150.69 E.03289
G1 X118.618 Y150.159 E.01045
G1 X118.651 Y149.078 E.02127
G1 X118.774 Y147.986 E.02161
G1 X118.863 Y147.484 E.01003
G1 X119.259 Y145.907 E.03198
G1 X119.796 Y144.527 E.02913
G1 X120.16 Y143.78 E.01634
G1 X120.515 Y143.149 E.01424
G1 X121.344 Y141.923 E.02911
G1 X122.442 Y140.652 E.03304
G1 X122.815 Y140.285 E.01029
G1 X123.593 Y139.606 E.02031
G1 X124.312 Y139.076 E.01757
G1 X124.859 Y138.7 E.01306
G1 X126.004 Y138.07 E.02571
G1 X126.458 Y137.837 E.01004
G1 X127.704 Y137.344 E.02636
G1 X128.548 Y137.088 E.01735
G1 X129.202 Y136.931 E.01323
G1 X130.763 Y136.693 E.03106
G1 X132.343 Y136.64 E.03109
G1 X132.916 Y136.667 E.01128
G1 X133.892 Y136.77 E.0193
G1 X134.713 Y136.926 E.01644
G1 X135.419 Y137.08 E.01421
G1 X136.422 Y137.41 E.02077
G1 X137.186 Y137.681 E.01594
G1 X138.298 Y138.213 E.02425
G1 X139.188 Y138.731 E.02025
G1 X139.718 Y139.089 E.01258
G1 X140.925 Y140.046 E.0303
G1 X160.945 Y157.916 E.52783
G1 X162.037 Y158.767 E.02723
G1 X162.652 Y159.154 E.01429
G1 X163.304 Y159.503 E.01455
G1 X164.611 Y160.043 E.02782
G1 X165.958 Y160.401 E.02741
G1 X166.625 Y160.509 E.01329
G1 X167.659 Y160.579 E.02038
G1 X168.759 Y160.573 E.02164
G1 X170.151 Y160.38 E.02764
G1 X170.812 Y160.219 E.01338
G1 X171.561 Y159.983 E.01545
G1 X172.859 Y159.421 E.02782
G1 X174.053 Y158.705 E.02738
G1 X174.647 Y158.256 E.01465
G1 X175.173 Y157.808 E.01359
G1 X176.064 Y156.888 E.02519
G1 X176.372 Y156.475 E.01013
G1 X177.119 Y155.411 E.02557
G1 X177.377 Y154.948 E.01043
G1 X177.656 Y154.393 E.01222
G1 X178.148 Y153.109 E.02705
G1 X178.475 Y151.725 E.02797
G1 X178.583 Y150.724 E.0198
G1 X178.6 Y149.878 E.01664
G1 X178.574 Y149.095 E.01541
G1 X178.169 Y149.071 F9000
;TYPE:Outer wall
G1 F6000
G1 X177.929 Y147.604 E.02924
G1 X177.791 Y147.088 E.01051
G1 X177.611 Y146.559 E.01099
G1 X177.426 Y146.088 E.00995
G1 X176.947 Y145.064 E.02224
G1 X176.224 Y143.931 E.02644
G1 X175.902 Y143.517 E.01032
G1 X175.34 Y142.885 E.01663
G1 X174.324 Y141.967 E.02693
G1 X173.203 Y141.198 E.02674
G1 X172.006 Y140.591 E.0264
G1 X170.703 Y140.137 E.02714
G1 X169.623 Y139.915 E.02169
G1 X169.046 Y139.828 E.01148
G1 X168.567 Y139.686 E.00983
G1 X168.261 Y139.319 E.0094
G1 X168.199 Y139.007 E.00626
G1 X168.197 Y137.134 E.03684
G1 X168.267 Y136.706 E.00853
G1 X168.457 Y136.44 E.00643
G1 X168.732 Y136.276 E.0063
G1 X169.066 Y136.234 E.00662
G1 X169.591 Y136.284 E.01037
G1 X171.292 Y136.591 E.034
G1 X172.739 Y137.032 E.02975
G1 X173.445 Y137.313 E.01495
G1 X174.217 Y137.673 E.01675
G1 X175.613 Y138.484 E.03176
G1 X176.86 Y139.42 E.03067
G1 X177.254 Y139.758 E.01021
G1 X178.081 Y140.573 E.02284
G1 X178.776 Y141.381 E.02096
G1 X179.11 Y141.814 E.01076
G1 X180.069 Y143.312 E.03498
G1 X180.708 Y144.628 E.02877
G1 X181 Y145.383 E.01592
G1 X181.246 Y146.147 E.01579
G1 X181.604 Y147.727 E.03186
G1 X181.724 Y148.858 E.02237
G1 X181.789 Y149.841 E.01938
G1 X181.756 Y150.951 E.02184
G1 X181.549 Y152.55 E.03171
G1 X181.092 Y154.314 E.03584
G1 X180.577 Y155.636 E.02791
G1 X180.2 Y156.409 E.01692
G1 X179.832 Y157.065 E.01479
G1 X178.919 Y158.404 E.03188
G1 X177.856 Y159.627 E.03187
G1 X177.462 Y160.014 E.01086
G1 X176.663 Y160.711 E.02085
G1 X175.776 Y161.364 E.02166
G1 X175.35 Y161.65 E.01009
G1 X174.192 Y162.287 E.026
G1 X173.703 Y162.537 E.0108
G1 X172.43 Y163.041 E.02693
G1 X171.559 Y163.305 E.0179
G1 X170.876 Y163.468 E.01381
G1 X169.274 Y163.713 E.03188
G1 X167.654 Y163.767 E.03188
G1 X167.053 Y163.739 E.01183
G1 X166.048 Y163.633 E.01988
G1 X165.211 Y163.474 E.01676
G1 X164.467 Y163.312 E.01498
G1 X163.451 Y162.977 E.02104
G1 X162.649 Y162.691 E.01675
G1 X161.526 Y162.154 E.02448
G1 X160.586 Y161.608 E.02138
G1 X160.029 Y161.23 E.01324
G1 X158.812 Y160.266 E.03054
G1 X138.794 Y142.396 E.5278
G1 X137.729 Y141.566 E.02656
G1 X137.154 Y141.204 E.01336
G1 X136.539 Y140.873 E.01374
G1 X135.283 Y140.351 E.02675
G1 X133.975 Y140.001 E.02663
G1 X133.336 Y139.896 E.01274
G1 X132.343 Y139.828 E.01958
G1 X131.27 Y139.834 E.02111
G1 X129.926 Y140.021 E.02669
G1 X129.309 Y140.169 E.01248
G1 X128.6 Y140.391 E.01461
G1 X127.35 Y140.929 E.02677
G1 X126.189 Y141.623 E.0266
G1 X125.615 Y142.055 E.01413
G1 X125.118 Y142.476 E.01281
G1 X124.193 Y143.439 E.02626
G1 X123.902 Y143.834 E.00965
G1 X123.232 Y144.794 E.02303
G1 X122.986 Y145.236 E.00995
G1 X122.724 Y145.752 E.01138
G1 X122.242 Y147.011 E.02652
G1 X121.93 Y148.332 E.0267
G1 X121.852 Y148.895 E.01118
G1 X121.795 Y149.703 E.01593
G1 X121.844 Y151.062 E.02675
G1 X121.972 Y151.816 E.01504
G1 X122.071 Y152.396 E.01157
G1 X122.209 Y152.912 E.01051
G1 X122.389 Y153.442 E.01101
G1 X122.574 Y153.912 E.00993
G1 X123.053 Y154.936 E.02224
G1 X123.776 Y156.069 E.02644
G1 X124.098 Y156.483 E.01032
G1 X124.664 Y157.119 E.01675
G1 X125.676 Y158.033 E.02682
G1 X126.797 Y158.802 E.02674
G1 X127.994 Y159.409 E.0264
G1 X129.297 Y159.863 E.02714
G1 X130.377 Y160.085 E.02169
G1 X130.954 Y160.172 E.01148
G1 X131.433 Y160.314 E.00983
G1 X131.739 Y160.681 E.0094
G1 X131.801 Y160.993 E.00626
G1 X131.803 Y162.871 E.03694
G1 X131.739 Y163.28 E.00814
G1 X131.571 Y163.533 E.00597
G1 X131.29 Y163.715 E.00659
G1 X130.937 Y163.767 E.00702
G1 X130.409 Y163.716 E.01043
G1 X128.708 Y163.409 E.034
G1 X127.261 Y162.968 E.02975
G1 X126.555 Y162.687 E.01495
G1 X125.783 Y162.327 E.01675
G1 X124.387 Y161.516 E.03176
G1 X123.14 Y160.58 E.03067
G1 X122.746 Y160.242 E.01021
G1 X121.919 Y159.427 E.02284
G1 X121.224 Y158.619 E.02096
G1 X120.89 Y158.186 E.01076
G1 X119.931 Y156.688 E.03498
G1 X119.292 Y155.372 E.02877
G1 X119 Y154.617 E.01592
G1 X118.754 Y153.853 E.01579
G1 X118.421 Y152.421 E.02892
G1 X118.225 Y150.661 E.03483
G1 X118.211 Y150.159 E.00988
G1 X118.244 Y149.049 E.02184
G1 X118.451 Y147.45 E.03171
G1 X118.908 Y145.686 E.03584
G1 X119.423 Y144.364 E.02791
G1 X119.8 Y143.591 E.01692
G1 X120.168 Y142.935 E.01479
G1 X121.02 Y141.675 E.02992
G1 X122.145 Y140.373 E.03384
G1 X122.538 Y139.986 E.01085
G1 X123.337 Y139.289 E.02085
G1 X124.224 Y138.636 E.02166
G1 X124.65 Y138.35 E.01009
G1 X125.808 Y137.713 E.026
G1 X126.297 Y137.463 E.0108
G1 X127.57 Y136.959 E.02693
G1 X128.441 Y136.695 E.0179
G1 X129.124 Y136.532 E.01381
G1 X130.726 Y136.287 E.03188
G1 X132.346 Y136.233 E.03188
G1 X132.947 Y136.261 E.01183
G1 X133.952 Y136.367 E.01988
G1 X134.789 Y136.526 E.01676
G1 X135.533 Y136.688 E.01498
G1 X136.549 Y137.023 E.02104
G1 X137.351 Y137.309 E.01675
G1 X138.474 Y137.846 E.02448
G1 X139.414 Y138.392 E.02138
G1 X139.971 Y138.77 E.01324
G1 X141.188 Y139.734 E.03054
G1 X161.206 Y157.604 E.5278
G1 X162.271 Y158.434 E.02656
G1 X162.846 Y158.796 E.01336
G1 X163.461 Y159.127 E.01374
G1 X164.717 Y159.649 E.02675
G1 X166.025 Y159.999 E.02663
G1 X166.664 Y160.104 E.01274
G1 X167.657 Y160.172 E.01958
G1 X168.73 Y160.166 E.02111
G1 X170.074 Y159.979 E.02669
G1 X170.691 Y159.831 E.01248
G1 X171.4 Y159.609 E.01461
G1 X172.65 Y159.071 E.02677
G1 X173.811 Y158.377 E.0266
G1 X174.385 Y157.945 E.01413
G1 X174.881 Y157.525 E.01278
G1 X175.75 Y156.629 E.02455
G1 X176.769 Y155.203 E.03447
G1 X177.014 Y154.764 E.00989
G1 X177.276 Y154.248 E.01138
G1 X177.758 Y152.989 E.02652
G1 X178.073 Y151.655 E.02696
G1 X178.177 Y150.695 E.01899
G1 X178.193 Y149.89 E.01584
G1 X178.17 Y149.111 E.01533
G1 E-1 F1200
G1 X179.668 Y144.095 F9000
G1 E1 F1500
;TYPE:Sparse infill
;WIDTH:0.42
G1 F7200
G1 X179.455 Y143.656 E.0096
G1 X178.868 Y142.739 E.02142
G1 X175.174 Y139.044 E.10276
G1 X175.087 Y138.98 E.00213
G1 X173.894 Y138.298 E.02703
G1 X173.166 Y137.958 E.01579
G1 X172.506 Y137.696 E.01398
G1 X171.126 Y137.275 E.02837
G1 X169.494 Y136.981 E.03262
G1 X169.077 Y136.941 E.00824
G1 X168.966 Y136.955 E.0022
G1 X168.925 Y136.994 E.00112
G1 X168.9 Y137.114 E.0024
G1 X168.902 Y138.794 E.03304
G1 X169.253 Y139.145 E.00977
G1 X169.532 Y139.179 E.00554
G1 X170.848 Y139.449 E.02641
G1 X171.155 Y139.536 E.00629
G1 X172.29 Y139.947 E.02373
G1 X173.562 Y140.593 E.02806
G1 X174.726 Y141.39 E.02775
G1 X174.957 Y141.576 E.00584
G1 X175.871 Y142.423 E.0245
G1 X176.438 Y143.062 E.01681
G1 X176.777 Y143.497 E.01084
G1 X177.541 Y144.688 E.02784
G1 X177.671 Y144.93 E.00539
G1 X178.181 Y146.054 E.02428
G1 X178.461 Y146.874 E.01704
G1 X178.617 Y147.457 E.01187
G1 X178.816 Y148.708 E.02492
G1 X181.05 Y150.942 E.06213
G1 X180.928 Y152.013 E.0212
G1 X180.861 Y152.404 E.00782
G1 X180.428 Y154.081 E.03406
G1 X179.933 Y155.354 E.02687
G1 X179.771 Y155.685 E.00725
G1 X178.113 Y154.027 E.04614
G1 X177.926 Y154.516 E.0103
G1 X177.519 Y155.317 E.01768
G1 X177.198 Y155.855 E.01232
G1 X176.288 Y157.082 E.03004
G1 X175.726 Y157.662 E.01588
G1 X177.276 Y159.211 E.0431
G1 X176.984 Y159.498 E.00805
G1 X176.222 Y160.163 E.01989
G1 X175.281 Y160.856 E.02299
G1 X174.989 Y161.046 E.00685
G1 X173.764 Y161.721 E.02751
G1 X172.108 Y160.065 E.04604
G1 X171.596 Y160.285 E.01096
G1 X170.891 Y160.505 E.01453
G1 X170.166 Y160.676 E.01465
G1 X168.75 Y160.869 E.02811
G1 X167.38 Y160.876 E.02694
G1 X166.848 Y160.827 E.01051
G1 X169.039 Y163.017 E.06094
G1 X167.659 Y163.064 E.02716
G1 X167.106 Y163.038 E.01088
G1 X166.151 Y162.937 E.0189
G1 X164.953 Y162.709 E.02398
G1 X164.663 Y162.636 E.00588
G1 X163.165 Y162.143 E.03102
G1 X162.934 Y162.049 E.00491
G1 X161.789 Y161.501 E.02496
G1 X161.095 Y161.095 E.01581
G1 X138.905 Y138.905 E.61724
G1 X138.211 Y138.499 E.01581
G1 X137.066 Y137.951 E.02496
G1 X136.835 Y137.857 E.00491
G1 X135.337 Y137.364 E.03102
G1 X135.047 Y137.291 E.00588
G1 X133.849 Y137.063 E.02398
G1 X132.894 Y136.962 E.0189
G1 X132.389 Y136.938 E.00994
G1 X130.961 Y136.983 E.02809
G1 X133.152 Y139.173 E.06092
G1 X132.62 Y139.124 E.01051
G1 X131.25 Y139.131 E.02694
G1 X129.824 Y139.325 E.02831
G1 X129.109 Y139.495 E.01445
M73 P56 R5
G1 X128.404 Y139.715 E.01453
G1 X127.892 Y139.935 E.01095
G1 X126.236 Y138.279 E.04607
G1 X125.011 Y138.954 E.02751
G1 X124.719 Y139.144 E.00685
G1 X123.778 Y139.837 E.02299
G1 X123.016 Y140.502 E.01988
G1 X122.724 Y140.789 E.00805
G1 X124.275 Y142.339 E.04314
G1 X123.682 Y142.957 E.01684
G1 X122.801 Y144.148 E.02914
G1 X122.471 Y144.7 E.01265
G1 X122.074 Y145.484 E.01729
G1 X121.889 Y145.975 E.01031
G1 X120.229 Y144.315 E.04618
G1 X120.067 Y144.646 E.00725
G1 X119.572 Y145.919 E.02687
G1 X119.139 Y147.596 E.03406
G1 X119.072 Y147.987 E.00782
G1 X118.951 Y149.058 E.0212
G1 X121.169 Y151.276 E.0617
G1 X121.375 Y152.501 E.02442
G1 X121.529 Y153.092 E.01202
G1 X121.819 Y153.946 E.01773
G1 X122.352 Y155.118 E.02533
G1 X122.459 Y155.312 E.00436
G1 X123.182 Y156.444 E.02642
G1 X123.562 Y156.938 E.01225
G1 X124.166 Y157.615 E.01785
G1 X125.083 Y158.459 E.02451
G1 X125.275 Y158.61 E.00481
G1 X126.438 Y159.407 E.02774
G1 X127.71 Y160.053 E.02806
G1 X128.845 Y160.464 E.02373
G1 X129.152 Y160.551 E.00629
G1 X130.468 Y160.821 E.02641
G1 X130.747 Y160.855 E.00554
G1 X131.098 Y161.206 E.00977
G1 X131.1 Y162.891 E.03313
G1 X131.067 Y163.022 E.00267
G1 X131.037 Y163.042 E.0007
G1 X130.919 Y163.059 E.00234
G1 X130.506 Y163.019 E.00817
G1 X128.874 Y162.725 E.03261
G1 X127.494 Y162.304 E.02837
G1 X126.834 Y162.042 E.01398
G1 X126.106 Y161.702 E.01579
G1 X124.913 Y161.02 E.02703
G1 X124.826 Y160.956 E.00213
G1 X121.132 Y157.261 E.10276
G1 X120.545 Y156.344 E.02142
G1 X120.332 Y155.905 E.0096
; stop printing object s+hook+20mm id:0 copy 0
M106 S51
;LAYER_CHANGE
;Z:2.4
;HEIGHT:0.12
;_SET_FAN_SPEED_CHANGING_LAYER
; printing object s+hook+20mm id:0 copy 0
G1 E-1 F1200
G1 X181.262 Y151.692 Z2.4 F9000
G1 E1 F1500
;TYPE:Inner wall
;WIDTH:0.419999
G1 F7200
G1 X181.226 Y152.014 E.00637
G1 X181.137 Y152.516 E.01003
G1 X181.034 Y152.929 E.00837
G1 E-1 F1200
G1 X118.738 Y148.308 F9000
G1 E1 F1500
G1 F7200
G1 X118.774 Y147.986 E.00637
G1 X118.863 Y147.484 E.01003
G1 X118.966 Y147.071 E.00837
G1 E-1 F1200
G1 X122.242 Y147.011 F9000
G1 E1 F1500
;TYPE:Outer wall
G1 F6000
G1 X121.93 Y148.332 E.0267
G1 X121.852 Y148.895 E.01118
G1 X121.795 Y149.703 E.01593
G1 X121.844 Y151.062 E.02675
G1 X121.972 Y151.816 E.01504
G1 X122.071 Y152.396 E.01157
G1 X122.209 Y152.912 E.01051
G1 X122.389 Y153.442 E.01101
G1 X122.574 Y153.912 E.00993
G1 X123.053 Y154.936 E.02224
G1 X123.776 Y156.069 E.02644
G1 X124.098 Y156.483 E.01032
G1 X124.664 Y157.119 E.01675
G1 X125.676 Y158.033 E.02682
G1 X126.797 Y158.802 E.02674
G1 X127.994 Y159.409 E.0264
G1 X129.297 Y159.863 E.02714
G1 X130.377 Y160.085 E.02169
G1 X130.954 Y160.172 E.01148
G1 X131.433 Y160.314 E.00983
G1 X131.739 Y160.681 E.0094
G1 X131.801 Y160.993 E.00626
G1 X131.803 Y162.871 E.03694
G1 X131.739 Y163.28 E.00814
G1 X131.571 Y163.533 E.00597
G1 X131.29 Y163.715 E.00659
G1 X130.937 Y163.767 E.00702
G1 X130.409 Y163.716 E.01043
G1 X128.708 Y163.409 E.034
G1 X127.261 Y162.968 E.02975
G1 X126.555 Y162.687 E.01495
G1 X125.783 Y162.327 E.01675
G1 X124.387 Y161.516 E.03176
G1 X123.14 Y160.58 E.03067
G1 X122.746 Y160.242 E.01021
G1 X121.919 Y159.427 E.02284
G1 X121.224 Y158.619 E.02096
G1 X120.89 Y158.186 E.01076
G1 X119.931 Y156.688 E.03498
G1 X119.292 Y155.372 E.02877
G1 X119 Y154.617 E.01592
G1 X118.754 Y153.853 E.01579
G1 X118.421 Y152.421 E.02892
G1 X118.225 Y150.661 E.03483
G1 X118.211 Y150.159 E.00988
G1 X118.244 Y149.049 E.02184
G1 X118.451 Y147.45 E.03171
G1 X118.908 Y145.686 E.03584
G1 X119.423 Y144.364 E.02791
G1 X119.8 Y143.591 E.01692
G1 X120.168 Y142.935 E.01479
G1 X121.02 Y141.675 E.02992
G1 X122.145 Y140.373 E.03384
G1 X122.538 Y139.986 E.01085
G1 X123.337 Y139.289 E.02085
G1 X124.224 Y138.636 E.02166
G1 X124.65 Y138.35 E.01009
G1 X125.808 Y137.713 E.026
G1 X126.297 Y137.463 E.0108
G1 X127.57 Y136.959 E.02693
G1 X128.441 Y136.695 E.0179
G1 X129.124 Y136.532 E.01381
G1 X130.726 Y136.287 E.03188
G1 X132.346 Y136.233 E.03188
G1 X132.947 Y136.261 E.01183
G1 X133.952 Y136.367 E.01988
G1 X134.789 Y136.526 E.01676
G1 X135.533 Y136.688 E.01498
G1 X136.549 Y137.023 E.02104
G1 X137.351 Y137.309 E.01675
G1 X138.474 Y137.846 E.02448
G1 X139.414 Y138.392 E.02138
G1 X139.971 Y138.77 E.01324
G1 X141.188 Y139.734 E.03054
G1 X161.206 Y157.604 E.5278
G1 X162.271 Y158.434 E.02656
G1 X162.846 Y158.796 E.01336
G1 X163.461 Y159.127 E.01374
G1 X164.717 Y159.649 E.02675
G1 X166.025 Y159.999 E.02663
G1 X166.664 Y160.104 E.01274
G1 X167.657 Y160.172 E.01958
G1 X168.73 Y160.166 E.02111
G1 X170.074 Y159.979 E.02669
G1 X170.691 Y159.831 E.01248
G1 X171.4 Y159.609 E.01461
G1 X172.65 Y159.071 E.02677
G1 X173.811 Y158.377 E.0266
G1 X174.385 Y157.945 E.01413
G1 X174.881 Y157.525 E.01278
G1 X175.75 Y156.629 E.02455
G1 X176.769 Y155.203 E.03447
G1 X177.014 Y154.764 E.00989
G1 X177.276 Y154.248 E.01138
G1 X177.758 Y152.989 E.02652
G1 X178.073 Y151.655 E.02696
G1 X178.177 Y150.695 E.01899
G1 X178.193 Y149.89 E.01584
G1 X178.169 Y149.071 E.01612
G1 X177.929 Y147.604 E.02924
G1 X177.791 Y147.088 E.01051
G1 X177.611 Y146.559 E.01099
G1 X177.426 Y146.088 E.00995
G1 X176.947 Y145.064 E.02224
G1 X176.224 Y143.931 E.02644
G1 X175.902 Y143.517 E.01032
G1 X175.34 Y142.885 E.01663
G1 X174.324 Y141.967 E.02693
G1 X173.203 Y141.198 E.02674
G1 X172.006 Y140.591 E.0264
G1 X170.703 Y140.137 E.02714
G1 X169.623 Y139.915 E.02169
G1 X169.046 Y139.828 E.01148
G1 X168.567 Y139.686 E.00983
G1 X168.261 Y139.319 E.0094
G1 X168.199 Y139.007 E.00626
G1 X168.197 Y137.134 E.03684
G1 X168.267 Y136.706 E.00853
G1 X168.456 Y136.44 E.00642
G1 X168.732 Y136.276 E.00631
G1 X169.066 Y136.234 E.00662
G1 X169.591 Y136.284 E.01037
G1 X171.292 Y136.591 E.034
G1 X172.739 Y137.032 E.02975
G1 X173.445 Y137.313 E.01495
G1 X174.217 Y137.673 E.01675
G1 X175.613 Y138.484 E.03176
G1 X176.86 Y139.42 E.03067
G1 X177.254 Y139.758 E.01021
G1 X178.081 Y140.573 E.02284
G1 X178.776 Y141.381 E.02096
G1 X179.11 Y141.814 E.01076
G1 X180.069 Y143.312 E.03498
G1 X180.708 Y144.628 E.02877
G1 X181 Y145.383 E.01592
G1 X181.246 Y146.147 E.01579
G1 X181.604 Y147.727 E.03186
G1 X181.724 Y148.858 E.02237
G1 X181.789 Y149.841 E.01938
G1 X181.756 Y150.951 E.02184
G1 X181.549 Y152.55 E.03171
G1 X181.092 Y154.314 E.03584
G1 X180.577 Y155.636 E.02791
G1 X180.2 Y156.409 E.01692
G1 X179.832 Y157.065 E.01479
G1 X178.919 Y158.404 E.03188
G1 X177.856 Y159.627 E.03187
G1 X177.462 Y160.014 E.01086
G1 X176.663 Y160.711 E.02085
G1 X175.776 Y161.364 E.02166
G1 X175.35 Y161.65 E.01009
G1 X174.192 Y162.287 E.026
G1 X173.703 Y162.537 E.0108
G1 X172.43 Y163.041 E.02693
G1 X171.559 Y163.305 E.0179
G1 X170.876 Y163.468 E.01381
G1 X169.274 Y163.713 E.03188
G1 X167.654 Y163.767 E.03188
G1 X167.053 Y163.739 E.01183
G1 X166.048 Y163.633 E.01988
G1 X165.211 Y163.474 E.01676
G1 X164.467 Y163.312 E.01498
G1 X163.451 Y162.977 E.02104
G1 X162.649 Y162.691 E.01675
G1 X161.526 Y162.154 E.02448
G1 X160.586 Y161.608 E.02138
G1 X160.029 Y161.23 E.01324
G1 X158.812 Y160.266 E.03054
G1 X138.794 Y142.396 E.5278
G1 X137.729 Y141.566 E.02656
G1 X137.154 Y141.204 E.01336
G1 X136.539 Y140.873 E.01374
G1 X135.283 Y140.351 E.02675
G1 X133.975 Y140.001 E.02663
G1 X133.336 Y139.896 E.01274
G1 X132.343 Y139.828 E.01958
G1 X131.27 Y139.834 E.02111
G1 X129.926 Y140.021 E.02669
G1 X129.309 Y140.169 E.01248
G1 X128.6 Y140.391 E.01461
G1 X127.35 Y140.929 E.02677
G1 X126.189 Y141.623 E.0266
G1 X125.615 Y142.055 E.01413
G1 X125.118 Y142.476 E.01281
G1 X124.193 Y143.439 E.02626
G1 X123.902 Y143.834 E.00965
G1 X123.232 Y144.794 E.02303
G1 X122.986 Y145.236 E.00995
G1 X122.724 Y145.752 E.01138
G1 X122.257 Y146.974 E.02573
G1 E-1 F1200
G1 X119.638 Y149.746 F9000
G1 E1 F1500
;TYPE:Sparse infill
;WIDTH:0.42
G1 F7200
G1 X120.409 Y150.517 E.02145
G1 E-1 F1200
G1 X131.65 Y137.671 F9000
G1 E1 F1500
G1 F7200
G1 X132.393 Y138.415 E.02069
G1 E-1 F1200
G1 X145.31 Y145.31 F9000
G1 E1 F1500
G1 F7200
G1 X154.69 Y154.69 E.26094
G1 E-1 F1200
G1 X167.607 Y161.585 F9000
G1 E1 F1500
G1 F7200
G1 X168.35 Y162.329 E.02069
G1 E-1 F1200
G1 X180.361 Y150.253 F9000
G1 E1 F1500
G1 F7200
G1 X179.596 Y149.489 E.02126
; stop printing object s+hook+20mm id:0 copy 0
; FIBER RESERVE: mode=band strands=1 removed=2
M400
G1 E-10 F1200
MOVE_TO_BRUSH_STATION
CLEAN_NOZZLE
M104 S150 T1 ; standby
M104 S270 T0 ; pre-charge
M109 S270 T0
MOVE_OUT_BRUSH_STATION
M106 P2 S181 ; fibre-side cooling, fan4, owned by T0 (depositing)
M106 P1 S0 ; part-cooling, fan3, owned by T1 (idle)
M106 P3 S255 ; auxiliary fan on while T0 deposits
M106 P5 S255 ; exhaust fan on while T0 deposits
T0 ; switch extruder type to:FIBER
; LAYER:19 [2.40]
M1001 L234
G1 F1200 Z3.60
G1 X155.55 Y153.76 F1200
M73 P57 R5
G1 F1200 U55.000 ; Extrude restart
G1 F1200 Z2.40
G1 F600 V1.000 ; Recover matrix retract
G1 F600 V3.000 ; Matrix prime
G1 X160.63 Y158.30 V0.227 U6.674 P0.034 F300
G1 X161.45 Y158.94 V0.035 U1.027 P0.034 F300
G1 X161.76 Y159.17 V0.013 U0.370 P0.034 F300
G1 X162.07 Y159.38 V0.013 U0.370 P0.034 F300
G1 X162.39 Y159.58 V0.013 U0.370 P0.034 F300
G1 X162.73 Y159.76 V0.013 U0.379 P0.034 F300
G1 X163.08 Y159.94 V0.013 U0.379 P0.034 F300
G1 X163.43 Y160.09 V0.013 U0.379 P0.034 F300
G1 X163.75 Y160.23 V0.012 U0.342 P0.034 F300
G1 X164.43 Y160.48 V0.024 U0.714 P0.034 F300
G1 X165.13 Y160.70 V0.024 U0.714 P0.034 F300
G1 X165.48 Y160.79 V0.012 U0.354 P0.034 F300
G1 X165.84 Y160.88 V0.012 U0.360 P0.034 F300
G1 X166.20 Y160.94 V0.012 U0.360 P0.034 F300
G1 X166.56 Y160.99 V0.012 U0.360 P0.034 F300
G1 X166.93 Y161.03 V0.012 U0.360 P0.034 F300
G1 X167.63 Y161.08 V0.023 U0.689 P0.034 F300
G1 X168.21 Y161.07 V0.019 U0.571 P0.034 F300
G1 X168.79 Y161.05 V0.019 U0.570 P0.034 F600
G1 X169.37 Y160.99 V0.019 U0.570 P0.034 F600
G1 X169.89 Y160.92 V0.017 U0.514 P0.034 F600
G1 X170.24 Y160.86 V0.012 U0.347 P0.034 F600
G1 X170.59 Y160.79 V0.012 U0.347 P0.034 F600
G1 X170.93 Y160.70 V0.012 U0.348 P0.034 F600
G1 X171.32 Y160.58 V0.014 U0.402 P0.034 F600
G1 X171.71 Y160.45 V0.014 U0.401 P0.034 F600
G1 X172.09 Y160.30 V0.014 U0.401 P0.034 F600
G1 X172.39 Y160.17 V0.011 U0.320 P0.034 F600
G1 X173.05 Y159.86 V0.024 U0.715 P0.034 F600
G1 X173.69 Y159.50 V0.024 U0.715 P0.034 F600
G1 X173.98 Y159.33 V0.011 U0.328 P0.034 F600
G1 X174.31 Y159.12 V0.013 U0.388 P0.034 F600
G1 X174.63 Y158.89 V0.013 U0.388 P0.034 F600
G1 X174.95 Y158.65 V0.013 U0.388 P0.034 F600
G1 X175.22 Y158.42 V0.012 U0.353 P0.034 F600
G1 X175.49 Y158.18 V0.012 U0.353 P0.034 F600
G1 X175.75 Y157.93 V0.012 U0.353 P0.034 F600
G1 X175.97 Y157.70 V0.011 U0.314 P0.034 F600
G1 X176.43 Y157.19 V0.023 U0.665 P0.034 F600
G1 X176.84 Y156.66 V0.023 U0.665 P0.034 F600
G1 X177.37 Y155.92 V0.030 U0.887 P0.034 F600
G1 X177.53 Y155.68 V0.010 U0.280 P0.034 F600
G1 X177.67 Y155.44 V0.010 U0.280 P0.034 F600
G1 X177.81 Y155.19 V0.010 U0.280 P0.034 F600
G1 X177.96 Y154.90 V0.011 U0.315 P0.034 F600
G1 X178.10 Y154.61 V0.011 U0.315 P0.034 F600
G1 X178.22 Y154.31 V0.011 U0.315 P0.034 F600
G1 X178.36 Y153.93 V0.014 U0.398 P0.034 F600
G1 X178.60 Y153.25 V0.024 U0.712 P0.034 F600
G1 X178.79 Y152.55 V0.024 U0.712 P0.034 F600
G1 X178.84 Y152.32 V0.008 U0.224 P0.034 F600
G1 X178.95 Y151.81 V0.018 U0.519 P0.034 F600
G1 X179.02 Y151.28 V0.018 U0.519 P0.034 F600
G1 X179.03 Y151.18 V0.003 U0.095 P0.034 F600
G1 X179.07 Y150.75 V0.014 U0.425 P0.034 F600
G1 X179.09 Y150.32 V0.014 U0.425 P0.034 F600
G1 X179.10 Y149.89 V0.014 U0.425 P0.034 F600
G1 X179.08 Y149.43 V0.015 U0.442 P0.034 F600
G1 X179.06 Y148.99 V0.015 U0.441 P0.034 F600
G1 X179.00 Y148.54 V0.015 U0.441 P0.034 F600
G1 X178.86 Y147.72 V0.028 U0.818 P0.034 F600
G1 X178.81 Y147.42 V0.010 U0.299 P0.034 F600
G1 X178.74 Y147.12 V0.010 U0.299 P0.034 F600
G1 X178.66 Y146.82 V0.010 U0.299 P0.034 F600
G1 X178.46 Y146.25 V0.020 U0.598 P0.034 F600
G1 X178.26 Y145.73 V0.018 U0.544 P0.034 F600
G1 X178.00 Y145.18 V0.020 U0.597 P0.034 F600
G1 X177.72 Y144.64 V0.020 U0.596 P0.034 F600
G1 X177.41 Y144.11 V0.020 U0.596 P0.034 F600
G1 X177.12 Y143.66 V0.018 U0.526 P0.034 F600
G1 X176.96 Y143.41 V0.010 U0.292 P0.034 F600
G1 X176.78 Y143.17 V0.010 U0.292 P0.034 F600
G1 X176.60 Y142.94 V0.010 U0.292 P0.034 F600
G1 X176.29 Y142.59 V0.015 U0.453 P0.034 F600
G1 X175.97 Y142.26 V0.015 U0.453 P0.034 F600
G1 X175.64 Y141.94 V0.015 U0.453 P0.034 F600
G1 X175.43 Y141.75 V0.009 U0.271 P0.034 F600
G1 X174.87 Y141.27 V0.025 U0.723 P0.034 F600
G1 X174.28 Y140.84 V0.025 U0.723 P0.034 F600
G1 X173.65 Y140.44 V0.025 U0.724 P0.034 F600
G1 X173.01 Y140.09 V0.024 U0.716 P0.034 F600
G1 X172.35 Y139.78 V0.024 U0.716 P0.034 F600
M73 P58 R5
G1 X171.67 Y139.52 V0.024 U0.716 P0.034 F600
G1 X171.50 Y139.46 V0.006 U0.172 P0.034 F600
G1 X170.94 Y139.28 V0.020 U0.580 P0.034 F600
G1 X170.36 Y139.14 V0.020 U0.580 P0.034 F600
G1 X169.78 Y139.02 V0.020 U0.581 P0.034 F600
G1 X169.32 Y138.95 V0.016 U0.462 P0.034 F600
G1 X169.24 Y138.94 V0.002 U0.071 P0.034 F600
G1 X169.17 Y138.92 V0.002 U0.071 P0.034 F600
G1 X169.10 Y138.90 V0.002 U0.071 P0.034 F600
G1 X169.10 Y137.24 V0.055 U1.631 P0.034 F600
G1 X169.10 Y137.21 V0.001 U0.030 P0.034 F600
G1 X169.11 Y137.18 V0.001 U0.030 P0.034 F600
G1 X169.11 Y137.15 V0.001 U0.030 P0.034 F600
G1 X169.47 Y137.18 V0.012 U0.350 P0.034 F600
G1 X170.39 Y137.35 V0.031 U0.915 P0.034 F600
G1 X171.07 Y137.49 V0.023 U0.690 P0.034 F600
G1 X171.75 Y137.68 V0.023 U0.690 P0.034 F600
G1 X172.44 Y137.89 V0.024 U0.703 P0.034 F600
G1 X173.09 Y138.14 V0.023 U0.682 P0.034 F600
G1 X173.44 Y138.31 V0.013 U0.385 P0.034 F600
G1 X173.79 Y138.48 V0.013 U0.385 P0.034 F600
G1 X174.14 Y138.67 V0.013 U0.385 P0.034 F600
G1 X174.50 Y138.88 V0.014 U0.412 P0.034 F600
G1 X175.10 Y139.26 V0.024 U0.692 P0.034 F600
G1 X175.68 Y139.66 V0.024 U0.692 P0.034 F600
G1 X176.29 Y140.13 V0.026 U0.754 P0.034 F600
G1 X176.64 Y140.42 V0.015 U0.450 P0.034 F600
G1 X177.42 Y141.19 V0.036 U1.071 P0.034 F600
G1 X178.08 Y141.95 V0.033 U0.985 P0.034 F600
G1 X178.22 Y142.14 V0.008 U0.236 P0.034 F600
G1 X178.37 Y142.34 V0.008 U0.236 P0.034 F600
G1 X178.50 Y142.54 V0.008 U0.236 P0.034 F600
G1 X178.91 Y143.18 V0.025 U0.743 P0.034 F600
G1 X179.26 Y143.76 V0.023 U0.672 P0.034 F600
G1 X179.58 Y144.37 V0.023 U0.672 P0.034 F600
G1 X179.88 Y144.99 V0.023 U0.672 P0.034 F600
G1 X180.15 Y145.68 V0.025 U0.732 P0.034 F600
G1 X180.26 Y146.04 V0.012 U0.360 P0.034 F600
G1 X180.36 Y146.39 V0.012 U0.360 P0.034 F600
G1 X180.45 Y146.74 V0.012 U0.360 P0.034 F600
G1 X180.59 Y147.35 V0.021 U0.614 P0.034 F600
G1 X180.69 Y147.88 V0.018 U0.522 P0.034 F600
G1 X180.77 Y148.40 V0.018 U0.522 P0.034 F600
G1 X180.82 Y148.94 V0.018 U0.523 P0.034 F600
G1 X180.85 Y149.40 V0.015 U0.453 P0.034 F600
G1 X180.87 Y149.86 V0.015 U0.452 P0.034 F600
G1 X180.87 Y150.32 V0.015 U0.452 P0.034 F600
G1 X180.87 Y150.37 V0.002 U0.048 P0.034 F600
G1 X180.84 Y150.88 V0.017 U0.501 P0.034 F600
G1 X180.79 Y151.39 V0.017 U0.501 P0.034 F600
G1 X180.76 Y151.64 V0.008 U0.247 P0.034 F600
G1 X180.64 Y152.37 V0.025 U0.732 P0.034 F600
G1 X180.47 Y153.10 V0.025 U0.732 P0.034 F600
G1 X180.40 Y153.39 V0.010 U0.294 P0.034 F600
G1 X180.21 Y154.03 V0.022 U0.650 P0.034 F600
G1 X179.99 Y154.65 V0.022 U0.650 P0.034 F600
G1 X179.75 Y155.27 V0.022 U0.651 P0.034 F600
G1 X179.40 Y155.99 V0.027 U0.781 P0.034 F600
G1 X179.06 Y156.59 V0.023 U0.673 P0.034 F600
G1 X178.60 Y157.27 V0.027 U0.807 P0.034 F600
G1 X178.19 Y157.84 V0.023 U0.690 P0.034 F600
G1 X177.74 Y158.38 V0.023 U0.690 P0.034 F600
G1 X177.20 Y159.01 V0.028 U0.811 P0.034 F600
G1 X176.85 Y159.35 V0.016 U0.480 P0.034 F600
G1 X176.10 Y160.01 V0.033 U0.977 P0.034 F600
G1 X175.26 Y160.62 V0.035 U1.022 P0.034 F600
G1 X174.88 Y160.88 V0.015 U0.444 P0.034 F600
G1 X173.77 Y161.49 V0.042 U1.244 P0.034 F600
G1 X173.55 Y161.60 V0.008 U0.241 P0.034 F600
G1 X173.33 Y161.71 V0.008 U0.241 P0.034 F600
G1 X173.10 Y161.80 V0.008 U0.241 P0.034 F600
G1 X172.13 Y162.19 V0.035 U1.021 P0.034 F600
G1 X171.32 Y162.43 V0.028 U0.830 P0.034 F600
G1 X170.70 Y162.58 V0.021 U0.625 P0.034 F600
G1 X169.89 Y162.70 V0.027 U0.807 P0.034 F600
G1 X169.19 Y162.79 V0.023 U0.690 P0.034 F600
G1 X168.49 Y162.83 V0.023 U0.690 P0.034 F600
G1 X167.66 Y162.86 V0.028 U0.810 P0.034 F600
G1 X167.12 Y162.84 V0.018 U0.528 P0.034 F600
G1 X166.18 Y162.74 V0.032 U0.928 P0.034 F600
G1 X165.39 Y162.59 V0.027 U0.787 P0.034 F600
G1 X165.05 Y162.51 V0.012 U0.344 P0.034 F600
G1 X164.71 Y162.43 V0.012 U0.344 P0.034 F600
G1 X164.37 Y162.33 V0.012 U0.344 P0.034 F600
G1 X163.74 Y162.12 V0.022 U0.648 P0.034 F600
G1 X163.37 Y161.99 V0.013 U0.389 P0.034 F600
G1 X163.00 Y161.85 V0.013 U0.388 P0.034 F600
G1 X162.64 Y161.68 V0.013 U0.388 P0.034 F600
G1 X161.95 Y161.35 V0.026 U0.750 P0.034 F600
M104 S250 T1 ; FS_PREHEAT next_tool=1 lead_s=15
G1 X161.07 Y160.84 V0.034 U0.998 P0.034 F600
G1 X160.57 Y160.50 V0.020 U0.596 P0.034 F600
G1 X159.39 Y159.57 V0.050 U1.463 P0.034 F600
G1 X139.37 Y141.70 V0.894 U26.301 P0.034 F600
G1 X138.55 Y141.06 V0.035 U1.027 P0.034 F600
M73 P59 R5
G1 X138.24 Y140.83 V0.013 U0.370 P0.034 F600
G1 X137.93 Y140.62 V0.013 U0.370 P0.034 F600
G1 X137.61 Y140.42 V0.013 U0.370 P0.034 F600
G1 X137.27 Y140.24 V0.013 U0.379 P0.034 F600
G1 X136.92 Y140.06 V0.013 U0.379 P0.034 F600
G1 X136.57 Y139.91 V0.013 U0.379 P0.034 F600
G1 X136.25 Y139.77 V0.012 U0.342 P0.034 F600
G1 X135.57 Y139.52 V0.024 U0.714 P0.034 F600
G1 X134.87 Y139.30 V0.024 U0.714 P0.034 F600
G1 X134.52 Y139.21 V0.012 U0.354 P0.034 F600
G1 X134.16 Y139.12 V0.012 U0.360 P0.034 F600
G1 X133.80 Y139.06 V0.012 U0.360 P0.034 F600
G1 X133.44 Y139.01 V0.012 U0.360 P0.034 F600
G1 X133.07 Y138.97 V0.012 U0.360 P0.034 F600
G1 X132.37 Y138.92 V0.023 U0.689 P0.034 F600
G1 X131.32 Y138.93 V0.035 U1.027 P0.034 F600
G1 X131.21 Y138.93 V0.004 U0.116 P0.034 F600
G1 X131.09 Y138.95 V0.004 U0.116 P0.034 F600
G1 X130.97 Y138.96 V0.004 U0.116 P0.034 F600
G1 X130.11 Y139.08 V0.029 U0.854 P0.034 F600
G1 X129.76 Y139.14 V0.012 U0.347 P0.034 F600
G1 X129.41 Y139.21 V0.012 U0.347 P0.034 F600
G1 X129.07 Y139.30 V0.012 U0.348 P0.034 F600
G1 X128.68 Y139.42 V0.014 U0.402 P0.034 F600
G1 X128.29 Y139.55 V0.014 U0.401 P0.034 F600
G1 X127.91 Y139.70 V0.014 U0.401 P0.034 F600
G1 X127.61 Y139.83 V0.011 U0.320 P0.034 F600
G1 X126.95 Y140.14 V0.024 U0.715 P0.034 F600
G1 X126.31 Y140.50 V0.024 U0.715 P0.034 F600
G1 X126.02 Y140.67 V0.011 U0.328 P0.034 F600
G1 X125.69 Y140.88 V0.013 U0.388 P0.034 F600
G1 X125.37 Y141.11 V0.013 U0.388 P0.034 F600
G1 X125.05 Y141.35 V0.013 U0.388 P0.034 F600
G1 X124.77 Y141.58 V0.012 U0.354 P0.034 F600
G1 X124.51 Y141.82 V0.012 U0.354 P0.034 F600
G1 X124.25 Y142.08 V0.012 U0.354 P0.034 F600
G1 X123.69 Y142.65 V0.027 U0.783 P0.034 F600
G1 X123.51 Y142.86 V0.009 U0.275 P0.034 F600
G1 X123.33 Y143.08 V0.009 U0.275 P0.034 F600
G1 X123.17 Y143.31 V0.009 U0.275 P0.034 F600
G1 X122.63 Y144.08 V0.031 U0.924 P0.034 F600
G1 X122.47 Y144.32 V0.009 U0.279 P0.034 F600
G1 X122.33 Y144.56 V0.009 U0.279 P0.034 F600
G1 X122.19 Y144.81 V0.009 U0.279 P0.034 F600
G1 X122.04 Y145.10 V0.011 U0.315 P0.034 F600
G1 X121.90 Y145.39 V0.011 U0.315 P0.034 F600
G1 X121.78 Y145.69 V0.011 U0.315 P0.034 F600
G1 X121.64 Y146.07 V0.014 U0.398 P0.034 F600
G1 X121.40 Y146.75 V0.024 U0.712 P0.034 F600
G1 X121.21 Y147.45 V0.024 U0.712 P0.034 F600
G1 X121.11 Y147.85 V0.014 U0.404 P0.034 F600
G1 X121.05 Y148.17 V0.011 U0.314 P0.034 F600
G1 X121.00 Y148.48 V0.011 U0.314 P0.034 F600
G1 X120.95 Y148.80 V0.011 U0.314 P0.034 F600
G1 X120.92 Y149.24 V0.015 U0.435 P0.034 F600
G1 X120.90 Y149.69 V0.015 U0.435 P0.034 F600
G1 X120.91 Y150.13 V0.015 U0.435 P0.034 F600
G1 X120.93 Y150.74 V0.020 U0.600 P0.034 F600
G1 X120.96 Y151.15 V0.014 U0.403 P0.034 F600
G1 X121.01 Y151.56 V0.014 U0.403 P0.034 F600
G1 X121.08 Y151.97 V0.014 U0.404 P0.034 F600
G1 X121.14 Y152.29 V0.011 U0.321 P0.034 F600
G1 X121.19 Y152.59 V0.010 U0.297 P0.034 F600
G1 X121.26 Y152.88 V0.010 U0.297 P0.034 F600
G1 X121.34 Y153.17 V0.010 U0.297 P0.034 F600
G1 X121.54 Y153.75 V0.020 U0.598 P0.034 F600
G1 X121.74 Y154.27 V0.018 U0.544 P0.034 F600
G1 X122.00 Y154.82 V0.020 U0.597 P0.034 F600
G1 X122.28 Y155.36 V0.020 U0.596 P0.034 F600
G1 X122.59 Y155.89 V0.020 U0.596 P0.034 F600
G1 X122.88 Y156.34 V0.018 U0.526 P0.034 F600
G1 X123.04 Y156.59 V0.010 U0.292 P0.034 F600
G1 X123.22 Y156.83 V0.010 U0.292 P0.034 F600
G1 X123.40 Y157.06 V0.010 U0.292 P0.034 F600
G1 X123.71 Y157.41 V0.016 U0.456 P0.034 F600
G1 X124.03 Y157.75 V0.016 U0.456 P0.034 F600
G1 X124.37 Y158.07 V0.016 U0.456 P0.034 F600
G1 X124.57 Y158.25 V0.009 U0.265 P0.034 F600
G1 X125.13 Y158.73 V0.024 U0.720 P0.034 F600
G1 X125.72 Y159.16 V0.024 U0.720 P0.034 F600
G1 X126.35 Y159.56 V0.025 U0.727 P0.034 F600
G1 X126.99 Y159.91 V0.024 U0.716 P0.034 F600
G1 X127.65 Y160.22 V0.024 U0.716 P0.034 F600
G1 X128.33 Y160.48 V0.024 U0.716 P0.034 F600
G1 X128.50 Y160.54 V0.006 U0.172 P0.034 F600
G1 X129.06 Y160.72 V0.020 U0.580 P0.034 F600
G1 X129.64 Y160.86 V0.020 U0.580 P0.034 F600
G1 X130.22 Y160.98 V0.020 U0.581 P0.034 F600
G1 X130.68 Y161.05 V0.016 U0.462 P0.034 F600
G1 X130.76 Y161.06 V0.002 U0.071 P0.034 F600
G1 X130.83 Y161.08 V0.002 U0.071 P0.034 F600
G1 X130.90 Y161.10 V0.002 U0.072 P0.034 F600
G1 X130.90 Y162.78 V0.056 U1.644 P0.034 F600
G1 X130.90 Y162.80 V0.001 U0.026 P0.034 F600
G1 X130.89 Y162.83 V0.001 U0.026 P0.034 F600
G1 X130.89 Y162.85 V0.001 U0.026 P0.034 F600
G1 X130.53 Y162.82 V0.012 U0.352 P0.034 F600
G1 X129.61 Y162.65 V0.031 U0.915 P0.034 F600
G1 X128.93 Y162.51 V0.023 U0.690 P0.034 F600
G1 X128.25 Y162.32 V0.023 U0.690 P0.034 F600
G1 X127.56 Y162.11 V0.024 U0.703 P0.034 F600
G1 X126.91 Y161.86 V0.023 U0.682 P0.034 F600
G1 X126.56 Y161.69 V0.013 U0.385 P0.034 F600
G1 X126.21 Y161.52 V0.013 U0.385 P0.034 F600
G1 X125.86 Y161.33 V0.013 U0.385 P0.034 F600
G1 X125.50 Y161.12 V0.014 U0.412 P0.034 F600
G1 X124.90 Y160.74 V0.024 U0.692 P0.034 F600
G1 X124.32 Y160.34 V0.024 U0.692 P0.034 F600
G1 X123.71 Y159.87 V0.026 U0.754 P0.034 F600
G1 X123.36 Y159.58 V0.015 U0.450 P0.034 F600
G1 X122.58 Y158.81 V0.036 U1.071 P0.034 F600
G1 X121.92 Y158.05 V0.033 U0.985 P0.034 F600
G1 X121.78 Y157.86 V0.008 U0.236 P0.034 F600
G1 X121.63 Y157.66 V0.008 U0.236 P0.034 F600
G1 X121.50 Y157.46 V0.008 U0.236 P0.034 F600
G1 X121.09 Y156.82 V0.025 U0.743 P0.034 F600
G1 X120.74 Y156.24 V0.023 U0.672 P0.034 F600
G1 X120.42 Y155.63 V0.023 U0.672 P0.034 F600
G1 X120.13 Y155.02 V0.022 U0.660 P0.034 F600
; Start to cut
M2800
M400
;CUT DISTANCE 54.8
G1 X119.85 Y154.32 V0.018 F600
G1 X119.63 Y153.61 V0.018 F600
G1 X119.47 Y152.94 V0.017 F600
G1 X119.33 Y152.26 V0.017 F600
G1 X119.24 Y151.58 V0.017 F600
G1 X119.13 Y150.60 V0.024 F600
G1 X119.12 Y150.16 V0.011 F600
G1 X119.13 Y149.64 V0.012 F600
G1 X119.16 Y149.12 V0.012 F600
G1 X119.21 Y148.61 V0.012 F600
G1 X119.24 Y148.36 V0.006 F600
G1 X119.36 Y147.63 V0.018 F600
G1 X119.53 Y146.90 V0.018 F600
G1 X119.60 Y146.61 V0.007 F600
G1 X119.79 Y145.97 V0.016 F600
G1 X120.01 Y145.35 V0.016 F600
G1 X120.25 Y144.73 V0.016 F600
G1 X120.60 Y144.01 V0.019 F600
G1 X120.94 Y143.41 V0.017 F600
G1 X121.34 Y142.81 V0.017 F600
M73 P60 R5
G1 X121.76 Y142.24 V0.017 F600
G1 X122.20 Y141.69 V0.017 F600
G1 X122.80 Y140.99 V0.022 F600
G1 X123.15 Y140.65 V0.012 F600
G1 X123.90 Y139.99 V0.024 F600
G1 X124.74 Y139.38 V0.025 F600
G1 X125.12 Y139.12 V0.011 F600
G1 X126.23 Y138.51 V0.030 F600
G1 X126.45 Y138.40 V0.006 F600
G1 X126.67 Y138.29 V0.006 F600
G1 X126.90 Y138.20 V0.006 F600
G1 X127.87 Y137.81 V0.025 F600
G1 X128.68 Y137.57 V0.020 F600
G1 X129.30 Y137.42 V0.015 F600
G1 X130.11 Y137.30 V0.020 F600
G1 X130.81 Y137.21 V0.017 F600
G1 X131.51 Y137.17 V0.017 F600
G1 X132.34 Y137.14 V0.020 F600
G1 X132.88 Y137.16 V0.013 F600
G1 X133.82 Y137.26 V0.023 F600
G1 X134.61 Y137.41 V0.019 F600
G1 X134.95 Y137.49 V0.008 F600
G1 X135.29 Y137.57 V0.008 F600
G1 X135.63 Y137.67 V0.008 F600
G1 X136.26 Y137.88 V0.016 F600
G1 X136.63 Y138.01 V0.010 F600
G1 X137.00 Y138.15 V0.010 F600
G1 X137.36 Y138.32 V0.010 F600
G1 X138.05 Y138.65 V0.018 F600
G1 X138.93 Y139.16 V0.024 F600
G1 X139.43 Y139.50 V0.015 F600
G1 X140.61 Y140.43 V0.036 F600
G1 X155.55 Y153.76 V0.480 F600
; Cutting completed.
G1 F600 V-1.000 ; Retract
M73 P60 R4
; FS_RELEASE_BEGIN length_mm=6.800 speed_mm_s=10.000
G1 X160.619 Y158.292 F600
; FS_RELEASE_END physical_clearance=unmeasured
M1002
M400
G1 F600 V-4.000 ; Toolchange matrix retract
G1 F1200 Z3.00
MOVE_TO_BRUSH_STATION
CLEAN_NOZZLE
M104 S180 T0 ; standby
M104 S250 T1 ; pre-charge
M109 S250 T1
MOVE_OUT_BRUSH_STATION
M106 P2 S0 ; fibre-side cooling, fan4, owned by T0 (idle)
M106 P1 S181 ; part-cooling, fan3, owned by T1 (depositing)
M106 P3 S0 ; auxiliary fan off while T1 deposits
M106 P5 S0 ; exhaust fan off while T1 deposits
T1 ; switch extruder type to:PLASTIC
; FIBER TURNS: 80 joints tighter than 12.00 mm, policy=keep, splits=0
M106 S181
;LAYER_CHANGE
;Z:2.52
;HEIGHT:0.12
;_SET_FAN_SPEED_CHANGING_LAYER
; printing object s+hook+20mm id:0 copy 0
M104 S270 T0 ; FS_PREHEAT next_tool=0 lead_s=15
G1 X178.572 Y149.055 Z2.52 F9000
G1 Z2.52 F9000
G1 E10 F1500
;TYPE:Inner wall
;WIDTH:0.419999
G1 F7200
G1 X178.571 Y149.005 E.00098
G1 X178.323 Y147.499 E.03002
G1 X178.179 Y146.963 E.01092
G1 X177.997 Y146.428 E.01112
G1 X177.797 Y145.92 E.01074
G1 X177.29 Y144.845 E.02338
G1 X176.557 Y143.696 E.02681
G1 X176.207 Y143.247 E.0112
G1 X175.611 Y142.581 E.01758
G1 X175.088 Y142.099 E.01399
G1 X174.555 Y141.632 E.01394
G1 X173.388 Y140.835 E.0278
G1 X172.146 Y140.208 E.02737
G1 X170.785 Y139.738 E.02832
G1 X169.705 Y139.516 E.02169
G1 X169.092 Y139.423 E.0122
G1 X168.808 Y139.339 E.00583
G1 X168.64 Y139.138 E.00515
G1 X168.606 Y138.966 E.00345
G1 X168.604 Y137.134 E.03603
G1 X168.648 Y136.873 E.00521
G1 X168.803 Y136.708 E.00445
G1 X169.02 Y136.65 E.00442
G1 X169.535 Y136.688 E.01016
G1 X171.196 Y136.987 E.0332
G1 X172.604 Y137.416 E.02895
G1 X173.284 Y137.687 E.0144
G1 X174.03 Y138.035 E.01619
G1 X175.379 Y138.817 E.03067
G1 X176.524 Y139.677 E.02817
G1 X176.977 Y140.057 E.01163
G1 X177.784 Y140.851 E.02227
G1 X178.468 Y141.647 E.02064
G1 X178.777 Y142.047 E.00994
G1 X179.713 Y143.511 E.03418
G1 X180.334 Y144.79 E.02797
G1 X180.617 Y145.519 E.01538
G1 X180.853 Y146.254 E.01518
G1 X181.202 Y147.793 E.03104
G1 X181.319 Y148.901 E.02191
G1 X181.382 Y149.841 E.01853
G1 X181.349 Y150.922 E.02127
G1 X181.226 Y152.014 E.02161
G1 X181.137 Y152.516 E.01003
G1 X180.741 Y154.093 E.03198
G1 X180.204 Y155.473 E.02913
G1 X179.84 Y156.22 E.01634
G1 X179.486 Y156.85 E.01421
G1 X178.596 Y158.155 E.03107
G1 X177.559 Y159.348 E.03109
G1 X177.185 Y159.715 E.01031
G1 X176.407 Y160.394 E.02031
G1 X175.688 Y160.924 E.01757
G1 X175.141 Y161.3 E.01306
G1 X173.996 Y161.93 E.02571
G1 X173.542 Y162.163 E.01004
G1 X172.296 Y162.656 E.02636
G1 X171.452 Y162.912 E.01735
G1 X170.798 Y163.069 E.01323
G1 X169.237 Y163.307 E.03106
G1 X167.657 Y163.36 E.03109
G1 X167.084 Y163.333 E.01128
G1 X166.108 Y163.23 E.0193
G1 X165.287 Y163.074 E.01644
G1 X164.581 Y162.92 E.01421
G1 X163.578 Y162.59 E.02077
G1 X162.814 Y162.319 E.01594
G1 X161.702 Y161.787 E.02425
G1 X160.812 Y161.269 E.02025
G1 X160.282 Y160.911 E.01258
G1 X159.075 Y159.954 E.0303
G1 X139.055 Y142.084 E.52783
G1 X137.963 Y141.233 E.02723
G1 X137.348 Y140.846 E.01429
G1 X136.696 Y140.497 E.01455
G1 X135.389 Y139.957 E.02782
G1 X134.042 Y139.599 E.02741
G1 X133.375 Y139.491 E.01329
G1 X132.341 Y139.421 E.02038
G1 X131.241 Y139.427 E.02164
G1 X129.849 Y139.62 E.02764
G1 X129.188 Y139.781 E.01338
G1 X128.439 Y140.017 E.01545
G1 X127.141 Y140.579 E.02782
G1 X125.947 Y141.295 E.02738
G1 X125.353 Y141.744 E.01465
G1 X124.825 Y142.194 E.01365
G1 X123.878 Y143.18 E.02689
G1 X123.573 Y143.593 E.0101
G1 X122.883 Y144.586 E.02378
G1 X122.623 Y145.052 E.0105
G1 X122.344 Y145.607 E.01222
G1 X121.852 Y146.891 E.02705
G1 X121.529 Y148.259 E.02765
G1 X121.446 Y148.866 E.01205
G1 X121.388 Y149.717 E.01678
G1 X121.415 Y150.487 E.01515
G1 X121.442 Y151.13 E.01266
G1 X121.677 Y152.501 E.02736
G1 X121.821 Y153.037 E.01092
G1 X122.003 Y153.572 E.01112
G1 X122.203 Y154.08 E.01074
G1 X122.71 Y155.155 E.02338
G1 X123.443 Y156.304 E.02681
G1 X123.793 Y156.753 E.0112
G1 X124.389 Y157.419 E.01758
G1 X124.912 Y157.901 E.01399
G1 X125.445 Y158.368 E.01394
G1 X126.612 Y159.165 E.0278
G1 X127.854 Y159.792 E.02737
G1 X129.215 Y160.262 E.02832
G1 X130.295 Y160.484 E.02169
G1 X130.908 Y160.577 E.0122
G1 X131.192 Y160.661 E.00583
G1 X131.36 Y160.862 E.00515
G1 X131.394 Y161.034 E.00345
G1 X131.396 Y162.872 E.03615
G1 X131.356 Y163.122 E.00498
G1 X131.22 Y163.276 E.00404
G1 X130.984 Y163.348 E.00485
G1 X130.465 Y163.312 E.01023
G1 X128.804 Y163.013 E.0332
G1 X127.396 Y162.584 E.02895
G1 X126.716 Y162.313 E.0144
G1 X125.97 Y161.965 E.01619
G1 X124.621 Y161.183 E.03067
G1 X123.476 Y160.323 E.02817
G1 X123.023 Y159.943 E.01163
G1 X122.216 Y159.149 E.02227
G1 X121.532 Y158.353 E.02064
G1 X121.223 Y157.953 E.00994
G1 X120.287 Y156.489 E.03418
G1 X119.666 Y155.21 E.02797
G1 X119.383 Y154.481 E.01538
G1 X119.147 Y153.744 E.01522
G1 X118.823 Y152.352 E.02811
G1 X118.638 Y150.69 E.03289
G1 X118.618 Y150.159 E.01045
G1 X118.651 Y149.078 E.02127
G1 X118.774 Y147.986 E.02161
G1 X118.863 Y147.484 E.01003
G1 X119.259 Y145.907 E.03198
G1 X119.796 Y144.527 E.02913
G1 X120.16 Y143.78 E.01634
G1 X120.515 Y143.149 E.01424
G1 X121.344 Y141.923 E.02911
G1 X122.442 Y140.652 E.03304
G1 X122.815 Y140.285 E.01029
G1 X123.593 Y139.606 E.02031
G1 X124.312 Y139.076 E.01757
G1 X124.859 Y138.7 E.01306
G1 X126.004 Y138.07 E.02571
G1 X126.458 Y137.837 E.01004
G1 X127.704 Y137.344 E.02636
G1 X128.548 Y137.088 E.01735
G1 X129.202 Y136.931 E.01323
G1 X130.763 Y136.693 E.03106
G1 X132.343 Y136.64 E.03109
G1 X132.916 Y136.667 E.01128
M73 P61 R4
G1 X133.892 Y136.77 E.0193
G1 X134.713 Y136.926 E.01644
G1 X135.419 Y137.08 E.01421
G1 X136.422 Y137.41 E.02077
G1 X137.186 Y137.681 E.01594
G1 X138.298 Y138.213 E.02425
G1 X139.188 Y138.731 E.02025
G1 X139.718 Y139.089 E.01258
G1 X140.925 Y140.046 E.0303
G1 X160.945 Y157.916 E.52783
G1 X162.037 Y158.767 E.02723
G1 X162.652 Y159.154 E.01429
G1 X163.304 Y159.503 E.01455
G1 X164.611 Y160.043 E.02782
G1 X165.958 Y160.401 E.02741
G1 X166.625 Y160.509 E.01329
G1 X167.659 Y160.579 E.02038
G1 X168.759 Y160.573 E.02164
G1 X170.151 Y160.38 E.02764
G1 X170.812 Y160.219 E.01338
G1 X171.561 Y159.983 E.01545
G1 X172.859 Y159.421 E.02782
G1 X174.053 Y158.705 E.02738
G1 X174.647 Y158.256 E.01465
G1 X175.173 Y157.808 E.01359
G1 X176.064 Y156.888 E.02519
G1 X176.372 Y156.475 E.01013
G1 X177.119 Y155.411 E.02557
G1 X177.377 Y154.948 E.01043
G1 X177.656 Y154.393 E.01222
G1 X178.148 Y153.109 E.02705
G1 X178.475 Y151.725 E.02797
G1 X178.583 Y150.724 E.0198
G1 X178.6 Y149.878 E.01664
G1 X178.574 Y149.095 E.01541
G1 X178.169 Y149.071 F9000
;TYPE:Outer wall
G1 F6000
G1 X177.929 Y147.604 E.02924
G1 X177.791 Y147.088 E.01051
G1 X177.611 Y146.559 E.01099
G1 X177.426 Y146.088 E.00995
G1 X176.947 Y145.064 E.02224
G1 X176.224 Y143.931 E.02644
G1 X175.902 Y143.517 E.01032
G1 X175.34 Y142.885 E.01663
G1 X174.324 Y141.967 E.02693
G1 X173.203 Y141.198 E.02674
G1 X172.006 Y140.591 E.0264
G1 X170.703 Y140.137 E.02714
G1 X169.623 Y139.915 E.02169
G1 X169.046 Y139.828 E.01148
G1 X168.567 Y139.686 E.00983
G1 X168.261 Y139.319 E.0094
G1 X168.199 Y139.007 E.00626
G1 X168.197 Y137.134 E.03684
G1 X168.267 Y136.706 E.00853
G1 X168.456 Y136.441 E.0064
G1 X168.732 Y136.276 E.00632
G1 X169.066 Y136.234 E.00662
G1 X169.591 Y136.284 E.01037
G1 X171.292 Y136.591 E.034
G1 X172.739 Y137.032 E.02975
G1 X173.445 Y137.313 E.01495
G1 X174.217 Y137.673 E.01675
G1 X175.613 Y138.484 E.03176
G1 X176.86 Y139.42 E.03067
G1 X177.254 Y139.758 E.01021
G1 X178.081 Y140.573 E.02284
G1 X178.776 Y141.381 E.02096
G1 X179.11 Y141.814 E.01076
G1 X180.069 Y143.312 E.03498
G1 X180.708 Y144.628 E.02877
G1 X181 Y145.383 E.01592
G1 X181.246 Y146.147 E.01579
G1 X181.604 Y147.727 E.03186
G1 X181.724 Y148.858 E.02237
G1 X181.789 Y149.841 E.01938
G1 X181.756 Y150.951 E.02184
G1 X181.549 Y152.55 E.03171
G1 X181.092 Y154.314 E.03584
G1 X180.577 Y155.636 E.02791
G1 X180.2 Y156.409 E.01692
G1 X179.832 Y157.065 E.01479
G1 X178.919 Y158.404 E.03188
G1 X177.856 Y159.627 E.03187
G1 X177.462 Y160.014 E.01086
G1 X176.663 Y160.711 E.02085
G1 X175.776 Y161.364 E.02166
G1 X175.35 Y161.65 E.01009
G1 X174.192 Y162.287 E.026
G1 X173.703 Y162.537 E.0108
G1 X172.43 Y163.041 E.02693
G1 X171.559 Y163.305 E.0179
G1 X170.876 Y163.468 E.01381
G1 X169.274 Y163.713 E.03188
G1 X167.654 Y163.767 E.03188
G1 X167.053 Y163.739 E.01183
G1 X166.048 Y163.633 E.01988
G1 X165.211 Y163.474 E.01676
G1 X164.467 Y163.312 E.01498
G1 X163.451 Y162.977 E.02104
G1 X162.649 Y162.691 E.01675
G1 X161.526 Y162.154 E.02448
G1 X160.586 Y161.608 E.02138
G1 X160.029 Y161.23 E.01324
G1 X158.812 Y160.266 E.03054
G1 X138.794 Y142.396 E.5278
G1 X137.729 Y141.566 E.02656
G1 X137.154 Y141.204 E.01336
G1 X136.539 Y140.873 E.01374
G1 X135.283 Y140.351 E.02675
G1 X133.975 Y140.001 E.02663
G1 X133.336 Y139.896 E.01274
G1 X132.343 Y139.828 E.01958
G1 X131.27 Y139.834 E.02111
G1 X129.926 Y140.021 E.02669
G1 X129.309 Y140.169 E.01248
G1 X128.6 Y140.391 E.01461
G1 X127.35 Y140.929 E.02677
G1 X126.189 Y141.623 E.0266
G1 X125.615 Y142.055 E.01413
G1 X125.118 Y142.476 E.01281
G1 X124.193 Y143.439 E.02626
G1 X123.902 Y143.834 E.00965
G1 X123.232 Y144.794 E.02303
G1 X122.986 Y145.236 E.00995
G1 X122.724 Y145.752 E.01138
G1 X122.242 Y147.011 E.02652
G1 X121.93 Y148.332 E.0267
G1 X121.852 Y148.895 E.01118
G1 X121.795 Y149.703 E.01593
G1 X121.844 Y151.062 E.02675
G1 X121.972 Y151.816 E.01504
G1 X122.071 Y152.396 E.01157
G1 X122.209 Y152.912 E.01051
G1 X122.389 Y153.442 E.01101
G1 X122.574 Y153.912 E.00993
G1 X123.053 Y154.936 E.02224
G1 X123.776 Y156.069 E.02644
G1 X124.098 Y156.483 E.01032
G1 X124.664 Y157.119 E.01675
G1 X125.676 Y158.033 E.02682
G1 X126.797 Y158.802 E.02674
G1 X127.994 Y159.409 E.0264
G1 X129.297 Y159.863 E.02714
G1 X130.377 Y160.085 E.02169
G1 X130.954 Y160.172 E.01148
G1 X131.433 Y160.314 E.00983
G1 X131.739 Y160.681 E.0094
G1 X131.801 Y160.993 E.00626
G1 X131.803 Y162.871 E.03694
G1 X131.739 Y163.28 E.00814
G1 X131.571 Y163.533 E.00597
G1 X131.29 Y163.715 E.00659
G1 X130.937 Y163.767 E.00702
G1 X130.409 Y163.716 E.01043
G1 X128.708 Y163.409 E.034
G1 X127.261 Y162.968 E.02975
G1 X126.555 Y162.687 E.01495
G1 X125.783 Y162.327 E.01675
G1 X124.387 Y161.516 E.03176
G1 X123.14 Y160.58 E.03067
G1 X122.746 Y160.242 E.01021
G1 X121.919 Y159.427 E.02284
G1 X121.224 Y158.619 E.02096
G1 X120.89 Y158.186 E.01076
G1 X119.931 Y156.688 E.03498
G1 X119.292 Y155.372 E.02877
G1 X119 Y154.617 E.01592
G1 X118.754 Y153.853 E.01579
G1 X118.421 Y152.421 E.02892
G1 X118.225 Y150.661 E.03483
G1 X118.211 Y150.159 E.00988
G1 X118.244 Y149.049 E.02184
G1 X118.451 Y147.45 E.03171
G1 X118.908 Y145.686 E.03584
G1 X119.423 Y144.364 E.02791
G1 X119.8 Y143.591 E.01692
G1 X120.168 Y142.935 E.01479
G1 X121.02 Y141.675 E.02992
G1 X122.145 Y140.373 E.03384
G1 X122.538 Y139.986 E.01085
G1 X123.337 Y139.289 E.02085
G1 X124.224 Y138.636 E.02166
G1 X124.65 Y138.35 E.01009
G1 X125.808 Y137.713 E.026
G1 X126.297 Y137.463 E.0108
G1 X127.57 Y136.959 E.02693
G1 X128.441 Y136.695 E.0179
G1 X129.124 Y136.532 E.01381
G1 X130.726 Y136.287 E.03188
G1 X132.346 Y136.233 E.03188
G1 X132.947 Y136.261 E.01183
G1 X133.952 Y136.367 E.01988
G1 X134.789 Y136.526 E.01676
G1 X135.533 Y136.688 E.01498
G1 X136.549 Y137.023 E.02104
G1 X137.351 Y137.309 E.01675
G1 X138.474 Y137.846 E.02448
G1 X139.414 Y138.392 E.02138
G1 X139.971 Y138.77 E.01324
G1 X141.188 Y139.734 E.03054
G1 X161.206 Y157.604 E.5278
G1 X162.271 Y158.434 E.02656
G1 X162.846 Y158.796 E.01336
G1 X163.461 Y159.127 E.01374
G1 X164.717 Y159.649 E.02675
G1 X166.025 Y159.999 E.02663
G1 X166.664 Y160.104 E.01274
G1 X167.657 Y160.172 E.01958
G1 X168.73 Y160.166 E.02111
G1 X170.074 Y159.979 E.02669
G1 X170.691 Y159.831 E.01248
G1 X171.4 Y159.609 E.01461
G1 X172.65 Y159.071 E.02677
G1 X173.811 Y158.377 E.0266
G1 X174.385 Y157.945 E.01413
G1 X174.881 Y157.525 E.01278
G1 X175.75 Y156.629 E.02455
G1 X176.769 Y155.203 E.03447
G1 X177.014 Y154.764 E.00989
G1 X177.276 Y154.248 E.01138
G1 X177.758 Y152.989 E.02652
G1 X178.073 Y151.655 E.02696
G1 X178.177 Y150.695 E.01899
G1 X178.193 Y149.89 E.01584
G1 X178.17 Y149.111 E.01533
G1 E-1 F1200
G1 X173.347 Y138.042 F9000
G1 E1 F1500
;TYPE:Sparse infill
;WIDTH:0.42
G1 F7200
G1 X173.894 Y138.298 E.01188
G1 X174.739 Y138.781 E.01914
G1 X175.278 Y139.462 E.0171
G1 X175.592 Y139.776 E.00872
G1 X178.319 Y141.936 E.06843
G1 X178.534 Y142.217 E.00696
G1 X179.455 Y143.656 E.0336
G1 X180.063 Y144.908 E.02739
G1 X180.338 Y145.618 E.01496
G1 X180.567 Y146.332 E.01476
G1 X180.909 Y147.842 E.03045
G1 X181.073 Y149.386 E.03054
G1 X181.086 Y149.84 E.00894
G1 X181.054 Y150.901 E.02087
G1 X181.025 Y151.158 E.0051
G1 X178.916 Y148.495 E.06683
G1 X178.757 Y148.336 E.00442
G1 X178.874 Y149.069 E.01461
G1 X178.907 Y150.33 E.0248
G1 X178.846 Y151.191 E.01698
G1 X178.753 Y151.834 E.01279
G1 X178.413 Y153.243 E.0285
G1 X178.175 Y153.864 E.01309
G1 X178.602 Y154.203 E.01072
G1 X178.916 Y154.516 E.00872
G1 X179.798 Y155.631 E.02796
G1 X179.578 Y156.083 E.0099
G1 X179.234 Y156.694 E.01379
G1 X178.362 Y157.974 E.03046
G1 X177.297 Y159.191 E.03181
G1 X175.572 Y157.821 E.04332
G1 X175.382 Y158.017 E.00537
G1 X174.749 Y158.557 E.01638
G1 X174.161 Y158.988 E.01433
G1 X172.98 Y159.692 E.02704
G1 X172.285 Y159.99 E.01489
G1 X172.581 Y160.224 E.00743
G1 X172.894 Y160.538 E.00872
G1 X173.81 Y161.695 E.02903
G1 X173.425 Y161.891 E.0085
G1 X172.199 Y162.376 E.02594
G1 X171.375 Y162.626 E.01693
G1 X170.741 Y162.778 E.01282
G1 X169.209 Y163.012 E.03048
G1 X168.841 Y163.024 E.00724
G1 X167.121 Y160.852 E.0545
G1 X166.587 Y160.803 E.01056
G1 X165.887 Y160.688 E.01395
G1 X165.567 Y160.603 E.0065
G1 E-1 F1200
G1 X162.87 Y162.018 F9000
G1 E1 F1500
G1 F7200
G1 X161.789 Y161.501 E.02358
G1 X161.462 Y161.31 E.00744
G1 X160.851 Y160.538 E.01937
G1 X160.538 Y160.224 E.00872
G1 X157.527 Y157.84 E.07554
G1 X157.214 Y157.527 E.00872
G1 X154.83 Y154.516 E.07554
G1 X154.516 Y154.203 E.00872
G1 X151.505 Y151.819 E.07554
G1 X151.192 Y151.505 E.00872
G1 X148.808 Y148.495 E.07554
G1 X148.495 Y148.181 E.00872
G1 X145.484 Y145.797 E.07554
G1 X145.17 Y145.484 E.00872
G1 X142.786 Y142.473 E.07554
G1 X142.473 Y142.16 E.00872
G1 X139.462 Y139.776 E.07554
G1 X139.149 Y139.462 E.00872
G1 X138.538 Y138.69 E.01937
G1 X138.211 Y138.499 E.00744
G1 X137.13 Y137.982 E.02358
G1 E-1 F1200
G1 X134.432 Y139.398 F9000
G1 E1 F1500
G1 F7200
G1 X134.114 Y139.312 E.0065
G1 X133.413 Y139.197 E.01395
G1 X132.879 Y139.148 E.01056
G1 X131.159 Y136.977 E.05447
G1 X130.791 Y136.988 E.00726
G1 X129.259 Y137.222 E.03047
G1 X128.625 Y137.374 E.01282
G1 X127.801 Y137.624 E.01693
G1 X126.575 Y138.109 E.02594
G1 X126.19 Y138.305 E.0085
G1 X127.106 Y139.462 E.02903
G1 X127.419 Y139.776 E.00872
G1 X127.717 Y140.011 E.00746
G1 X126.995 Y140.322 E.01545
G1 X125.839 Y141.012 E.02649
G1 X125.251 Y141.443 E.01433
G1 X124.615 Y141.986 E.01645
G1 X124.428 Y142.18 E.0053
G1 X122.703 Y140.809 E.04334
G1 X121.579 Y142.103 E.03371
G1 X120.767 Y143.305 E.02853
G1 X120.422 Y143.917 E.01382
G1 X120.202 Y144.369 E.0099
G1 X121.084 Y145.484 E.02796
G1 X121.398 Y145.797 E.00872
G1 X121.827 Y146.137 E.01078
G1 X121.56 Y146.845 E.01487
G1 X121.247 Y148.166 E.0267
G1 X121.154 Y148.809 E.01278
G1 X121.093 Y149.671 E.01699
G1 X121.144 Y151.129 E.02869
G1 X121.232 Y151.653 E.01047
G1 X121.084 Y151.505 E.00411
G1 X118.975 Y148.842 E.06683
G1 X118.946 Y149.099 E.0051
G1 X118.914 Y150.16 E.02087
G1 X118.927 Y150.612 E.0089
G1 X119.115 Y152.302 E.03344
G1 X119.432 Y153.666 E.02754
G1 X119.662 Y154.382 E.01481
G1 X119.937 Y155.092 E.01496
G1 X120.545 Y156.344 E.02739
G1 X121.466 Y157.783 E.0336
G1 X121.681 Y158.064 E.00696
G1 X124.408 Y160.224 E.06843
G1 X124.722 Y160.538 E.00872
G1 X125.261 Y161.219 E.0171
G1 X126.106 Y161.702 E.01914
G1 X126.653 Y161.958 E.01188
; stop printing object s+hook+20mm id:0 copy 0
M106 S51
;LAYER_CHANGE
;Z:2.64
;HEIGHT:0.12
;_SET_FAN_SPEED_CHANGING_LAYER
; printing object s+hook+20mm id:0 copy 0
G1 E-1 F1200
G1 X181.262 Y151.692 Z2.64 F9000
G1 E1 F1500
;TYPE:Inner wall
;WIDTH:0.419999
G1 F7200
G1 X181.226 Y152.014 E.00637
G1 X181.137 Y152.516 E.01003
G1 X181.034 Y152.929 E.00837
G1 E-1 F1200
G1 X118.738 Y148.308 F9000
G1 E1 F1500
M73 P62 R4
G1 F7200
G1 X118.774 Y147.986 E.00637
G1 X118.863 Y147.484 E.01003
G1 X118.966 Y147.071 E.00837
G1 E-1 F1200
G1 X121.852 Y148.895 F9000
G1 E1 F1500
;TYPE:Outer wall
G1 F6000
G1 X121.795 Y149.703 E.01593
G1 X121.844 Y151.062 E.02675
G1 X121.972 Y151.816 E.01504
G1 X122.071 Y152.396 E.01157
G1 X122.209 Y152.912 E.01051
G1 X122.389 Y153.442 E.01101
G1 X122.574 Y153.912 E.00993
G1 X123.053 Y154.936 E.02224
G1 X123.776 Y156.069 E.02644
G1 X124.098 Y156.483 E.01032
G1 X124.664 Y157.119 E.01675
G1 X125.676 Y158.033 E.02682
G1 X126.797 Y158.802 E.02674
G1 X127.994 Y159.409 E.0264
G1 X129.297 Y159.863 E.02714
G1 X130.377 Y160.085 E.02169
G1 X130.954 Y160.172 E.01148
G1 X131.433 Y160.314 E.00983
G1 X131.739 Y160.681 E.0094
G1 X131.801 Y160.993 E.00626
G1 X131.803 Y162.871 E.03694
G1 X131.74 Y163.28 E.00814
G1 X131.571 Y163.533 E.00598
G1 X131.29 Y163.715 E.00659
G1 X130.937 Y163.767 E.00702
G1 X130.409 Y163.716 E.01043
G1 X128.708 Y163.409 E.034
G1 X127.261 Y162.968 E.02975
G1 X126.555 Y162.687 E.01495
G1 X125.783 Y162.327 E.01675
G1 X124.387 Y161.516 E.03176
G1 X123.14 Y160.58 E.03067
G1 X122.746 Y160.242 E.01021
G1 X121.919 Y159.427 E.02284
G1 X121.224 Y158.619 E.02096
G1 X120.89 Y158.186 E.01076
G1 X119.931 Y156.688 E.03498
G1 X119.292 Y155.372 E.02877
G1 X119 Y154.617 E.01592
G1 X118.754 Y153.853 E.01579
G1 X118.421 Y152.421 E.02892
G1 X118.225 Y150.661 E.03483
G1 X118.211 Y150.159 E.00988
G1 X118.244 Y149.049 E.02184
G1 X118.451 Y147.45 E.03171
G1 X118.908 Y145.686 E.03584
G1 X119.423 Y144.364 E.02791
G1 X119.8 Y143.591 E.01692
G1 X120.168 Y142.935 E.01479
G1 X121.02 Y141.675 E.02992
G1 X122.145 Y140.373 E.03384
G1 X122.538 Y139.986 E.01085
G1 X123.337 Y139.289 E.02085
G1 X124.224 Y138.636 E.02166
G1 X124.65 Y138.35 E.01009
G1 X125.808 Y137.713 E.026
G1 X126.297 Y137.463 E.0108
G1 X127.57 Y136.959 E.02693
G1 X128.441 Y136.695 E.0179
G1 X129.124 Y136.532 E.01381
G1 X130.726 Y136.287 E.03188
G1 X132.346 Y136.233 E.03188
G1 X132.947 Y136.261 E.01183
G1 X133.952 Y136.367 E.01988
G1 X134.789 Y136.526 E.01676
G1 X135.533 Y136.688 E.01498
G1 X136.549 Y137.023 E.02104
G1 X137.351 Y137.309 E.01675
G1 X138.474 Y137.846 E.02448
G1 X139.414 Y138.392 E.02138
G1 X139.971 Y138.77 E.01324
G1 X141.188 Y139.734 E.03054
G1 X161.206 Y157.604 E.5278
G1 X162.271 Y158.434 E.02656
G1 X162.846 Y158.796 E.01336
G1 X163.461 Y159.127 E.01374
G1 X164.717 Y159.649 E.02675
G1 X166.025 Y159.999 E.02663
G1 X166.664 Y160.104 E.01274
G1 X167.657 Y160.172 E.01958
G1 X168.73 Y160.166 E.02111
G1 X170.074 Y159.979 E.02669
G1 X170.691 Y159.831 E.01248
G1 X171.4 Y159.609 E.01461
G1 X172.65 Y159.071 E.02677
G1 X173.811 Y158.377 E.0266
G1 X174.385 Y157.945 E.01413
G1 X174.881 Y157.525 E.01278
G1 X175.75 Y156.629 E.02455
G1 X176.769 Y155.203 E.03447
G1 X177.014 Y154.764 E.00989
G1 X177.276 Y154.248 E.01138
G1 X177.758 Y152.989 E.02652
G1 X178.073 Y151.655 E.02696
G1 X178.177 Y150.695 E.01899
G1 X178.193 Y149.89 E.01584
G1 X178.169 Y149.071 E.01612
G1 X177.929 Y147.604 E.02924
G1 X177.791 Y147.088 E.01051
G1 X177.611 Y146.559 E.01099
G1 X177.426 Y146.088 E.00995
G1 X176.947 Y145.064 E.02224
G1 X176.224 Y143.931 E.02644
G1 X175.902 Y143.517 E.01032
G1 X175.34 Y142.885 E.01663
G1 X174.324 Y141.967 E.02693
G1 X173.203 Y141.198 E.02674
G1 X172.006 Y140.591 E.0264
G1 X170.703 Y140.137 E.02714
G1 X169.623 Y139.915 E.02169
G1 X169.046 Y139.828 E.01148
G1 X168.567 Y139.686 E.00983
G1 X168.261 Y139.319 E.0094
G1 X168.199 Y139.007 E.00626
G1 X168.197 Y137.134 E.03684
G1 X168.267 Y136.706 E.00853
G1 X168.456 Y136.441 E.0064
G1 X168.732 Y136.276 E.00632
G1 X169.066 Y136.234 E.00662
G1 X169.591 Y136.284 E.01037
G1 X171.292 Y136.591 E.034
G1 X172.739 Y137.032 E.02975
G1 X173.445 Y137.313 E.01495
G1 X174.217 Y137.673 E.01675
G1 X175.613 Y138.484 E.03176
G1 X176.86 Y139.42 E.03067
G1 X177.254 Y139.758 E.01021
G1 X178.081 Y140.573 E.02284
G1 X178.776 Y141.381 E.02096
G1 X179.11 Y141.814 E.01076
G1 X180.069 Y143.312 E.03498
G1 X180.708 Y144.628 E.02877
G1 X181 Y145.383 E.01592
G1 X181.246 Y146.147 E.01579
G1 X181.604 Y147.727 E.03186
G1 X181.724 Y148.858 E.02237
G1 X181.789 Y149.841 E.01938
G1 X181.756 Y150.951 E.02184
G1 X181.549 Y152.55 E.03171
G1 X181.092 Y154.314 E.03584
G1 X180.577 Y155.636 E.02791
G1 X180.2 Y156.409 E.01692
G1 X179.832 Y157.065 E.01479
G1 X178.919 Y158.404 E.03188
G1 X177.856 Y159.627 E.03187
G1 X177.462 Y160.014 E.01086
G1 X176.663 Y160.711 E.02085
G1 X175.776 Y161.364 E.02166
G1 X175.35 Y161.65 E.01009
G1 X174.192 Y162.287 E.026
G1 X173.703 Y162.537 E.0108
G1 X172.43 Y163.041 E.02693
G1 X171.559 Y163.305 E.0179
G1 X170.876 Y163.468 E.01381
G1 X169.274 Y163.713 E.03188
G1 X167.654 Y163.767 E.03188
G1 X167.053 Y163.739 E.01183
G1 X166.048 Y163.633 E.01988
G1 X165.211 Y163.474 E.01676
G1 X164.467 Y163.312 E.01498
G1 X163.451 Y162.977 E.02104
G1 X162.649 Y162.691 E.01675
G1 X161.526 Y162.154 E.02448
G1 X160.586 Y161.608 E.02138
G1 X160.029 Y161.23 E.01324
G1 X158.812 Y160.266 E.03054
G1 X138.794 Y142.396 E.5278
G1 X137.729 Y141.566 E.02656
G1 X137.154 Y141.204 E.01336
G1 X136.539 Y140.873 E.01374
G1 X135.283 Y140.351 E.02675
G1 X133.975 Y140.001 E.02663
G1 X133.336 Y139.896 E.01274
G1 X132.343 Y139.828 E.01958
G1 X131.27 Y139.834 E.02111
G1 X129.926 Y140.021 E.02669
G1 X129.309 Y140.169 E.01248
G1 X128.6 Y140.391 E.01461
G1 X127.35 Y140.929 E.02677
G1 X126.189 Y141.623 E.0266
G1 X125.615 Y142.055 E.01413
G1 X125.118 Y142.476 E.01281
G1 X124.193 Y143.439 E.02626
G1 X123.902 Y143.834 E.00965
G1 X123.232 Y144.794 E.02303
G1 X122.986 Y145.236 E.00995
G1 X122.724 Y145.752 E.01138
G1 X122.242 Y147.011 E.02652
G1 X121.93 Y148.332 E.0267
G1 X121.858 Y148.855 E.01038
G1 E-1 F1200
G1 X119.643 Y149.617 F9000
G1 E1 F1500
;TYPE:Sparse infill
;WIDTH:0.42
G1 F7200
G1 X120.421 Y150.813 E.02806
G1 E-1 F1200
G1 X144.2 Y144.32 F9000
G1 E1 F1500
G1 F7200
G1 X144.958 Y145.484 E.02732
G1 X145.484 Y146.009 E.01462
G1 X147.735 Y147.475 E.05284
G1 E-1 F1200
G1 X149.218 Y148.798 F9000
G1 E1 F1500
G1 F7200
G1 X150.782 Y151.202 E.05642
G1 E-1 F1200
G1 X152.265 Y152.525 F9000
G1 E1 F1500
G1 F7200
G1 X154.516 Y153.991 E.05284
G1 X155.042 Y154.516 E.01462
G1 X155.8 Y155.68 E.02732
G1 E-1 F1200
G1 X179.58 Y149.189 F9000
G1 E1 F1500
G1 F7200
G1 X180.357 Y150.383 E.02802
; stop printing object s+hook+20mm id:0 copy 0
; FIBER RESERVE: mode=band strands=1 removed=8
M400
G1 E-10 F1200
MOVE_TO_BRUSH_STATION
CLEAN_NOZZLE
M104 S150 T1 ; standby
M104 S270 T0 ; pre-charge
M109 S270 T0
MOVE_OUT_BRUSH_STATION
M106 P2 S181 ; fibre-side cooling, fan4, owned by T0 (depositing)
M106 P1 S0 ; part-cooling, fan3, owned by T1 (idle)
M106 P3 S255 ; auxiliary fan on while T0 deposits
M106 P5 S255 ; exhaust fan on while T0 deposits
T0 ; switch extruder type to:FIBER
; LAYER:21 [2.64]
M1001 L234
G1 F1200 Z3.84
G1 X155.55 Y153.76 F1200
G1 F1200 U55.000 ; Extrude restart
G1 F1200 Z2.64
G1 F600 V1.000 ; Recover matrix retract
G1 F600 V3.000 ; Matrix prime
G1 X160.63 Y158.30 V0.227 U6.674 P0.034 F300
G1 X161.45 Y158.94 V0.035 U1.027 P0.034 F300
M73 P63 R4
G1 X161.76 Y159.17 V0.013 U0.370 P0.034 F300
G1 X162.07 Y159.38 V0.013 U0.370 P0.034 F300
G1 X162.39 Y159.58 V0.013 U0.370 P0.034 F300
G1 X162.73 Y159.76 V0.013 U0.379 P0.034 F300
G1 X163.08 Y159.94 V0.013 U0.379 P0.034 F300
G1 X163.43 Y160.09 V0.013 U0.379 P0.034 F300
G1 X163.75 Y160.23 V0.012 U0.342 P0.034 F300
G1 X164.43 Y160.48 V0.024 U0.714 P0.034 F300
G1 X165.13 Y160.70 V0.024 U0.714 P0.034 F300
G1 X165.48 Y160.79 V0.012 U0.354 P0.034 F300
G1 X165.84 Y160.88 V0.012 U0.360 P0.034 F300
G1 X166.20 Y160.94 V0.012 U0.360 P0.034 F300
G1 X166.56 Y160.99 V0.012 U0.360 P0.034 F300
G1 X166.93 Y161.03 V0.012 U0.360 P0.034 F300
G1 X167.63 Y161.08 V0.023 U0.689 P0.034 F300
G1 X168.21 Y161.07 V0.019 U0.571 P0.034 F300
G1 X168.79 Y161.05 V0.019 U0.570 P0.034 F600
G1 X169.37 Y160.99 V0.019 U0.570 P0.034 F600
G1 X169.89 Y160.92 V0.017 U0.514 P0.034 F600
G1 X170.24 Y160.86 V0.012 U0.347 P0.034 F600
G1 X170.59 Y160.79 V0.012 U0.347 P0.034 F600
G1 X170.93 Y160.70 V0.012 U0.348 P0.034 F600
G1 X171.32 Y160.58 V0.014 U0.402 P0.034 F600
G1 X171.71 Y160.45 V0.014 U0.401 P0.034 F600
G1 X172.09 Y160.30 V0.014 U0.401 P0.034 F600
G1 X172.39 Y160.17 V0.011 U0.320 P0.034 F600
G1 X173.05 Y159.86 V0.024 U0.715 P0.034 F600
G1 X173.69 Y159.50 V0.024 U0.715 P0.034 F600
G1 X173.98 Y159.33 V0.011 U0.328 P0.034 F600
G1 X174.31 Y159.12 V0.013 U0.388 P0.034 F600
G1 X174.63 Y158.89 V0.013 U0.388 P0.034 F600
G1 X174.95 Y158.65 V0.013 U0.388 P0.034 F600
G1 X175.22 Y158.42 V0.012 U0.353 P0.034 F600
G1 X175.49 Y158.18 V0.012 U0.353 P0.034 F600
G1 X175.75 Y157.93 V0.012 U0.353 P0.034 F600
G1 X175.97 Y157.70 V0.011 U0.314 P0.034 F600
G1 X176.43 Y157.19 V0.023 U0.665 P0.034 F600
G1 X176.84 Y156.66 V0.023 U0.665 P0.034 F600
G1 X177.37 Y155.92 V0.030 U0.887 P0.034 F600
G1 X177.53 Y155.68 V0.010 U0.280 P0.034 F600
G1 X177.67 Y155.44 V0.010 U0.280 P0.034 F600
G1 X177.81 Y155.19 V0.010 U0.280 P0.034 F600
G1 X177.96 Y154.90 V0.011 U0.315 P0.034 F600
G1 X178.10 Y154.61 V0.011 U0.315 P0.034 F600
G1 X178.22 Y154.31 V0.011 U0.315 P0.034 F600
G1 X178.36 Y153.93 V0.014 U0.398 P0.034 F600
G1 X178.60 Y153.25 V0.024 U0.712 P0.034 F600
G1 X178.79 Y152.55 V0.024 U0.712 P0.034 F600
G1 X178.84 Y152.32 V0.008 U0.224 P0.034 F600
G1 X178.95 Y151.81 V0.018 U0.519 P0.034 F600
G1 X179.02 Y151.28 V0.018 U0.519 P0.034 F600
G1 X179.03 Y151.18 V0.003 U0.095 P0.034 F600
G1 X179.07 Y150.75 V0.014 U0.425 P0.034 F600
G1 X179.09 Y150.32 V0.014 U0.425 P0.034 F600
G1 X179.10 Y149.89 V0.014 U0.425 P0.034 F600
G1 X179.08 Y149.43 V0.015 U0.442 P0.034 F600
G1 X179.06 Y148.99 V0.015 U0.441 P0.034 F600
G1 X179.00 Y148.54 V0.015 U0.441 P0.034 F600
G1 X178.86 Y147.72 V0.028 U0.818 P0.034 F600
G1 X178.81 Y147.42 V0.010 U0.299 P0.034 F600
G1 X178.74 Y147.12 V0.010 U0.299 P0.034 F600
G1 X178.66 Y146.82 V0.010 U0.299 P0.034 F600
G1 X178.46 Y146.25 V0.020 U0.598 P0.034 F600
G1 X178.26 Y145.73 V0.018 U0.544 P0.034 F600
G1 X178.00 Y145.18 V0.020 U0.597 P0.034 F600
G1 X177.72 Y144.64 V0.020 U0.596 P0.034 F600
G1 X177.41 Y144.11 V0.020 U0.596 P0.034 F600
G1 X177.12 Y143.66 V0.018 U0.526 P0.034 F600
G1 X176.96 Y143.41 V0.010 U0.292 P0.034 F600
G1 X176.78 Y143.17 V0.010 U0.292 P0.034 F600
G1 X176.60 Y142.94 V0.010 U0.292 P0.034 F600
G1 X176.02 Y142.29 V0.029 U0.854 P0.034 F600
G1 X175.98 Y142.25 V0.002 U0.053 P0.034 F600
G1 X175.94 Y142.21 V0.002 U0.053 P0.034 F600
G1 X175.90 Y142.17 V0.002 U0.053 P0.034 F600
G1 X175.39 Y141.72 V0.023 U0.672 P0.034 F600
G1 X174.87 Y141.27 V0.023 U0.670 P0.034 F600
G1 X174.32 Y140.87 V0.023 U0.670 P0.034 F600
G1 X174.27 Y140.83 V0.002 U0.061 P0.034 F600
G1 X173.65 Y140.44 V0.024 U0.716 P0.034 F600
G1 X173.01 Y140.09 V0.024 U0.716 P0.034 F600
G1 X172.35 Y139.78 V0.024 U0.716 P0.034 F600
G1 X171.67 Y139.52 V0.024 U0.716 P0.034 F600
G1 X171.50 Y139.46 V0.006 U0.172 P0.034 F600
G1 X170.94 Y139.28 V0.020 U0.580 P0.034 F600
G1 X170.36 Y139.14 V0.020 U0.580 P0.034 F600
G1 X169.78 Y139.02 V0.020 U0.581 P0.034 F600
G1 X169.32 Y138.95 V0.016 U0.462 P0.034 F600
G1 X169.24 Y138.94 V0.002 U0.071 P0.034 F600
G1 X169.17 Y138.92 V0.002 U0.071 P0.034 F600
G1 X169.10 Y138.90 V0.002 U0.071 P0.034 F600
G1 X169.10 Y137.24 V0.055 U1.631 P0.034 F600
G1 X169.10 Y137.21 V0.001 U0.030 P0.034 F600
G1 X169.11 Y137.18 V0.001 U0.030 P0.034 F600
G1 X169.11 Y137.15 V0.001 U0.030 P0.034 F600
G1 X169.47 Y137.18 V0.012 U0.350 P0.034 F600
G1 X170.39 Y137.35 V0.031 U0.915 P0.034 F600
G1 X171.07 Y137.49 V0.023 U0.690 P0.034 F600
G1 X171.75 Y137.68 V0.023 U0.690 P0.034 F600
G1 X172.44 Y137.89 V0.024 U0.703 P0.034 F600
G1 X173.09 Y138.14 V0.023 U0.682 P0.034 F600
G1 X173.44 Y138.31 V0.013 U0.385 P0.034 F600
G1 X173.79 Y138.48 V0.013 U0.385 P0.034 F600
G1 X174.14 Y138.67 V0.013 U0.385 P0.034 F600
G1 X174.50 Y138.88 V0.014 U0.412 P0.034 F600
G1 X175.10 Y139.26 V0.024 U0.692 P0.034 F600
G1 X175.68 Y139.66 V0.024 U0.692 P0.034 F600
G1 X176.29 Y140.13 V0.026 U0.754 P0.034 F600
G1 X176.64 Y140.42 V0.015 U0.450 P0.034 F600
G1 X177.42 Y141.19 V0.036 U1.071 P0.034 F600
G1 X178.08 Y141.95 V0.033 U0.985 P0.034 F600
G1 X178.22 Y142.14 V0.008 U0.236 P0.034 F600
G1 X178.37 Y142.34 V0.008 U0.236 P0.034 F600
G1 X178.50 Y142.54 V0.008 U0.236 P0.034 F600
G1 X178.91 Y143.18 V0.025 U0.743 P0.034 F600
G1 X179.26 Y143.76 V0.023 U0.672 P0.034 F600
G1 X179.58 Y144.37 V0.023 U0.672 P0.034 F600
G1 X179.88 Y144.99 V0.023 U0.672 P0.034 F600
G1 X180.15 Y145.68 V0.025 U0.732 P0.034 F600
M73 P64 R4
G1 X180.26 Y146.04 V0.012 U0.360 P0.034 F600
G1 X180.36 Y146.39 V0.012 U0.360 P0.034 F600
G1 X180.45 Y146.74 V0.012 U0.360 P0.034 F600
G1 X180.59 Y147.35 V0.021 U0.614 P0.034 F600
G1 X180.69 Y147.88 V0.018 U0.522 P0.034 F600
G1 X180.77 Y148.40 V0.018 U0.522 P0.034 F600
G1 X180.82 Y148.94 V0.018 U0.523 P0.034 F600
G1 X180.85 Y149.40 V0.015 U0.453 P0.034 F600
G1 X180.87 Y149.86 V0.015 U0.452 P0.034 F600
G1 X180.87 Y150.32 V0.015 U0.452 P0.034 F600
G1 X180.87 Y150.37 V0.002 U0.048 P0.034 F600
G1 X180.84 Y150.88 V0.017 U0.501 P0.034 F600
G1 X180.79 Y151.39 V0.017 U0.501 P0.034 F600
G1 X180.76 Y151.64 V0.008 U0.247 P0.034 F600
G1 X180.64 Y152.37 V0.025 U0.732 P0.034 F600
G1 X180.47 Y153.10 V0.025 U0.732 P0.034 F600
G1 X180.40 Y153.39 V0.010 U0.294 P0.034 F600
G1 X180.21 Y154.03 V0.022 U0.650 P0.034 F600
G1 X179.99 Y154.65 V0.022 U0.650 P0.034 F600
G1 X179.75 Y155.27 V0.022 U0.651 P0.034 F600
G1 X179.40 Y155.99 V0.027 U0.781 P0.034 F600
G1 X179.06 Y156.59 V0.023 U0.673 P0.034 F600
G1 X178.60 Y157.27 V0.027 U0.807 P0.034 F600
G1 X178.19 Y157.84 V0.023 U0.690 P0.034 F600
G1 X177.74 Y158.38 V0.023 U0.690 P0.034 F600
G1 X177.20 Y159.01 V0.028 U0.811 P0.034 F600
G1 X176.85 Y159.35 V0.016 U0.480 P0.034 F600
G1 X176.10 Y160.01 V0.033 U0.977 P0.034 F600
G1 X175.26 Y160.62 V0.035 U1.022 P0.034 F600
G1 X174.88 Y160.88 V0.015 U0.444 P0.034 F600
G1 X173.77 Y161.49 V0.042 U1.244 P0.034 F600
G1 X173.55 Y161.60 V0.008 U0.241 P0.034 F600
G1 X173.33 Y161.71 V0.008 U0.241 P0.034 F600
G1 X173.10 Y161.80 V0.008 U0.241 P0.034 F600
G1 X172.13 Y162.19 V0.035 U1.021 P0.034 F600
G1 X171.32 Y162.43 V0.028 U0.830 P0.034 F600
G1 X170.70 Y162.58 V0.021 U0.625 P0.034 F600
G1 X169.89 Y162.70 V0.027 U0.807 P0.034 F600
G1 X169.19 Y162.79 V0.023 U0.690 P0.034 F600
G1 X168.49 Y162.83 V0.023 U0.690 P0.034 F600
G1 X167.66 Y162.86 V0.028 U0.810 P0.034 F600
G1 X167.12 Y162.84 V0.018 U0.528 P0.034 F600
G1 X166.18 Y162.74 V0.032 U0.928 P0.034 F600
G1 X165.39 Y162.59 V0.027 U0.787 P0.034 F600
G1 X165.05 Y162.51 V0.012 U0.344 P0.034 F600
G1 X164.71 Y162.43 V0.012 U0.344 P0.034 F600
G1 X164.37 Y162.33 V0.012 U0.344 P0.034 F600
G1 X163.74 Y162.12 V0.022 U0.648 P0.034 F600
G1 X163.37 Y161.99 V0.013 U0.389 P0.034 F600
G1 X163.00 Y161.85 V0.013 U0.388 P0.034 F600
G1 X162.64 Y161.68 V0.013 U0.388 P0.034 F600
G1 X161.95 Y161.35 V0.026 U0.750 P0.034 F600
M104 S250 T1 ; FS_PREHEAT next_tool=1 lead_s=15
G1 X161.07 Y160.84 V0.034 U0.998 P0.034 F600
G1 X160.57 Y160.50 V0.020 U0.596 P0.034 F600
G1 X159.39 Y159.57 V0.050 U1.463 P0.034 F600
G1 X139.37 Y141.70 V0.894 U26.301 P0.034 F600
G1 X138.55 Y141.06 V0.035 U1.027 P0.034 F600
G1 X138.24 Y140.83 V0.013 U0.370 P0.034 F600
G1 X137.93 Y140.62 V0.013 U0.370 P0.034 F600
G1 X137.61 Y140.42 V0.013 U0.370 P0.034 F600
G1 X137.27 Y140.24 V0.013 U0.379 P0.034 F600
G1 X136.92 Y140.06 V0.013 U0.379 P0.034 F600
G1 X136.57 Y139.91 V0.013 U0.379 P0.034 F600
G1 X136.25 Y139.77 V0.012 U0.342 P0.034 F600
G1 X135.57 Y139.52 V0.024 U0.714 P0.034 F600
G1 X134.87 Y139.30 V0.024 U0.714 P0.034 F600
G1 X134.52 Y139.21 V0.012 U0.354 P0.034 F600
G1 X134.16 Y139.12 V0.012 U0.360 P0.034 F600
G1 X133.80 Y139.06 V0.012 U0.360 P0.034 F600
G1 X133.44 Y139.01 V0.012 U0.360 P0.034 F600
G1 X133.07 Y138.97 V0.012 U0.360 P0.034 F600
G1 X132.37 Y138.92 V0.023 U0.689 P0.034 F600
G1 X131.79 Y138.93 V0.019 U0.571 P0.034 F600
G1 X131.21 Y138.95 V0.019 U0.570 P0.034 F600
G1 X130.63 Y139.01 V0.019 U0.570 P0.034 F600
G1 X130.11 Y139.08 V0.017 U0.514 P0.034 F600
G1 X129.76 Y139.14 V0.012 U0.347 P0.034 F600
G1 X129.41 Y139.21 V0.012 U0.347 P0.034 F600
G1 X129.07 Y139.30 V0.012 U0.348 P0.034 F600
G1 X128.68 Y139.42 V0.014 U0.402 P0.034 F600
G1 X128.29 Y139.55 V0.014 U0.401 P0.034 F600
G1 X127.91 Y139.70 V0.014 U0.401 P0.034 F600
G1 X127.61 Y139.83 V0.011 U0.320 P0.034 F600
G1 X126.95 Y140.14 V0.024 U0.715 P0.034 F600
G1 X126.31 Y140.50 V0.024 U0.715 P0.034 F600
G1 X126.02 Y140.67 V0.011 U0.328 P0.034 F600
M73 P65 R4
G1 X125.69 Y140.88 V0.013 U0.388 P0.034 F600
G1 X125.37 Y141.11 V0.013 U0.388 P0.034 F600
G1 X125.05 Y141.35 V0.013 U0.388 P0.034 F600
G1 X124.77 Y141.58 V0.012 U0.354 P0.034 F600
G1 X124.51 Y141.82 V0.012 U0.354 P0.034 F600
G1 X124.25 Y142.08 V0.012 U0.354 P0.034 F600
G1 X123.69 Y142.65 V0.027 U0.783 P0.034 F600
G1 X123.51 Y142.86 V0.009 U0.275 P0.034 F600
G1 X123.33 Y143.08 V0.009 U0.275 P0.034 F600
G1 X123.17 Y143.31 V0.009 U0.275 P0.034 F600
G1 X122.63 Y144.08 V0.031 U0.924 P0.034 F600
G1 X122.47 Y144.32 V0.009 U0.279 P0.034 F600
G1 X122.33 Y144.56 V0.009 U0.279 P0.034 F600
G1 X122.19 Y144.81 V0.009 U0.279 P0.034 F600
G1 X122.04 Y145.10 V0.011 U0.315 P0.034 F600
G1 X121.90 Y145.39 V0.011 U0.315 P0.034 F600
G1 X121.78 Y145.69 V0.011 U0.315 P0.034 F600
G1 X121.64 Y146.07 V0.014 U0.398 P0.034 F600
G1 X121.40 Y146.75 V0.024 U0.712 P0.034 F600
G1 X121.21 Y147.45 V0.024 U0.712 P0.034 F600
G1 X121.11 Y147.85 V0.014 U0.404 P0.034 F600
G1 X121.05 Y148.17 V0.011 U0.314 P0.034 F600
G1 X121.00 Y148.48 V0.011 U0.314 P0.034 F600
G1 X120.95 Y148.80 V0.011 U0.314 P0.034 F600
G1 X120.92 Y149.24 V0.015 U0.435 P0.034 F600
G1 X120.90 Y149.69 V0.015 U0.435 P0.034 F600
G1 X120.91 Y150.13 V0.015 U0.435 P0.034 F600
G1 X120.93 Y150.74 V0.020 U0.600 P0.034 F600
G1 X120.96 Y151.15 V0.014 U0.403 P0.034 F600
G1 X121.01 Y151.56 V0.014 U0.403 P0.034 F600
G1 X121.08 Y151.97 V0.014 U0.404 P0.034 F600
G1 X121.14 Y152.29 V0.011 U0.321 P0.034 F600
G1 X121.19 Y152.59 V0.010 U0.297 P0.034 F600
G1 X121.26 Y152.88 V0.010 U0.297 P0.034 F600
G1 X121.34 Y153.17 V0.010 U0.297 P0.034 F600
G1 X121.54 Y153.75 V0.020 U0.598 P0.034 F600
G1 X121.74 Y154.27 V0.018 U0.544 P0.034 F600
G1 X122.00 Y154.82 V0.020 U0.597 P0.034 F600
G1 X122.28 Y155.36 V0.020 U0.596 P0.034 F600
G1 X122.59 Y155.89 V0.020 U0.596 P0.034 F600
G1 X122.88 Y156.34 V0.018 U0.526 P0.034 F600
G1 X123.04 Y156.59 V0.010 U0.292 P0.034 F600
G1 X123.22 Y156.83 V0.010 U0.292 P0.034 F600
G1 X123.40 Y157.06 V0.010 U0.292 P0.034 F600
G1 X123.71 Y157.41 V0.016 U0.456 P0.034 F600
G1 X124.03 Y157.75 V0.016 U0.456 P0.034 F600
G1 X124.37 Y158.07 V0.016 U0.456 P0.034 F600
G1 X124.57 Y158.25 V0.009 U0.265 P0.034 F600
G1 X125.13 Y158.73 V0.024 U0.720 P0.034 F600
G1 X125.72 Y159.16 V0.024 U0.720 P0.034 F600
G1 X126.35 Y159.56 V0.025 U0.727 P0.034 F600
G1 X126.99 Y159.91 V0.024 U0.716 P0.034 F600
G1 X127.65 Y160.22 V0.024 U0.716 P0.034 F600
G1 X128.33 Y160.48 V0.024 U0.716 P0.034 F600
G1 X128.50 Y160.54 V0.006 U0.172 P0.034 F600
G1 X129.06 Y160.72 V0.020 U0.580 P0.034 F600
G1 X129.64 Y160.86 V0.020 U0.580 P0.034 F600
G1 X130.22 Y160.98 V0.020 U0.581 P0.034 F600
G1 X130.68 Y161.05 V0.016 U0.462 P0.034 F600
G1 X130.76 Y161.06 V0.002 U0.071 P0.034 F600
G1 X130.83 Y161.08 V0.002 U0.071 P0.034 F600
G1 X130.90 Y161.10 V0.002 U0.071 P0.034 F600
G1 X130.90 Y162.78 V0.056 U1.644 P0.034 F600
G1 X130.90 Y162.80 V0.001 U0.026 P0.034 F600
G1 X130.89 Y162.83 V0.001 U0.026 P0.034 F600
G1 X130.89 Y162.85 V0.001 U0.026 P0.034 F600
G1 X130.53 Y162.82 V0.012 U0.352 P0.034 F600
G1 X129.61 Y162.65 V0.031 U0.915 P0.034 F600
G1 X128.93 Y162.51 V0.023 U0.690 P0.034 F600
G1 X128.25 Y162.32 V0.023 U0.690 P0.034 F600
G1 X127.56 Y162.11 V0.024 U0.703 P0.034 F600
G1 X126.91 Y161.86 V0.023 U0.682 P0.034 F600
G1 X126.56 Y161.69 V0.013 U0.385 P0.034 F600
G1 X126.21 Y161.52 V0.013 U0.385 P0.034 F600
G1 X125.86 Y161.33 V0.013 U0.385 P0.034 F600
G1 X125.50 Y161.12 V0.014 U0.412 P0.034 F600
G1 X124.90 Y160.74 V0.024 U0.692 P0.034 F600
G1 X124.32 Y160.34 V0.024 U0.692 P0.034 F600
G1 X123.71 Y159.87 V0.026 U0.754 P0.034 F600
G1 X123.36 Y159.58 V0.015 U0.450 P0.034 F600
G1 X122.58 Y158.81 V0.036 U1.071 P0.034 F600
G1 X121.92 Y158.05 V0.033 U0.985 P0.034 F600
G1 X121.78 Y157.86 V0.008 U0.236 P0.034 F600
G1 X121.63 Y157.66 V0.008 U0.236 P0.034 F600
G1 X121.50 Y157.46 V0.008 U0.236 P0.034 F600
G1 X121.09 Y156.82 V0.025 U0.743 P0.034 F600
G1 X120.74 Y156.24 V0.023 U0.672 P0.034 F600
G1 X120.42 Y155.63 V0.023 U0.672 P0.034 F600
G1 X120.13 Y155.02 V0.022 U0.660 P0.034 F600
; Start to cut
M2800
M400
;CUT DISTANCE 54.8
G1 X119.85 Y154.32 V0.018 F600
G1 X119.63 Y153.61 V0.018 F600
G1 X119.47 Y152.94 V0.017 F600
G1 X119.33 Y152.26 V0.017 F600
G1 X119.24 Y151.58 V0.017 F600
G1 X119.13 Y150.60 V0.024 F600
G1 X119.12 Y150.16 V0.011 F600
G1 X119.13 Y149.64 V0.012 F600
G1 X119.16 Y149.12 V0.012 F600
G1 X119.21 Y148.61 V0.012 F600
G1 X119.24 Y148.36 V0.006 F600
G1 X119.36 Y147.63 V0.018 F600
G1 X119.53 Y146.90 V0.018 F600
G1 X119.60 Y146.61 V0.007 F600
G1 X119.79 Y145.97 V0.016 F600
G1 X120.01 Y145.35 V0.016 F600
G1 X120.25 Y144.73 V0.016 F600
G1 X120.60 Y144.01 V0.019 F600
G1 X120.94 Y143.41 V0.017 F600
G1 X121.34 Y142.81 V0.017 F600
G1 X121.76 Y142.24 V0.017 F600
G1 X122.20 Y141.69 V0.017 F600
G1 X122.80 Y140.99 V0.022 F600
G1 X123.15 Y140.65 V0.012 F600
G1 X123.90 Y139.99 V0.024 F600
G1 X124.74 Y139.38 V0.025 F600
G1 X125.12 Y139.12 V0.011 F600
G1 X126.23 Y138.51 V0.030 F600
G1 X126.45 Y138.40 V0.006 F600
G1 X126.67 Y138.29 V0.006 F600
G1 X126.90 Y138.20 V0.006 F600
G1 X127.87 Y137.81 V0.025 F600
G1 X128.68 Y137.57 V0.020 F600
G1 X129.30 Y137.42 V0.015 F600
G1 X130.11 Y137.30 V0.020 F600
G1 X130.81 Y137.21 V0.017 F600
G1 X131.51 Y137.17 V0.017 F600
G1 X132.34 Y137.14 V0.020 F600
G1 X132.88 Y137.16 V0.013 F600
G1 X133.82 Y137.26 V0.023 F600
G1 X134.61 Y137.41 V0.019 F600
G1 X134.95 Y137.49 V0.008 F600
G1 X135.29 Y137.57 V0.008 F600
G1 X135.63 Y137.67 V0.008 F600
G1 X136.26 Y137.88 V0.016 F600
G1 X136.63 Y138.01 V0.010 F600
G1 X137.00 Y138.15 V0.010 F600
G1 X137.36 Y138.32 V0.010 F600
G1 X138.05 Y138.65 V0.018 F600
G1 X138.93 Y139.16 V0.024 F600
M73 P66 R4
G1 X139.43 Y139.50 V0.015 F600
G1 X140.61 Y140.43 V0.036 F600
G1 X155.55 Y153.76 V0.480 F600
; Cutting completed.
G1 F600 V-1.000 ; Retract
; FS_RELEASE_BEGIN length_mm=6.800 speed_mm_s=10.000
G1 X160.619 Y158.292 F600
; FS_RELEASE_END physical_clearance=unmeasured
M1002
M400
G1 F600 V-4.000 ; Toolchange matrix retract
G1 F1200 Z3.24
MOVE_TO_BRUSH_STATION
CLEAN_NOZZLE
M104 S180 T0 ; standby
M104 S250 T1 ; pre-charge
M109 S250 T1
MOVE_OUT_BRUSH_STATION
M106 P2 S0 ; fibre-side cooling, fan4, owned by T0 (idle)
M106 P1 S181 ; part-cooling, fan3, owned by T1 (depositing)
M106 P3 S0 ; auxiliary fan off while T1 deposits
M106 P5 S0 ; exhaust fan off while T1 deposits
T1 ; switch extruder type to:PLASTIC
; FIBER TURNS: 80 joints tighter than 12.00 mm, policy=keep, splits=0
M106 S176
;LAYER_CHANGE
;Z:2.76
;HEIGHT:0.12
;_SET_FAN_SPEED_CHANGING_LAYER
; printing object s+hook+20mm id:0 copy 0
M104 S270 T0 ; FS_PREHEAT next_tool=0 lead_s=15
G1 X178.153 Y153.085 Z2.76 F9000
G1 Z2.76 F9000
G1 E10 F1500
;TYPE:Inner wall
;WIDTH:0.419999
G1 F7200
G1 X178.475 Y151.725 E.02749
G1 X178.583 Y150.724 E.0198
G1 X178.6 Y149.878 E.01664
G1 X178.571 Y149.005 E.01718
G1 X178.323 Y147.499 E.03002
G1 X178.179 Y146.963 E.01092
G1 X177.997 Y146.428 E.01112
G1 X177.797 Y145.92 E.01074
G1 X177.29 Y144.845 E.02338
G1 X176.557 Y143.696 E.02681
G1 X176.207 Y143.247 E.0112
G1 X175.611 Y142.581 E.01758
G1 X175.088 Y142.099 E.01399
G1 X174.555 Y141.632 E.01394
G1 X173.388 Y140.835 E.0278
G1 X172.146 Y140.208 E.02737
G1 X170.785 Y139.738 E.02832
G1 X169.705 Y139.516 E.02169
G1 X169.092 Y139.423 E.0122
G1 X168.808 Y139.339 E.00583
G1 X168.64 Y139.138 E.00515
G1 X168.606 Y138.966 E.00345
G1 X168.604 Y137.134 E.03603
G1 X168.648 Y136.873 E.00521
G1 X168.803 Y136.708 E.00445
G1 X169.02 Y136.65 E.00442
G1 X169.535 Y136.688 E.01016
G1 X171.196 Y136.987 E.0332
G1 X172.604 Y137.416 E.02895
G1 X173.284 Y137.687 E.0144
G1 X174.03 Y138.035 E.01619
G1 X175.379 Y138.817 E.03067
G1 X176.524 Y139.677 E.02817
G1 X176.977 Y140.057 E.01163
G1 X177.784 Y140.851 E.02227
G1 X178.468 Y141.647 E.02064
G1 X178.777 Y142.047 E.00994
G1 X179.713 Y143.511 E.03418
G1 X180.334 Y144.79 E.02797
G1 X180.617 Y145.519 E.01538
G1 X180.853 Y146.254 E.01518
G1 X181.202 Y147.793 E.03104
G1 X181.319 Y148.901 E.02191
G1 X181.382 Y149.841 E.01853
G1 X181.349 Y150.922 E.02127
G1 X181.226 Y152.014 E.02161
G1 X181.137 Y152.516 E.01003
G1 X180.741 Y154.093 E.03198
G1 X180.204 Y155.473 E.02913
G1 X179.84 Y156.22 E.01634
G1 X179.486 Y156.85 E.01421
G1 X178.596 Y158.155 E.03107
G1 X177.559 Y159.348 E.03109
G1 X177.185 Y159.715 E.01031
G1 X176.407 Y160.394 E.02031
G1 X175.688 Y160.924 E.01757
G1 X175.141 Y161.3 E.01306
G1 X173.996 Y161.93 E.02571
G1 X173.542 Y162.163 E.01004
G1 X172.296 Y162.656 E.02636
G1 X171.452 Y162.912 E.01735
G1 X170.798 Y163.069 E.01323
G1 X169.237 Y163.307 E.03106
G1 X167.657 Y163.36 E.03109
G1 X167.084 Y163.333 E.01128
G1 X166.108 Y163.23 E.0193
G1 X165.287 Y163.074 E.01644
G1 X164.581 Y162.92 E.01421
G1 X163.578 Y162.59 E.02077
G1 X162.814 Y162.319 E.01594
G1 X161.702 Y161.787 E.02425
G1 X160.812 Y161.269 E.02025
G1 X160.282 Y160.911 E.01258
G1 X159.075 Y159.954 E.0303
G1 X139.055 Y142.084 E.52783
G1 X137.963 Y141.233 E.02723
G1 X137.348 Y140.846 E.01429
G1 X136.696 Y140.497 E.01455
G1 X135.389 Y139.957 E.02782
G1 X134.042 Y139.599 E.02741
G1 X133.375 Y139.491 E.01329
G1 X132.341 Y139.421 E.02038
G1 X131.241 Y139.427 E.02164
G1 X129.849 Y139.62 E.02764
G1 X129.188 Y139.781 E.01338
G1 X128.439 Y140.017 E.01545
G1 X127.141 Y140.579 E.02782
G1 X125.947 Y141.295 E.02738
G1 X125.353 Y141.744 E.01465
G1 X124.825 Y142.194 E.01365
G1 X123.878 Y143.18 E.02689
G1 X123.573 Y143.593 E.0101
G1 X122.883 Y144.586 E.02378
G1 X122.623 Y145.052 E.0105
G1 X122.344 Y145.607 E.01222
G1 X121.852 Y146.891 E.02705
G1 X121.529 Y148.259 E.02765
G1 X121.446 Y148.866 E.01205
G1 X121.388 Y149.717 E.01678
G1 X121.415 Y150.487 E.01515
G1 X121.442 Y151.13 E.01266
G1 X121.677 Y152.501 E.02736
G1 X121.821 Y153.037 E.01092
G1 X122.003 Y153.572 E.01112
G1 X122.203 Y154.08 E.01074
G1 X122.71 Y155.155 E.02338
G1 X123.443 Y156.304 E.02681
G1 X123.793 Y156.753 E.0112
G1 X124.389 Y157.419 E.01758
G1 X124.912 Y157.901 E.01399
G1 X125.445 Y158.368 E.01394
G1 X126.612 Y159.165 E.0278
G1 X127.854 Y159.792 E.02737
G1 X129.215 Y160.262 E.02832
G1 X130.295 Y160.484 E.02169
G1 X130.908 Y160.577 E.0122
G1 X131.192 Y160.661 E.00583
G1 X131.36 Y160.862 E.00515
G1 X131.394 Y161.034 E.00345
G1 X131.396 Y162.872 E.03615
G1 X131.356 Y163.122 E.00498
G1 X131.22 Y163.276 E.00404
G1 X130.984 Y163.348 E.00485
G1 X130.465 Y163.312 E.01023
G1 X128.804 Y163.013 E.0332
G1 X127.396 Y162.584 E.02895
G1 X126.716 Y162.313 E.0144
G1 X125.97 Y161.965 E.01619
G1 X124.621 Y161.183 E.03067
G1 X123.476 Y160.323 E.02817
G1 X123.023 Y159.943 E.01163
G1 X122.216 Y159.149 E.02227
G1 X121.532 Y158.353 E.02064
G1 X121.223 Y157.953 E.00994
G1 X120.287 Y156.489 E.03418
G1 X119.666 Y155.21 E.02797
G1 X119.383 Y154.481 E.01538
G1 X119.147 Y153.744 E.01522
G1 X118.823 Y152.352 E.02811
G1 X118.638 Y150.69 E.03289
G1 X118.618 Y150.159 E.01045
G1 X118.651 Y149.078 E.02127
G1 X118.774 Y147.986 E.02161
G1 X118.863 Y147.484 E.01003
G1 X119.259 Y145.907 E.03198
G1 X119.796 Y144.527 E.02913
G1 X120.16 Y143.78 E.01634
G1 X120.515 Y143.149 E.01424
G1 X121.344 Y141.923 E.02911
G1 X122.442 Y140.652 E.03304
G1 X122.815 Y140.285 E.01029
G1 X123.593 Y139.606 E.02031
G1 X124.312 Y139.076 E.01757
G1 X124.859 Y138.7 E.01306
G1 X126.004 Y138.07 E.02571
G1 X126.458 Y137.837 E.01004
G1 X127.704 Y137.344 E.02636
G1 X128.548 Y137.088 E.01735
G1 X129.202 Y136.931 E.01323
G1 X130.763 Y136.693 E.03106
G1 X132.343 Y136.64 E.03109
G1 X132.916 Y136.667 E.01128
G1 X133.892 Y136.77 E.0193
G1 X134.713 Y136.926 E.01644
G1 X135.419 Y137.08 E.01421
G1 X136.422 Y137.41 E.02077
G1 X137.186 Y137.681 E.01594
G1 X138.298 Y138.213 E.02425
G1 X139.188 Y138.731 E.02025
G1 X139.718 Y139.089 E.01258
G1 X140.925 Y140.046 E.0303
G1 X160.945 Y157.916 E.52783
G1 X162.037 Y158.767 E.02723
G1 X162.652 Y159.154 E.01429
G1 X163.304 Y159.503 E.01455
G1 X164.611 Y160.043 E.02782
G1 X165.958 Y160.401 E.02741
G1 X166.625 Y160.509 E.01329
G1 X167.659 Y160.579 E.02038
G1 X168.759 Y160.573 E.02164
G1 X170.151 Y160.38 E.02764
G1 X170.812 Y160.219 E.01338
G1 X171.561 Y159.983 E.01545
G1 X172.859 Y159.421 E.02782
G1 X174.053 Y158.705 E.02738
G1 X174.647 Y158.256 E.01465
G1 X175.173 Y157.808 E.01359
G1 X176.064 Y156.888 E.02519
G1 X176.372 Y156.475 E.01013
G1 X177.119 Y155.411 E.02557
G1 X177.377 Y154.948 E.01043
G1 X177.656 Y154.393 E.01222
G1 X178.142 Y153.123 E.02675
G1 X177.758 Y152.989 F9000
;TYPE:Outer wall
G1 F6000
G1 X178.073 Y151.655 E.02696
G1 X178.177 Y150.695 E.01899
G1 X178.193 Y149.89 E.01584
G1 X178.169 Y149.071 E.01612
G1 X177.929 Y147.604 E.02924
G1 X177.791 Y147.088 E.01051
G1 X177.611 Y146.559 E.01099
G1 X177.426 Y146.088 E.00995
G1 X176.947 Y145.064 E.02224
G1 X176.224 Y143.931 E.02644
G1 X175.902 Y143.517 E.01032
G1 X175.34 Y142.885 E.01663
G1 X174.324 Y141.967 E.02693
G1 X173.203 Y141.198 E.02674
G1 X172.006 Y140.591 E.0264
G1 X170.703 Y140.137 E.02714
G1 X169.623 Y139.915 E.02169
G1 X169.046 Y139.828 E.01148
G1 X168.567 Y139.686 E.00983
G1 X168.261 Y139.319 E.0094
G1 X168.199 Y139.007 E.00626
G1 X168.197 Y137.134 E.03684
G1 X168.267 Y136.706 E.00853
G1 X168.456 Y136.441 E.0064
G1 X168.732 Y136.276 E.00632
G1 X169.066 Y136.234 E.00662
G1 X169.591 Y136.284 E.01037
G1 X171.292 Y136.591 E.034
G1 X172.739 Y137.032 E.02975
G1 X173.445 Y137.313 E.01495
G1 X174.217 Y137.673 E.01675
G1 X175.613 Y138.484 E.03176
G1 X176.86 Y139.42 E.03067
G1 X177.254 Y139.758 E.01021
G1 X178.081 Y140.573 E.02284
G1 X178.776 Y141.381 E.02096
G1 X179.11 Y141.814 E.01076
G1 X180.069 Y143.312 E.03498
G1 X180.708 Y144.628 E.02877
G1 X181 Y145.383 E.01592
G1 X181.246 Y146.147 E.01579
G1 X181.604 Y147.727 E.03186
G1 X181.724 Y148.858 E.02237
G1 X181.789 Y149.841 E.01938
G1 X181.756 Y150.951 E.02184
G1 X181.549 Y152.55 E.03171
G1 X181.092 Y154.314 E.03584
G1 X180.577 Y155.636 E.02791
G1 X180.2 Y156.409 E.01692
G1 X179.832 Y157.065 E.01479
G1 X178.919 Y158.404 E.03188
G1 X177.856 Y159.627 E.03187
G1 X177.462 Y160.014 E.01086
G1 X176.663 Y160.711 E.02085
G1 X175.776 Y161.364 E.02166
G1 X175.35 Y161.65 E.01009
G1 X174.192 Y162.287 E.026
G1 X173.703 Y162.537 E.0108
G1 X172.43 Y163.041 E.02693
G1 X171.559 Y163.305 E.0179
G1 X170.876 Y163.468 E.01381
G1 X169.274 Y163.713 E.03188
G1 X167.654 Y163.767 E.03188
G1 X167.053 Y163.739 E.01183
G1 X166.048 Y163.633 E.01988
G1 X165.211 Y163.474 E.01676
G1 X164.467 Y163.312 E.01498
G1 X163.451 Y162.977 E.02104
G1 X162.649 Y162.691 E.01675
G1 X161.526 Y162.154 E.02448
G1 X160.586 Y161.608 E.02138
G1 X160.029 Y161.23 E.01324
G1 X158.812 Y160.266 E.03054
G1 X138.794 Y142.396 E.5278
G1 X137.729 Y141.566 E.02656
G1 X137.154 Y141.204 E.01336
G1 X136.539 Y140.873 E.01374
G1 X135.283 Y140.351 E.02675
G1 X133.975 Y140.001 E.02663
G1 X133.336 Y139.896 E.01274
G1 X132.343 Y139.828 E.01958
G1 X131.27 Y139.834 E.02111
G1 X129.926 Y140.021 E.02669
G1 X129.309 Y140.169 E.01248
G1 X128.6 Y140.391 E.01461
G1 X127.35 Y140.929 E.02677
G1 X126.189 Y141.623 E.0266
G1 X125.615 Y142.055 E.01413
G1 X125.118 Y142.476 E.01281
G1 X124.193 Y143.439 E.02626
G1 X123.902 Y143.834 E.00965
G1 X123.232 Y144.794 E.02303
G1 X122.986 Y145.236 E.00995
G1 X122.724 Y145.752 E.01138
G1 X122.242 Y147.011 E.02652
G1 X121.93 Y148.332 E.0267
G1 X121.852 Y148.895 E.01118
M73 P67 R4
G1 X121.795 Y149.703 E.01593
G1 X121.844 Y151.062 E.02675
G1 X121.972 Y151.816 E.01504
G1 X122.071 Y152.396 E.01157
G1 X122.209 Y152.912 E.01051
G1 X122.389 Y153.442 E.01101
G1 X122.574 Y153.912 E.00993
G1 X123.053 Y154.936 E.02224
G1 X123.776 Y156.069 E.02644
G1 X124.098 Y156.483 E.01032
G1 X124.664 Y157.119 E.01675
G1 X125.676 Y158.033 E.02682
G1 X126.797 Y158.802 E.02674
G1 X127.994 Y159.409 E.0264
G1 X129.297 Y159.863 E.02714
G1 X130.377 Y160.085 E.02169
G1 X130.954 Y160.172 E.01148
G1 X131.433 Y160.314 E.00983
G1 X131.739 Y160.681 E.0094
G1 X131.801 Y160.993 E.00626
G1 X131.803 Y162.871 E.03694
G1 X131.74 Y163.28 E.00814
G1 X131.571 Y163.533 E.00598
G1 X131.29 Y163.715 E.00659
G1 X130.937 Y163.767 E.00702
G1 X130.409 Y163.716 E.01043
G1 X128.708 Y163.409 E.034
G1 X127.261 Y162.968 E.02975
G1 X126.555 Y162.687 E.01495
G1 X125.783 Y162.327 E.01675
G1 X124.387 Y161.516 E.03176
G1 X123.14 Y160.58 E.03067
G1 X122.746 Y160.242 E.01021
G1 X121.919 Y159.427 E.02284
G1 X121.224 Y158.619 E.02096
G1 X120.89 Y158.186 E.01076
G1 X119.931 Y156.688 E.03498
G1 X119.292 Y155.372 E.02877
G1 X119 Y154.617 E.01592
G1 X118.754 Y153.853 E.01579
G1 X118.421 Y152.421 E.02892
G1 X118.225 Y150.661 E.03483
G1 X118.211 Y150.159 E.00988
G1 X118.244 Y149.049 E.02184
G1 X118.451 Y147.45 E.03171
G1 X118.908 Y145.686 E.03584
G1 X119.423 Y144.364 E.02791
G1 X119.8 Y143.591 E.01692
G1 X120.168 Y142.935 E.01479
G1 X121.02 Y141.675 E.02992
G1 X122.145 Y140.373 E.03384
G1 X122.538 Y139.986 E.01085
G1 X123.337 Y139.289 E.02085
G1 X124.224 Y138.636 E.02166
G1 X124.65 Y138.35 E.01009
G1 X125.808 Y137.713 E.026
G1 X126.297 Y137.463 E.0108
G1 X127.57 Y136.959 E.02693
G1 X128.441 Y136.695 E.0179
G1 X129.124 Y136.532 E.01381
G1 X130.726 Y136.287 E.03188
G1 X132.346 Y136.233 E.03188
G1 X132.947 Y136.261 E.01183
G1 X133.952 Y136.367 E.01988
G1 X134.789 Y136.526 E.01676
G1 X135.533 Y136.688 E.01498
G1 X136.549 Y137.023 E.02104
G1 X137.351 Y137.309 E.01675
G1 X138.474 Y137.846 E.02448
G1 X139.414 Y138.392 E.02138
G1 X139.971 Y138.77 E.01324
G1 X141.188 Y139.734 E.03054
G1 X161.206 Y157.604 E.5278
G1 X162.271 Y158.434 E.02656
G1 X162.846 Y158.796 E.01336
G1 X163.461 Y159.127 E.01374
G1 X164.717 Y159.649 E.02675
G1 X166.025 Y159.999 E.02663
G1 X166.664 Y160.104 E.01274
G1 X167.657 Y160.172 E.01958
G1 X168.73 Y160.166 E.02111
G1 X170.074 Y159.979 E.02669
G1 X170.691 Y159.831 E.01248
G1 X171.4 Y159.609 E.01461
G1 X172.65 Y159.071 E.02677
G1 X173.811 Y158.377 E.0266
G1 X174.385 Y157.945 E.01413
G1 X174.881 Y157.525 E.01278
G1 X175.75 Y156.629 E.02455
G1 X176.769 Y155.203 E.03447
G1 X177.014 Y154.764 E.00989
G1 X177.276 Y154.248 E.01138
G1 X177.743 Y153.026 E.02573
G1 E-1 F1200
G1 X178.691 Y152.092 F9000
G1 E1 F1500
;TYPE:Sparse infill
;WIDTH:0.42
G1 F7200
G1 X178.413 Y153.243 E.02328
G1 X178.272 Y153.61 E.00774
G1 X178.602 Y153.778 E.00729
G1 X179.34 Y154.516 E.02052
G1 X179.852 Y155.52 E.02217
G1 X179.933 Y155.354 E.00363
G1 X180.428 Y154.081 E.02687
G1 X180.861 Y152.404 E.03406
G1 X180.928 Y152.013 E.00782
G1 X180.975 Y151.605 E.00808
G1 X180.875 Y151.505 E.00276
G1 X179.34 Y148.495 E.06648
G1 X178.676 Y147.831 E.01846
G1 X178.617 Y147.457 E.00745
G1 X178.461 Y146.874 E.01187
G1 X178.269 Y146.311 E.0117
G1 E-1 F1200
G1 X178.764 Y142.576 F9000
G1 E1 F1500
G1 F7200
G1 X178.534 Y142.217 E.00838
G1 X178.265 Y141.864 E.00874
G1 X177.804 Y141.328 E.0139
G1 X175.592 Y140.2 E.04884
G1 X174.854 Y139.462 E.02052
G1 X174.411 Y138.593 E.01918
G1 X173.894 Y138.298 E.01171
G1 X173 Y137.892 E.0193
G1 E-1 F1200
G1 X178.369 Y157.963 F9000
G1 E1 F1500
G1 F7200
G1 X177.335 Y159.154 E.03102
G1 X175.592 Y158.265 E.03849
G1 X175.362 Y158.035 E.0064
G1 X174.749 Y158.557 E.01585
G1 X174.161 Y158.988 E.01433
G1 X172.98 Y159.692 E.02704
G1 X172.625 Y159.844 E.00761
G1 X173.318 Y160.538 E.01929
G1 X173.887 Y161.653 E.02462
G1 X173.425 Y161.891 E.01022
G1 X172.199 Y162.376 E.02594
G1 X171.375 Y162.626 E.01693
G1 X170.741 Y162.778 E.01282
G1 X169.209 Y163.012 E.03048
G1 X168.57 Y163.033 E.01259
G1 X167.469 Y160.875 E.04765
G1 X166.587 Y160.803 E.01742
G1 X165.904 Y160.691 E.01359
G1 E-1 F1200
G1 X163.185 Y162.149 F9000
G1 E1 F1500
G1 F7200
G1 X162.934 Y162.049 E.00532
G1 X161.757 Y161.482 E.02569
G1 X161.275 Y160.538 E.02084
G1 X160.538 Y159.8 E.02052
G1 X157.758 Y158.383 E.06136
G1 X156.78 Y157.51 E.02579
G1 X155.254 Y154.516 E.06609
G1 X154.516 Y153.778 E.02052
G1 X151.505 Y152.243 E.06648
G1 X150.768 Y151.505 E.02052
G1 X149.232 Y148.495 E.06648
G1 X148.495 Y147.757 E.02052
G1 X145.484 Y146.222 E.06648
G1 X144.746 Y145.484 E.02052
G1 X143.22 Y142.49 E.06609
G1 X142.242 Y141.617 E.02579
G1 X139.462 Y140.2 E.06136
G1 X138.725 Y139.462 E.02052
G1 X138.243 Y138.518 E.02084
G1 X137.066 Y137.951 E.02569
G1 X136.815 Y137.851 E.00532
G1 E-1 F1200
G1 X134.096 Y139.309 F9000
G1 E1 F1500
G1 F7200
G1 X133.413 Y139.197 E.01359
G1 X132.531 Y139.125 E.01742
G1 X131.431 Y136.968 E.04761
G1 X130.791 Y136.988 E.01261
G1 X129.259 Y137.222 E.03047
G1 X128.625 Y137.374 E.01282
G1 X127.801 Y137.624 E.01693
G1 X126.575 Y138.109 E.02594
G1 X126.113 Y138.347 E.01022
G1 X126.682 Y139.462 E.02462
G1 X127.377 Y140.158 E.01934
G1 X126.995 Y140.322 E.00817
G1 X125.839 Y141.012 E.02649
G1 X125.251 Y141.443 E.01433
G1 X124.639 Y141.966 E.01584
G1 X124.408 Y141.735 E.0064
G1 X122.665 Y140.846 E.03849
G1 X121.634 Y142.04 E.03102
G1 E-1 F1200
G1 X121.308 Y147.908 F9000
G1 E1 F1500
G1 F7200
G1 X121.56 Y146.845 E.02149
G1 X121.731 Y146.392 E.00953
G1 X121.398 Y146.222 E.00736
G1 X120.66 Y145.484 E.02052
G1 X120.148 Y144.48 E.02217
G1 X120.067 Y144.646 E.00363
G1 X119.572 Y145.919 E.02687
G1 X119.139 Y147.596 E.03406
G1 X119.072 Y147.987 E.00782
G1 X119.025 Y148.396 E.00808
G1 X119.125 Y148.495 E.00276
G1 X120.66 Y151.505 E.06648
G1 X121.318 Y152.163 E.01831
G1 X121.375 Y152.501 E.00672
G1 X121.529 Y153.092 E.01202
G1 X121.729 Y153.683 E.01227
G1 E-1 F1200
G1 X121.236 Y157.424 F9000
G1 E1 F1500
G1 F7200
G1 X121.466 Y157.783 E.00838
G1 X121.735 Y158.136 E.00874
G1 X122.196 Y158.672 E.0139
G1 X124.408 Y159.8 E.04884
G1 X125.146 Y160.538 E.02052
G1 X125.589 Y161.407 E.01918
G1 X126.106 Y161.702 E.01171
G1 X127 Y162.108 E.0193
; stop printing object s+hook+20mm id:0 copy 0
M106 S51
;LAYER_CHANGE
;Z:2.88
;HEIGHT:0.12
;_SET_FAN_SPEED_CHANGING_LAYER
; printing object s+hook+20mm id:0 copy 0
G1 E-1 F1200
G1 X181.262 Y151.692 Z2.88 F9000
G1 E1 F1500
;TYPE:Inner wall
;WIDTH:0.419999
G1 F7200
G1 X181.226 Y152.014 E.00637
G1 X181.137 Y152.516 E.01003
G1 X181.034 Y152.929 E.00837
G1 E-1 F1200
G1 X118.738 Y148.308 F9000
G1 E1 F1500
G1 F7200
G1 X118.774 Y147.986 E.00637
G1 X118.863 Y147.484 E.01003
G1 X118.966 Y147.071 E.00837
G1 E-1 F1200
G1 X122.242 Y147.011 F9000
G1 E1 F1500
;TYPE:Outer wall
G1 F6000
G1 X121.93 Y148.332 E.0267
G1 X121.852 Y148.895 E.01118
G1 X121.795 Y149.703 E.01593
G1 X121.844 Y151.062 E.02675
G1 X121.972 Y151.816 E.01504
G1 X122.071 Y152.396 E.01157
G1 X122.209 Y152.912 E.01051
G1 X122.389 Y153.442 E.01101
G1 X122.574 Y153.912 E.00993
G1 X123.053 Y154.936 E.02224
G1 X123.776 Y156.069 E.02644
G1 X124.098 Y156.483 E.01032
G1 X124.664 Y157.119 E.01675
G1 X125.676 Y158.033 E.02682
G1 X126.797 Y158.802 E.02674
G1 X127.994 Y159.409 E.0264
G1 X129.297 Y159.863 E.02714
G1 X130.377 Y160.085 E.02169
G1 X130.954 Y160.172 E.01148
G1 X131.433 Y160.314 E.00983
G1 X131.739 Y160.681 E.0094
G1 X131.801 Y160.993 E.00626
G1 X131.803 Y162.871 E.03694
G1 X131.74 Y163.28 E.00814
M73 P68 R4
G1 X131.571 Y163.533 E.00598
G1 X131.29 Y163.715 E.00659
G1 X130.937 Y163.767 E.00702
G1 X130.409 Y163.716 E.01043
G1 X128.708 Y163.409 E.034
G1 X127.261 Y162.968 E.02975
G1 X126.555 Y162.687 E.01495
G1 X125.783 Y162.327 E.01675
G1 X124.387 Y161.516 E.03176
G1 X123.14 Y160.58 E.03067
G1 X122.746 Y160.242 E.01021
G1 X121.919 Y159.427 E.02284
G1 X121.224 Y158.619 E.02096
G1 X120.89 Y158.186 E.01076
G1 X119.931 Y156.688 E.03498
G1 X119.292 Y155.372 E.02877
G1 X119 Y154.617 E.01592
G1 X118.754 Y153.853 E.01579
G1 X118.421 Y152.421 E.02892
G1 X118.225 Y150.661 E.03483
G1 X118.211 Y150.159 E.00988
G1 X118.244 Y149.049 E.02184
G1 X118.451 Y147.45 E.03171
G1 X118.908 Y145.686 E.03584
G1 X119.423 Y144.364 E.02791
G1 X119.8 Y143.591 E.01692
G1 X120.168 Y142.935 E.01479
G1 X121.02 Y141.675 E.02992
G1 X122.145 Y140.373 E.03384
G1 X122.538 Y139.986 E.01085
G1 X123.337 Y139.289 E.02085
G1 X124.224 Y138.636 E.02166
G1 X124.65 Y138.35 E.01009
G1 X125.808 Y137.713 E.026
G1 X126.297 Y137.463 E.0108
G1 X127.57 Y136.959 E.02693
G1 X128.441 Y136.695 E.0179
G1 X129.124 Y136.532 E.01381
G1 X130.726 Y136.287 E.03188
G1 X132.346 Y136.233 E.03188
G1 X132.947 Y136.261 E.01183
G1 X133.952 Y136.367 E.01988
G1 X134.789 Y136.526 E.01676
G1 X135.533 Y136.688 E.01498
G1 X136.549 Y137.023 E.02104
G1 X137.351 Y137.309 E.01675
G1 X138.474 Y137.846 E.02448
G1 X139.414 Y138.392 E.02138
G1 X139.971 Y138.77 E.01324
G1 X141.188 Y139.734 E.03054
G1 X161.206 Y157.604 E.5278
G1 X162.271 Y158.434 E.02656
G1 X162.846 Y158.796 E.01336
G1 X163.461 Y159.127 E.01374
G1 X164.717 Y159.649 E.02675
G1 X166.025 Y159.999 E.02663
G1 X166.664 Y160.104 E.01274
G1 X167.657 Y160.172 E.01958
G1 X168.73 Y160.166 E.02111
G1 X170.074 Y159.979 E.02669
G1 X170.691 Y159.831 E.01248
G1 X171.4 Y159.609 E.01461
G1 X172.65 Y159.071 E.02677
G1 X173.811 Y158.377 E.0266
G1 X174.385 Y157.945 E.01413
G1 X174.881 Y157.525 E.01278
G1 X175.75 Y156.629 E.02455
G1 X176.769 Y155.203 E.03447
G1 X177.014 Y154.764 E.00989
G1 X177.276 Y154.248 E.01138
G1 X177.758 Y152.989 E.02652
G1 X178.073 Y151.655 E.02696
G1 X178.177 Y150.695 E.01899
G1 X178.193 Y149.89 E.01584
G1 X178.169 Y149.071 E.01612
G1 X177.929 Y147.604 E.02924
G1 X177.791 Y147.088 E.01051
G1 X177.611 Y146.559 E.01099
G1 X177.426 Y146.088 E.00995
G1 X176.947 Y145.064 E.02224
G1 X176.224 Y143.931 E.02644
G1 X175.902 Y143.517 E.01032
G1 X175.34 Y142.885 E.01663
G1 X174.324 Y141.967 E.02693
G1 X173.203 Y141.198 E.02674
G1 X172.006 Y140.591 E.0264
G1 X170.703 Y140.137 E.02714
G1 X169.623 Y139.915 E.02169
G1 X169.046 Y139.828 E.01148
G1 X168.567 Y139.686 E.00983
G1 X168.261 Y139.319 E.0094
G1 X168.199 Y139.007 E.00626
G1 X168.197 Y137.134 E.03684
G1 X168.267 Y136.706 E.00853
G1 X168.455 Y136.441 E.00639
G1 X168.733 Y136.276 E.00636
G1 X169.066 Y136.234 E.0066
G1 X169.591 Y136.284 E.01037
G1 X171.292 Y136.591 E.034
G1 X172.739 Y137.032 E.02975
G1 X173.445 Y137.313 E.01495
G1 X174.217 Y137.673 E.01675
G1 X175.613 Y138.484 E.03176
G1 X176.86 Y139.42 E.03067
G1 X177.254 Y139.758 E.01021
G1 X178.081 Y140.573 E.02284
G1 X178.776 Y141.381 E.02096
G1 X179.11 Y141.814 E.01076
G1 X180.069 Y143.312 E.03498
G1 X180.708 Y144.628 E.02877
G1 X181 Y145.383 E.01592
G1 X181.246 Y146.147 E.01579
G1 X181.604 Y147.727 E.03186
G1 X181.724 Y148.858 E.02237
G1 X181.789 Y149.841 E.01938
G1 X181.756 Y150.951 E.02184
G1 X181.549 Y152.55 E.03171
G1 X181.092 Y154.314 E.03584
G1 X180.577 Y155.636 E.02791
G1 X180.2 Y156.409 E.01692
G1 X179.832 Y157.065 E.01479
G1 X178.919 Y158.404 E.03188
G1 X177.856 Y159.627 E.03187
G1 X177.462 Y160.014 E.01086
G1 X176.663 Y160.711 E.02085
G1 X175.776 Y161.364 E.02166
G1 X175.35 Y161.65 E.01009
G1 X174.192 Y162.287 E.026
G1 X173.703 Y162.537 E.0108
G1 X172.43 Y163.041 E.02693
G1 X171.559 Y163.305 E.0179
G1 X170.876 Y163.468 E.01381
G1 X169.274 Y163.713 E.03188
G1 X167.654 Y163.767 E.03188
G1 X167.053 Y163.739 E.01183
G1 X166.048 Y163.633 E.01988
G1 X165.211 Y163.474 E.01676
G1 X164.467 Y163.312 E.01498
G1 X163.451 Y162.977 E.02104
G1 X162.649 Y162.691 E.01675
G1 X161.526 Y162.154 E.02448
G1 X160.586 Y161.608 E.02138
G1 X160.029 Y161.23 E.01324
G1 X158.812 Y160.266 E.03054
G1 X138.794 Y142.396 E.5278
G1 X137.729 Y141.566 E.02656
G1 X137.154 Y141.204 E.01336
G1 X136.539 Y140.873 E.01374
G1 X135.283 Y140.351 E.02675
G1 X133.975 Y140.001 E.02663
G1 X133.336 Y139.896 E.01274
G1 X132.343 Y139.828 E.01958
G1 X131.27 Y139.834 E.02111
G1 X129.926 Y140.021 E.02669
G1 X129.309 Y140.169 E.01248
G1 X128.6 Y140.391 E.01461
G1 X127.35 Y140.929 E.02677
G1 X126.189 Y141.623 E.0266
G1 X125.615 Y142.055 E.01413
G1 X125.118 Y142.476 E.01281
G1 X124.193 Y143.439 E.02626
G1 X123.902 Y143.834 E.00965
G1 X123.232 Y144.794 E.02303
G1 X122.986 Y145.236 E.00995
G1 X122.724 Y145.752 E.01138
G1 X122.257 Y146.974 E.02573
G1 E-1 F1200
G1 X119.657 Y149.363 F9000
G1 E1 F1500
M73 P68 R3
;TYPE:Sparse infill
;WIDTH:0.42
G1 F7200
G1 X120.448 Y151.505 E.04492
G1 X120.496 Y151.553 E.00133
G1 E-1 F1200
G1 X123.965 Y159.424 F9000
G1 E1 F1500
G1 F7200
G1 X124.408 Y159.588 E.0093
G1 X125.039 Y160.218 E.01754
G1 E-1 F1200
G1 X138.612 Y139.562 F9000
G1 E1 F1500
G1 F7200
G1 X139.462 Y140.412 E.02366
G1 X140.03 Y140.622 E.0119
G1 E-1 F1200
G1 X144.057 Y144.192 F9000
G1 E1 F1500
G1 F7200
G1 X144.534 Y145.484 E.02709
G1 X145.484 Y146.434 E.02642
G1 X147.334 Y147.116 E.03878
G1 E-1 F1200
G1 X149.723 Y149.249 F9000
G1 E1 F1500
G1 F7200
G1 X150.277 Y150.751 E.03149
G1 E-1 F1200
G1 X152.666 Y152.884 F9000
G1 E1 F1500
G1 F7200
G1 X154.516 Y153.566 E.03878
G1 X155.466 Y154.516 E.02642
G1 X155.943 Y155.808 E.02709
G1 E-1 F1200
G1 X159.97 Y159.378 F9000
G1 E1 F1500
G1 F7200
G1 X160.538 Y159.588 E.0119
G1 X161.388 Y160.438 E.02366
G1 E-1 F1200
G1 X180.343 Y150.638 F9000
G1 E1 F1500
G1 F7200
G1 X179.552 Y148.495 E.04493
G1 X179.499 Y148.442 E.00148
G1 E-1 F1200
G1 X176.035 Y140.576 F9000
G1 E1 F1500
G1 F7200
G1 X175.592 Y140.412 E.0093
G1 X174.961 Y139.782 E.01754
; stop printing object s+hook+20mm id:0 copy 0
; FIBER RESERVE: mode=band strands=1 removed=8
M400
G1 E-10 F1200
MOVE_TO_BRUSH_STATION
CLEAN_NOZZLE
M104 S150 T1 ; standby
M104 S270 T0 ; pre-charge
M109 S270 T0
MOVE_OUT_BRUSH_STATION
M106 P2 S175 ; fibre-side cooling, fan4, owned by T0 (depositing)
M106 P1 S0 ; part-cooling, fan3, owned by T1 (idle)
M106 P3 S255 ; auxiliary fan on while T0 deposits
M106 P5 S255 ; exhaust fan on while T0 deposits
T0 ; switch extruder type to:FIBER
; LAYER:23 [2.88]
M1001 L234
G1 F1200 Z4.08
G1 X155.55 Y153.76 F1200
G1 F1200 U55.000 ; Extrude restart
G1 F1200 Z2.88
G1 F600 V1.000 ; Recover matrix retract
G1 F600 V3.000 ; Matrix prime
G1 X160.63 Y158.30 V0.227 U6.674 P0.034 F300
G1 X161.45 Y158.94 V0.035 U1.027 P0.034 F300
M73 P69 R3
G1 X161.76 Y159.17 V0.013 U0.370 P0.034 F300
G1 X162.07 Y159.38 V0.013 U0.370 P0.034 F300
G1 X162.39 Y159.58 V0.013 U0.370 P0.034 F300
G1 X162.73 Y159.76 V0.013 U0.379 P0.034 F300
G1 X163.08 Y159.94 V0.013 U0.379 P0.034 F300
G1 X163.43 Y160.09 V0.013 U0.379 P0.034 F300
G1 X163.75 Y160.23 V0.012 U0.342 P0.034 F300
G1 X164.43 Y160.48 V0.024 U0.714 P0.034 F300
G1 X165.13 Y160.70 V0.024 U0.714 P0.034 F300
G1 X165.48 Y160.79 V0.012 U0.354 P0.034 F300
G1 X165.84 Y160.88 V0.012 U0.360 P0.034 F300
G1 X166.20 Y160.94 V0.012 U0.360 P0.034 F300
G1 X166.56 Y160.99 V0.012 U0.360 P0.034 F300
G1 X166.93 Y161.03 V0.012 U0.360 P0.034 F300
G1 X167.63 Y161.08 V0.023 U0.689 P0.034 F300
G1 X168.21 Y161.07 V0.019 U0.571 P0.034 F300
G1 X168.79 Y161.05 V0.019 U0.570 P0.034 F600
G1 X169.37 Y160.99 V0.019 U0.570 P0.034 F600
G1 X169.89 Y160.92 V0.017 U0.514 P0.034 F600
G1 X170.24 Y160.86 V0.012 U0.347 P0.034 F600
G1 X170.59 Y160.79 V0.012 U0.347 P0.034 F600
G1 X170.93 Y160.70 V0.012 U0.348 P0.034 F600
G1 X171.32 Y160.58 V0.014 U0.402 P0.034 F600
G1 X171.71 Y160.45 V0.014 U0.401 P0.034 F600
G1 X172.09 Y160.30 V0.014 U0.401 P0.034 F600
G1 X172.39 Y160.17 V0.011 U0.320 P0.034 F600
G1 X173.05 Y159.86 V0.024 U0.715 P0.034 F600
G1 X173.69 Y159.50 V0.024 U0.715 P0.034 F600
G1 X173.98 Y159.33 V0.011 U0.328 P0.034 F600
G1 X174.31 Y159.12 V0.013 U0.388 P0.034 F600
G1 X174.63 Y158.89 V0.013 U0.388 P0.034 F600
G1 X174.95 Y158.65 V0.013 U0.388 P0.034 F600
G1 X175.22 Y158.42 V0.012 U0.353 P0.034 F600
G1 X175.49 Y158.18 V0.012 U0.353 P0.034 F600
G1 X175.75 Y157.93 V0.012 U0.353 P0.034 F600
G1 X175.97 Y157.70 V0.011 U0.314 P0.034 F600
G1 X176.43 Y157.19 V0.023 U0.665 P0.034 F600
G1 X176.84 Y156.66 V0.023 U0.665 P0.034 F600
G1 X177.37 Y155.92 V0.030 U0.887 P0.034 F600
G1 X177.53 Y155.68 V0.010 U0.280 P0.034 F600
G1 X177.67 Y155.44 V0.010 U0.280 P0.034 F600
G1 X177.81 Y155.19 V0.010 U0.280 P0.034 F600
G1 X177.96 Y154.90 V0.011 U0.315 P0.034 F600
G1 X178.10 Y154.61 V0.011 U0.315 P0.034 F600
G1 X178.22 Y154.31 V0.011 U0.315 P0.034 F600
G1 X178.57 Y153.40 V0.033 U0.963 P0.034 F600
G1 X178.62 Y153.25 V0.005 U0.147 P0.034 F600
G1 X178.66 Y153.11 V0.005 U0.147 P0.034 F600
G1 X178.69 Y152.96 V0.005 U0.148 P0.034 F600
G1 X178.84 Y152.32 V0.022 U0.642 P0.034 F600
G1 X178.95 Y151.81 V0.018 U0.519 P0.034 F600
G1 X179.02 Y151.28 V0.018 U0.519 P0.034 F600
G1 X179.03 Y151.18 V0.003 U0.095 P0.034 F600
G1 X179.07 Y150.75 V0.014 U0.425 P0.034 F600
G1 X179.09 Y150.32 V0.014 U0.425 P0.034 F600
G1 X179.10 Y149.89 V0.014 U0.425 P0.034 F600
G1 X179.08 Y149.43 V0.015 U0.442 P0.034 F600
G1 X179.06 Y148.99 V0.015 U0.441 P0.034 F600
G1 X179.00 Y148.54 V0.015 U0.441 P0.034 F600
G1 X178.86 Y147.72 V0.028 U0.818 P0.034 F600
G1 X178.81 Y147.42 V0.010 U0.299 P0.034 F600
G1 X178.74 Y147.12 V0.010 U0.299 P0.034 F600
G1 X178.66 Y146.82 V0.010 U0.299 P0.034 F600
G1 X178.46 Y146.25 V0.020 U0.598 P0.034 F600
G1 X178.26 Y145.73 V0.018 U0.544 P0.034 F600
G1 X178.00 Y145.18 V0.020 U0.597 P0.034 F600
G1 X177.72 Y144.64 V0.020 U0.596 P0.034 F600
G1 X177.41 Y144.11 V0.020 U0.596 P0.034 F600
G1 X177.12 Y143.66 V0.018 U0.526 P0.034 F600
G1 X176.96 Y143.41 V0.010 U0.292 P0.034 F600
G1 X176.78 Y143.17 V0.010 U0.292 P0.034 F600
G1 X176.60 Y142.94 V0.010 U0.292 P0.034 F600
G1 X176.29 Y142.59 V0.015 U0.453 P0.034 F600
G1 X175.97 Y142.26 V0.015 U0.453 P0.034 F600
G1 X175.64 Y141.94 V0.015 U0.453 P0.034 F600
G1 X175.43 Y141.75 V0.009 U0.271 P0.034 F600
G1 X174.87 Y141.27 V0.025 U0.723 P0.034 F600
G1 X174.28 Y140.84 V0.025 U0.723 P0.034 F600
G1 X173.65 Y140.44 V0.025 U0.724 P0.034 F600
G1 X173.01 Y140.09 V0.024 U0.716 P0.034 F600
G1 X172.35 Y139.78 V0.024 U0.716 P0.034 F600
G1 X171.67 Y139.52 V0.024 U0.716 P0.034 F600
G1 X171.50 Y139.46 V0.006 U0.172 P0.034 F600
G1 X170.94 Y139.28 V0.020 U0.580 P0.034 F600
G1 X170.36 Y139.14 V0.020 U0.580 P0.034 F600
G1 X169.78 Y139.02 V0.020 U0.581 P0.034 F600
G1 X169.32 Y138.95 V0.016 U0.462 P0.034 F600
G1 X169.24 Y138.94 V0.002 U0.071 P0.034 F600
G1 X169.17 Y138.92 V0.002 U0.071 P0.034 F600
G1 X169.10 Y138.90 V0.002 U0.071 P0.034 F600
G1 X169.10 Y137.24 V0.055 U1.631 P0.034 F600
G1 X169.10 Y137.21 V0.001 U0.030 P0.034 F600
G1 X169.11 Y137.18 V0.001 U0.030 P0.034 F600
G1 X169.11 Y137.15 V0.001 U0.030 P0.034 F600
G1 X169.47 Y137.18 V0.012 U0.350 P0.034 F600
G1 X170.39 Y137.35 V0.031 U0.915 P0.034 F600
G1 X171.07 Y137.49 V0.023 U0.690 P0.034 F600
G1 X171.75 Y137.68 V0.023 U0.690 P0.034 F600
G1 X172.44 Y137.89 V0.024 U0.703 P0.034 F600
G1 X173.09 Y138.14 V0.023 U0.682 P0.034 F600
G1 X173.44 Y138.31 V0.013 U0.385 P0.034 F600
G1 X173.79 Y138.48 V0.013 U0.385 P0.034 F600
G1 X174.14 Y138.67 V0.013 U0.385 P0.034 F600
G1 X174.50 Y138.88 V0.014 U0.412 P0.034 F600
G1 X175.10 Y139.26 V0.024 U0.692 P0.034 F600
G1 X175.68 Y139.66 V0.024 U0.692 P0.034 F600
G1 X176.29 Y140.13 V0.026 U0.754 P0.034 F600
G1 X176.64 Y140.42 V0.015 U0.450 P0.034 F600
G1 X177.42 Y141.19 V0.036 U1.071 P0.034 F600
G1 X178.08 Y141.95 V0.033 U0.985 P0.034 F600
G1 X178.22 Y142.14 V0.008 U0.236 P0.034 F600
G1 X178.37 Y142.34 V0.008 U0.236 P0.034 F600
G1 X178.50 Y142.54 V0.008 U0.236 P0.034 F600
G1 X178.91 Y143.18 V0.025 U0.743 P0.034 F600
G1 X179.26 Y143.76 V0.023 U0.672 P0.034 F600
G1 X179.58 Y144.37 V0.023 U0.672 P0.034 F600
G1 X179.88 Y144.99 V0.023 U0.672 P0.034 F600
M73 P70 R3
G1 X180.15 Y145.68 V0.025 U0.732 P0.034 F600
G1 X180.26 Y146.04 V0.012 U0.360 P0.034 F600
G1 X180.36 Y146.39 V0.012 U0.360 P0.034 F600
G1 X180.45 Y146.74 V0.012 U0.360 P0.034 F600
G1 X180.59 Y147.35 V0.021 U0.614 P0.034 F600
G1 X180.69 Y147.88 V0.018 U0.522 P0.034 F600
G1 X180.77 Y148.40 V0.018 U0.522 P0.034 F600
G1 X180.82 Y148.94 V0.018 U0.523 P0.034 F600
G1 X180.85 Y149.40 V0.015 U0.453 P0.034 F600
G1 X180.87 Y149.86 V0.015 U0.452 P0.034 F600
G1 X180.87 Y150.32 V0.015 U0.452 P0.034 F600
G1 X180.87 Y150.37 V0.002 U0.048 P0.034 F600
G1 X180.84 Y150.88 V0.017 U0.501 P0.034 F600
G1 X180.79 Y151.39 V0.017 U0.501 P0.034 F600
G1 X180.76 Y151.64 V0.008 U0.247 P0.034 F600
G1 X180.64 Y152.37 V0.025 U0.732 P0.034 F600
G1 X180.47 Y153.10 V0.025 U0.732 P0.034 F600
G1 X180.40 Y153.39 V0.010 U0.294 P0.034 F600
G1 X180.21 Y154.03 V0.022 U0.650 P0.034 F600
G1 X179.99 Y154.65 V0.022 U0.650 P0.034 F600
G1 X179.75 Y155.27 V0.022 U0.651 P0.034 F600
G1 X179.40 Y155.99 V0.027 U0.781 P0.034 F600
G1 X179.06 Y156.59 V0.023 U0.673 P0.034 F600
G1 X178.60 Y157.27 V0.027 U0.807 P0.034 F600
G1 X178.19 Y157.84 V0.023 U0.690 P0.034 F600
G1 X177.74 Y158.38 V0.023 U0.690 P0.034 F600
G1 X177.20 Y159.01 V0.028 U0.811 P0.034 F600
G1 X176.85 Y159.35 V0.016 U0.480 P0.034 F600
G1 X176.10 Y160.01 V0.033 U0.977 P0.034 F600
G1 X175.26 Y160.62 V0.035 U1.022 P0.034 F600
G1 X174.88 Y160.88 V0.015 U0.444 P0.034 F600
G1 X173.77 Y161.49 V0.042 U1.244 P0.034 F600
G1 X173.55 Y161.60 V0.008 U0.241 P0.034 F600
G1 X173.33 Y161.71 V0.008 U0.241 P0.034 F600
G1 X173.10 Y161.80 V0.008 U0.241 P0.034 F600
G1 X172.13 Y162.19 V0.035 U1.021 P0.034 F600
G1 X171.32 Y162.43 V0.028 U0.830 P0.034 F600
G1 X170.70 Y162.58 V0.021 U0.625 P0.034 F600
G1 X169.89 Y162.70 V0.027 U0.807 P0.034 F600
G1 X169.19 Y162.79 V0.023 U0.690 P0.034 F600
G1 X168.49 Y162.83 V0.023 U0.690 P0.034 F600
G1 X167.66 Y162.86 V0.028 U0.810 P0.034 F600
G1 X167.12 Y162.84 V0.018 U0.528 P0.034 F600
G1 X166.18 Y162.74 V0.032 U0.928 P0.034 F600
G1 X165.39 Y162.59 V0.027 U0.787 P0.034 F600
G1 X165.05 Y162.51 V0.012 U0.344 P0.034 F600
G1 X164.71 Y162.43 V0.012 U0.344 P0.034 F600
G1 X164.37 Y162.33 V0.012 U0.344 P0.034 F600
G1 X163.74 Y162.12 V0.022 U0.648 P0.034 F600
G1 X163.37 Y161.99 V0.013 U0.389 P0.034 F600
G1 X163.00 Y161.85 V0.013 U0.388 P0.034 F600
G1 X162.64 Y161.68 V0.013 U0.388 P0.034 F600
G1 X161.95 Y161.35 V0.026 U0.750 P0.034 F600
M104 S250 T1 ; FS_PREHEAT next_tool=1 lead_s=15
G1 X161.07 Y160.84 V0.034 U0.998 P0.034 F600
G1 X160.57 Y160.50 V0.020 U0.596 P0.034 F600
G1 X159.39 Y159.57 V0.050 U1.463 P0.034 F600
G1 X139.37 Y141.70 V0.894 U26.301 P0.034 F600
G1 X138.55 Y141.06 V0.035 U1.027 P0.034 F600
G1 X138.24 Y140.83 V0.013 U0.370 P0.034 F600
G1 X137.93 Y140.62 V0.013 U0.370 P0.034 F600
G1 X137.61 Y140.42 V0.013 U0.370 P0.034 F600
G1 X137.27 Y140.24 V0.013 U0.379 P0.034 F600
G1 X136.92 Y140.06 V0.013 U0.379 P0.034 F600
G1 X136.57 Y139.91 V0.013 U0.379 P0.034 F600
G1 X136.25 Y139.77 V0.012 U0.342 P0.034 F600
G1 X135.57 Y139.52 V0.024 U0.714 P0.034 F600
G1 X134.87 Y139.30 V0.024 U0.714 P0.034 F600
G1 X134.52 Y139.21 V0.012 U0.354 P0.034 F600
G1 X134.16 Y139.12 V0.012 U0.360 P0.034 F600
G1 X133.80 Y139.06 V0.012 U0.360 P0.034 F600
G1 X133.44 Y139.01 V0.012 U0.360 P0.034 F600
G1 X133.07 Y138.97 V0.012 U0.360 P0.034 F600
G1 X132.37 Y138.92 V0.023 U0.689 P0.034 F600
G1 X131.79 Y138.93 V0.019 U0.571 P0.034 F600
G1 X131.21 Y138.95 V0.019 U0.570 P0.034 F600
G1 X130.63 Y139.01 V0.019 U0.570 P0.034 F600
G1 X130.11 Y139.08 V0.017 U0.514 P0.034 F600
G1 X129.76 Y139.14 V0.012 U0.347 P0.034 F600
G1 X129.41 Y139.21 V0.012 U0.347 P0.034 F600
G1 X129.07 Y139.30 V0.012 U0.348 P0.034 F600
G1 X128.68 Y139.42 V0.014 U0.402 P0.034 F600
G1 X128.29 Y139.55 V0.014 U0.401 P0.034 F600
G1 X127.91 Y139.70 V0.014 U0.401 P0.034 F600
G1 X127.61 Y139.83 V0.011 U0.320 P0.034 F600
G1 X126.95 Y140.14 V0.024 U0.715 P0.034 F600
G1 X126.31 Y140.50 V0.024 U0.715 P0.034 F600
M73 P71 R3
G1 X126.02 Y140.67 V0.011 U0.328 P0.034 F600
G1 X125.69 Y140.88 V0.013 U0.388 P0.034 F600
G1 X125.37 Y141.11 V0.013 U0.388 P0.034 F600
G1 X125.05 Y141.35 V0.013 U0.388 P0.034 F600
G1 X124.77 Y141.58 V0.012 U0.354 P0.034 F600
G1 X124.51 Y141.82 V0.012 U0.354 P0.034 F600
G1 X124.25 Y142.08 V0.012 U0.354 P0.034 F600
G1 X123.69 Y142.65 V0.027 U0.783 P0.034 F600
G1 X123.51 Y142.86 V0.009 U0.275 P0.034 F600
G1 X123.33 Y143.08 V0.009 U0.275 P0.034 F600
G1 X123.17 Y143.31 V0.009 U0.275 P0.034 F600
G1 X122.63 Y144.08 V0.031 U0.924 P0.034 F600
G1 X122.47 Y144.32 V0.009 U0.279 P0.034 F600
G1 X122.33 Y144.56 V0.009 U0.279 P0.034 F600
G1 X122.19 Y144.81 V0.009 U0.279 P0.034 F600
G1 X122.04 Y145.10 V0.011 U0.315 P0.034 F600
G1 X121.90 Y145.39 V0.011 U0.315 P0.034 F600
G1 X121.78 Y145.69 V0.011 U0.315 P0.034 F600
G1 X121.64 Y146.07 V0.014 U0.398 P0.034 F600
G1 X121.40 Y146.75 V0.024 U0.712 P0.034 F600
G1 X121.21 Y147.45 V0.024 U0.712 P0.034 F600
G1 X121.11 Y147.85 V0.014 U0.404 P0.034 F600
G1 X121.05 Y148.17 V0.011 U0.314 P0.034 F600
G1 X121.00 Y148.48 V0.011 U0.314 P0.034 F600
G1 X120.95 Y148.80 V0.011 U0.314 P0.034 F600
G1 X120.92 Y149.24 V0.015 U0.435 P0.034 F600
G1 X120.90 Y149.69 V0.015 U0.435 P0.034 F600
G1 X120.91 Y150.13 V0.015 U0.435 P0.034 F600
G1 X120.93 Y150.74 V0.020 U0.600 P0.034 F600
G1 X120.96 Y151.15 V0.014 U0.403 P0.034 F600
G1 X121.01 Y151.56 V0.014 U0.403 P0.034 F600
G1 X121.08 Y151.97 V0.014 U0.404 P0.034 F600
G1 X121.14 Y152.29 V0.011 U0.321 P0.034 F600
G1 X121.19 Y152.59 V0.010 U0.297 P0.034 F600
G1 X121.26 Y152.88 V0.010 U0.297 P0.034 F600
G1 X121.34 Y153.17 V0.010 U0.297 P0.034 F600
G1 X121.54 Y153.75 V0.020 U0.598 P0.034 F600
G1 X121.74 Y154.27 V0.018 U0.544 P0.034 F600
G1 X122.00 Y154.82 V0.020 U0.597 P0.034 F600
G1 X122.28 Y155.36 V0.020 U0.596 P0.034 F600
G1 X122.59 Y155.89 V0.020 U0.596 P0.034 F600
G1 X122.88 Y156.34 V0.018 U0.526 P0.034 F600
G1 X123.04 Y156.59 V0.010 U0.292 P0.034 F600
G1 X123.22 Y156.83 V0.010 U0.292 P0.034 F600
G1 X123.40 Y157.06 V0.010 U0.292 P0.034 F600
G1 X123.71 Y157.41 V0.016 U0.456 P0.034 F600
G1 X124.03 Y157.75 V0.016 U0.456 P0.034 F600
G1 X124.37 Y158.07 V0.016 U0.456 P0.034 F600
G1 X124.57 Y158.25 V0.009 U0.265 P0.034 F600
G1 X125.13 Y158.73 V0.024 U0.720 P0.034 F600
G1 X125.72 Y159.16 V0.024 U0.720 P0.034 F600
G1 X126.35 Y159.56 V0.025 U0.727 P0.034 F600
G1 X126.99 Y159.91 V0.024 U0.716 P0.034 F600
G1 X127.65 Y160.22 V0.024 U0.716 P0.034 F600
G1 X128.33 Y160.48 V0.024 U0.716 P0.034 F600
G1 X128.50 Y160.54 V0.006 U0.172 P0.034 F600
G1 X129.06 Y160.72 V0.020 U0.580 P0.034 F600
G1 X129.64 Y160.86 V0.020 U0.580 P0.034 F600
G1 X130.22 Y160.98 V0.020 U0.581 P0.034 F600
G1 X130.68 Y161.05 V0.016 U0.462 P0.034 F600
G1 X130.76 Y161.06 V0.002 U0.071 P0.034 F600
G1 X130.83 Y161.08 V0.002 U0.071 P0.034 F600
G1 X130.90 Y161.10 V0.002 U0.072 P0.034 F600
G1 X130.90 Y162.78 V0.056 U1.644 P0.034 F600
G1 X130.90 Y162.80 V0.001 U0.026 P0.034 F600
G1 X130.89 Y162.83 V0.001 U0.026 P0.034 F600
G1 X130.89 Y162.85 V0.001 U0.026 P0.034 F600
G1 X130.53 Y162.82 V0.012 U0.352 P0.034 F600
G1 X129.61 Y162.65 V0.031 U0.915 P0.034 F600
G1 X128.93 Y162.51 V0.023 U0.690 P0.034 F600
G1 X128.25 Y162.32 V0.023 U0.690 P0.034 F600
G1 X127.56 Y162.11 V0.024 U0.703 P0.034 F600
G1 X126.91 Y161.86 V0.023 U0.682 P0.034 F600
G1 X126.56 Y161.69 V0.013 U0.385 P0.034 F600
G1 X126.21 Y161.52 V0.013 U0.385 P0.034 F600
G1 X125.86 Y161.33 V0.013 U0.385 P0.034 F600
G1 X125.50 Y161.12 V0.014 U0.412 P0.034 F600
G1 X124.90 Y160.74 V0.024 U0.692 P0.034 F600
G1 X124.32 Y160.34 V0.024 U0.692 P0.034 F600
G1 X123.71 Y159.87 V0.026 U0.754 P0.034 F600
G1 X123.36 Y159.58 V0.015 U0.450 P0.034 F600
G1 X122.58 Y158.81 V0.036 U1.071 P0.034 F600
G1 X121.92 Y158.05 V0.033 U0.985 P0.034 F600
G1 X121.78 Y157.86 V0.008 U0.236 P0.034 F600
G1 X121.63 Y157.66 V0.008 U0.236 P0.034 F600
G1 X121.50 Y157.46 V0.008 U0.236 P0.034 F600
G1 X121.09 Y156.82 V0.025 U0.743 P0.034 F600
G1 X120.74 Y156.24 V0.023 U0.672 P0.034 F600
G1 X120.42 Y155.63 V0.023 U0.672 P0.034 F600
G1 X120.13 Y155.02 V0.022 U0.660 P0.034 F600
; Start to cut
M2800
M400
;CUT DISTANCE 54.8
G1 X119.85 Y154.32 V0.018 F600
G1 X119.63 Y153.61 V0.018 F600
G1 X119.47 Y152.94 V0.017 F600
G1 X119.33 Y152.26 V0.017 F600
G1 X119.24 Y151.58 V0.017 F600
G1 X119.13 Y150.60 V0.024 F600
G1 X119.12 Y150.16 V0.011 F600
G1 X119.13 Y149.64 V0.012 F600
G1 X119.16 Y149.12 V0.012 F600
G1 X119.21 Y148.61 V0.012 F600
G1 X119.24 Y148.36 V0.006 F600
G1 X119.36 Y147.63 V0.018 F600
G1 X119.53 Y146.90 V0.018 F600
G1 X119.60 Y146.61 V0.007 F600
G1 X119.79 Y145.97 V0.016 F600
G1 X120.01 Y145.35 V0.016 F600
G1 X120.25 Y144.73 V0.016 F600
G1 X120.60 Y144.01 V0.019 F600
G1 X120.94 Y143.41 V0.017 F600
G1 X121.34 Y142.81 V0.017 F600
G1 X121.76 Y142.24 V0.017 F600
G1 X122.20 Y141.69 V0.017 F600
G1 X122.80 Y140.99 V0.022 F600
G1 X123.15 Y140.65 V0.012 F600
G1 X123.90 Y139.99 V0.024 F600
G1 X124.74 Y139.38 V0.025 F600
G1 X125.12 Y139.12 V0.011 F600
G1 X126.23 Y138.51 V0.030 F600
G1 X126.45 Y138.40 V0.006 F600
G1 X126.67 Y138.29 V0.006 F600
G1 X126.90 Y138.20 V0.006 F600
G1 X127.87 Y137.81 V0.025 F600
G1 X128.68 Y137.57 V0.020 F600
G1 X129.30 Y137.42 V0.015 F600
G1 X130.11 Y137.30 V0.020 F600
G1 X130.81 Y137.21 V0.017 F600
G1 X131.51 Y137.17 V0.017 F600
G1 X132.34 Y137.14 V0.020 F600
G1 X132.88 Y137.16 V0.013 F600
G1 X133.82 Y137.26 V0.023 F600
G1 X134.61 Y137.41 V0.019 F600
G1 X134.95 Y137.49 V0.008 F600
G1 X135.29 Y137.57 V0.008 F600
G1 X135.63 Y137.67 V0.008 F600
G1 X136.26 Y137.88 V0.016 F600
G1 X136.63 Y138.01 V0.010 F600
G1 X137.00 Y138.15 V0.010 F600
G1 X137.36 Y138.32 V0.010 F600
G1 X138.05 Y138.65 V0.018 F600
G1 X138.93 Y139.16 V0.024 F600
M73 P72 R3
G1 X139.43 Y139.50 V0.015 F600
G1 X140.61 Y140.43 V0.036 F600
G1 X155.55 Y153.76 V0.480 F600
; Cutting completed.
G1 F600 V-1.000 ; Retract
; FS_RELEASE_BEGIN length_mm=6.800 speed_mm_s=10.000
G1 X160.619 Y158.292 F600
; FS_RELEASE_END physical_clearance=unmeasured
M1002
M400
G1 F600 V-4.000 ; Toolchange matrix retract
G1 F1200 Z3.48
MOVE_TO_BRUSH_STATION
CLEAN_NOZZLE
M104 S180 T0 ; standby
M104 S250 T1 ; pre-charge
M109 S250 T1
MOVE_OUT_BRUSH_STATION
M106 P2 S0 ; fibre-side cooling, fan4, owned by T0 (idle)
M106 P1 S175 ; part-cooling, fan3, owned by T1 (depositing)
M106 P3 S0 ; auxiliary fan off while T1 deposits
M106 P5 S0 ; exhaust fan off while T1 deposits
T1 ; switch extruder type to:PLASTIC
; FIBER TURNS: 80 joints tighter than 12.00 mm, policy=keep, splits=0
M106 S178
;LAYER_CHANGE
;Z:3
;HEIGHT:0.12
;_SET_FAN_SPEED_CHANGING_LAYER
; printing object s+hook+20mm id:0 copy 0
M104 S270 T0 ; FS_PREHEAT next_tool=0 lead_s=15
G1 X168.772 Y136.741 Z3 F9000
G1 Z3 F9000
G1 E10 F1500
;TYPE:Inner wall
;WIDTH:0.419999
G1 F7200
G1 X168.803 Y136.708 E.00089
G1 X169.02 Y136.65 E.00442
G1 X169.535 Y136.688 E.01016
G1 X171.196 Y136.987 E.0332
G1 X172.604 Y137.416 E.02895
G1 X173.284 Y137.687 E.0144
G1 X174.03 Y138.035 E.01619
G1 X175.379 Y138.817 E.03067
G1 X176.524 Y139.677 E.02817
G1 X176.977 Y140.057 E.01163
G1 X177.784 Y140.851 E.02227
G1 X178.468 Y141.647 E.02064
G1 X178.777 Y142.047 E.00994
G1 X179.713 Y143.511 E.03418
G1 X180.334 Y144.79 E.02797
G1 X180.617 Y145.519 E.01538
G1 X180.853 Y146.254 E.01518
G1 X181.202 Y147.793 E.03104
G1 X181.319 Y148.901 E.02191
G1 X181.382 Y149.841 E.01853
G1 X181.349 Y150.922 E.02127
G1 X181.226 Y152.014 E.02161
G1 X181.137 Y152.516 E.01003
G1 X180.741 Y154.093 E.03198
G1 X180.204 Y155.473 E.02913
G1 X179.84 Y156.22 E.01634
G1 X179.486 Y156.85 E.01421
G1 X178.596 Y158.155 E.03107
G1 X177.559 Y159.348 E.03109
G1 X177.185 Y159.715 E.01031
G1 X176.407 Y160.394 E.02031
G1 X175.688 Y160.924 E.01757
G1 X175.141 Y161.3 E.01306
G1 X173.996 Y161.93 E.02571
G1 X173.542 Y162.163 E.01004
G1 X172.296 Y162.656 E.02636
G1 X171.452 Y162.912 E.01735
G1 X170.798 Y163.069 E.01323
G1 X169.237 Y163.307 E.03106
G1 X167.657 Y163.36 E.03109
G1 X167.084 Y163.333 E.01128
G1 X166.108 Y163.23 E.0193
G1 X165.287 Y163.074 E.01644
G1 X164.581 Y162.92 E.01421
G1 X163.578 Y162.59 E.02077
G1 X162.814 Y162.319 E.01594
G1 X161.702 Y161.787 E.02425
G1 X160.812 Y161.269 E.02025
G1 X160.282 Y160.911 E.01258
G1 X159.075 Y159.954 E.0303
G1 X139.055 Y142.084 E.52783
G1 X137.963 Y141.233 E.02723
G1 X137.348 Y140.846 E.01429
G1 X136.696 Y140.497 E.01455
G1 X135.389 Y139.957 E.02782
G1 X134.042 Y139.599 E.02741
G1 X133.375 Y139.491 E.01329
G1 X132.341 Y139.421 E.02038
G1 X131.241 Y139.427 E.02164
G1 X129.849 Y139.62 E.02764
G1 X129.188 Y139.781 E.01338
G1 X128.439 Y140.017 E.01545
G1 X127.141 Y140.579 E.02782
G1 X125.947 Y141.295 E.02738
G1 X125.353 Y141.744 E.01465
G1 X124.825 Y142.194 E.01365
G1 X123.878 Y143.18 E.02689
G1 X123.573 Y143.593 E.0101
G1 X122.883 Y144.586 E.02378
G1 X122.623 Y145.052 E.0105
G1 X122.344 Y145.607 E.01222
G1 X121.852 Y146.891 E.02705
G1 X121.529 Y148.259 E.02765
G1 X121.446 Y148.866 E.01205
G1 X121.388 Y149.717 E.01678
G1 X121.415 Y150.487 E.01515
G1 X121.442 Y151.13 E.01266
G1 X121.677 Y152.501 E.02736
G1 X121.821 Y153.037 E.01092
G1 X122.003 Y153.572 E.01112
G1 X122.203 Y154.08 E.01074
G1 X122.71 Y155.155 E.02338
G1 X123.443 Y156.304 E.02681
G1 X123.793 Y156.753 E.0112
G1 X124.389 Y157.419 E.01758
G1 X124.912 Y157.901 E.01399
G1 X125.445 Y158.368 E.01394
G1 X126.612 Y159.165 E.0278
G1 X127.854 Y159.792 E.02737
G1 X129.215 Y160.262 E.02832
G1 X130.295 Y160.484 E.02169
G1 X130.908 Y160.577 E.0122
G1 X131.192 Y160.661 E.00583
G1 X131.36 Y160.862 E.00515
G1 X131.394 Y161.034 E.00345
G1 X131.396 Y162.872 E.03615
G1 X131.356 Y163.122 E.00498
G1 X131.22 Y163.276 E.00404
G1 X130.984 Y163.348 E.00485
G1 X130.465 Y163.312 E.01023
G1 X128.804 Y163.013 E.0332
G1 X127.396 Y162.584 E.02895
G1 X126.716 Y162.313 E.0144
G1 X125.97 Y161.965 E.01619
G1 X124.621 Y161.183 E.03067
G1 X123.476 Y160.323 E.02817
G1 X123.023 Y159.943 E.01163
G1 X122.216 Y159.149 E.02227
G1 X121.532 Y158.353 E.02064
G1 X121.223 Y157.953 E.00994
G1 X120.287 Y156.489 E.03418
G1 X119.666 Y155.21 E.02797
G1 X119.383 Y154.481 E.01538
G1 X119.147 Y153.744 E.01522
G1 X118.823 Y152.352 E.02811
G1 X118.638 Y150.69 E.03289
G1 X118.618 Y150.159 E.01045
G1 X118.651 Y149.078 E.02127
G1 X118.774 Y147.986 E.02161
G1 X118.863 Y147.484 E.01003
G1 X119.259 Y145.907 E.03198
G1 X119.796 Y144.527 E.02913
G1 X120.16 Y143.78 E.01634
G1 X120.515 Y143.149 E.01424
G1 X121.344 Y141.923 E.02911
G1 X122.442 Y140.652 E.03304
G1 X122.815 Y140.285 E.01029
G1 X123.593 Y139.606 E.02031
G1 X124.312 Y139.076 E.01757
G1 X124.859 Y138.7 E.01306
G1 X126.004 Y138.07 E.02571
G1 X126.458 Y137.837 E.01004
G1 X127.704 Y137.344 E.02636
G1 X128.548 Y137.088 E.01735
G1 X129.202 Y136.931 E.01323
G1 X130.763 Y136.693 E.03106
G1 X132.343 Y136.64 E.03109
G1 X132.916 Y136.667 E.01128
G1 X133.892 Y136.77 E.0193
G1 X134.713 Y136.926 E.01644
G1 X135.419 Y137.08 E.01421
G1 X136.422 Y137.41 E.02077
G1 X137.186 Y137.681 E.01594
G1 X138.298 Y138.213 E.02425
G1 X139.188 Y138.731 E.02025
G1 X139.718 Y139.089 E.01258
G1 X140.925 Y140.046 E.0303
G1 X160.945 Y157.916 E.52783
G1 X162.037 Y158.767 E.02723
G1 X162.652 Y159.154 E.01429
G1 X163.304 Y159.503 E.01455
G1 X164.611 Y160.043 E.02782
G1 X165.958 Y160.401 E.02741
G1 X166.625 Y160.509 E.01329
G1 X167.659 Y160.579 E.02038
G1 X168.759 Y160.573 E.02164
G1 X170.151 Y160.38 E.02764
G1 X170.812 Y160.219 E.01338
G1 X171.561 Y159.983 E.01545
G1 X172.859 Y159.421 E.02782
G1 X174.053 Y158.705 E.02738
G1 X174.647 Y158.256 E.01465
G1 X175.173 Y157.808 E.01359
G1 X176.064 Y156.888 E.02519
G1 X176.372 Y156.475 E.01013
G1 X177.119 Y155.411 E.02557
G1 X177.377 Y154.948 E.01043
G1 X177.656 Y154.393 E.01222
G1 X178.148 Y153.109 E.02705
G1 X178.475 Y151.725 E.02797
G1 X178.583 Y150.724 E.0198
G1 X178.6 Y149.878 E.01664
G1 X178.571 Y149.005 E.01718
G1 X178.323 Y147.499 E.03002
G1 X178.179 Y146.963 E.01092
G1 X177.997 Y146.428 E.01112
G1 X177.797 Y145.92 E.01074
G1 X177.29 Y144.845 E.02338
G1 X176.557 Y143.696 E.02681
G1 X176.207 Y143.247 E.0112
G1 X175.611 Y142.581 E.01758
G1 X175.088 Y142.099 E.01399
G1 X174.555 Y141.632 E.01394
G1 X173.388 Y140.835 E.0278
G1 X172.146 Y140.208 E.02737
G1 X170.785 Y139.738 E.02832
G1 X169.705 Y139.516 E.02169
G1 X169.092 Y139.423 E.0122
G1 X168.808 Y139.339 E.00583
G1 X168.64 Y139.138 E.00515
G1 X168.606 Y138.966 E.00345
G1 X168.604 Y137.134 E.03603
G1 X168.648 Y136.873 E.00521
G1 X168.745 Y136.77 E.00278
G1 X168.455 Y136.442 F9000
;TYPE:Outer wall
G1 F6000
G1 X168.733 Y136.276 E.00637
G1 X169.066 Y136.234 E.0066
G1 X169.591 Y136.284 E.01037
G1 X171.292 Y136.591 E.034
G1 X172.739 Y137.032 E.02975
G1 X173.445 Y137.313 E.01495
G1 X174.217 Y137.673 E.01675
G1 X175.613 Y138.484 E.03176
G1 X176.86 Y139.42 E.03067
G1 X177.254 Y139.758 E.01021
G1 X178.081 Y140.573 E.02284
G1 X178.776 Y141.381 E.02096
G1 X179.11 Y141.814 E.01076
G1 X180.069 Y143.312 E.03498
G1 X180.708 Y144.628 E.02877
G1 X181 Y145.383 E.01592
G1 X181.246 Y146.147 E.01579
G1 X181.604 Y147.727 E.03186
G1 X181.724 Y148.858 E.02237
G1 X181.789 Y149.841 E.01938
G1 X181.756 Y150.951 E.02184
G1 X181.549 Y152.55 E.03171
G1 X181.092 Y154.314 E.03584
G1 X180.577 Y155.636 E.02791
G1 X180.2 Y156.409 E.01692
G1 X179.832 Y157.065 E.01479
G1 X178.919 Y158.404 E.03188
G1 X177.856 Y159.627 E.03187
G1 X177.462 Y160.014 E.01086
G1 X176.663 Y160.711 E.02085
G1 X175.776 Y161.364 E.02166
G1 X175.35 Y161.65 E.01009
G1 X174.192 Y162.287 E.026
G1 X173.703 Y162.537 E.0108
G1 X172.43 Y163.041 E.02693
G1 X171.559 Y163.305 E.0179
G1 X170.876 Y163.468 E.01381
G1 X169.274 Y163.713 E.03188
G1 X167.654 Y163.767 E.03188
G1 X167.053 Y163.739 E.01183
G1 X166.048 Y163.633 E.01988
G1 X165.211 Y163.474 E.01676
G1 X164.467 Y163.312 E.01498
G1 X163.451 Y162.977 E.02104
G1 X162.649 Y162.691 E.01675
G1 X161.526 Y162.154 E.02448
G1 X160.586 Y161.608 E.02138
G1 X160.029 Y161.23 E.01324
G1 X158.812 Y160.266 E.03054
G1 X138.794 Y142.396 E.5278
G1 X137.729 Y141.566 E.02656
G1 X137.154 Y141.204 E.01336
G1 X136.539 Y140.873 E.01374
G1 X135.283 Y140.351 E.02675
G1 X133.975 Y140.001 E.02663
G1 X133.336 Y139.896 E.01274
G1 X132.343 Y139.828 E.01958
G1 X131.27 Y139.834 E.02111
G1 X129.926 Y140.021 E.02669
G1 X129.309 Y140.169 E.01248
G1 X128.6 Y140.391 E.01461
G1 X127.35 Y140.929 E.02677
G1 X126.189 Y141.623 E.0266
G1 X125.615 Y142.055 E.01413
G1 X125.118 Y142.476 E.01281
G1 X124.193 Y143.439 E.02626
G1 X123.902 Y143.834 E.00965
G1 X123.232 Y144.794 E.02303
G1 X122.986 Y145.236 E.00995
G1 X122.724 Y145.752 E.01138
G1 X122.242 Y147.011 E.02652
G1 X121.93 Y148.332 E.0267
G1 X121.852 Y148.895 E.01118
G1 X121.795 Y149.703 E.01593
G1 X121.844 Y151.062 E.02675
G1 X121.972 Y151.816 E.01504
G1 X122.071 Y152.396 E.01157
G1 X122.209 Y152.912 E.01051
G1 X122.389 Y153.442 E.01101
G1 X122.574 Y153.912 E.00993
G1 X123.053 Y154.936 E.02224
G1 X123.776 Y156.069 E.02644
G1 X124.098 Y156.483 E.01032
G1 X124.664 Y157.119 E.01675
G1 X125.676 Y158.033 E.02682
G1 X126.797 Y158.802 E.02674
G1 X127.994 Y159.409 E.0264
G1 X129.297 Y159.863 E.02714
G1 X130.377 Y160.085 E.02169
G1 X130.954 Y160.172 E.01148
G1 X131.433 Y160.314 E.00983
G1 X131.739 Y160.681 E.0094
G1 X131.801 Y160.993 E.00626
G1 X131.803 Y162.871 E.03694
G1 X131.74 Y163.28 E.00814
G1 X131.571 Y163.533 E.00598
G1 X131.29 Y163.715 E.00659
G1 X130.937 Y163.767 E.00702
G1 X130.409 Y163.716 E.01043
M73 P73 R3
G1 X128.708 Y163.409 E.034
G1 X127.261 Y162.968 E.02975
G1 X126.555 Y162.687 E.01495
G1 X125.783 Y162.327 E.01675
G1 X124.387 Y161.516 E.03176
G1 X123.14 Y160.58 E.03067
G1 X122.746 Y160.242 E.01021
G1 X121.919 Y159.427 E.02284
G1 X121.224 Y158.619 E.02096
G1 X120.89 Y158.186 E.01076
G1 X119.931 Y156.688 E.03498
G1 X119.292 Y155.372 E.02877
G1 X119 Y154.617 E.01592
G1 X118.754 Y153.853 E.01579
G1 X118.421 Y152.421 E.02892
G1 X118.225 Y150.661 E.03483
G1 X118.211 Y150.159 E.00988
G1 X118.244 Y149.049 E.02184
G1 X118.451 Y147.45 E.03171
G1 X118.908 Y145.686 E.03584
G1 X119.423 Y144.364 E.02791
G1 X119.8 Y143.591 E.01692
G1 X120.168 Y142.935 E.01479
G1 X121.02 Y141.675 E.02992
G1 X122.145 Y140.373 E.03384
G1 X122.538 Y139.986 E.01085
G1 X123.337 Y139.289 E.02085
G1 X124.224 Y138.636 E.02166
G1 X124.65 Y138.35 E.01009
G1 X125.808 Y137.713 E.026
G1 X126.297 Y137.463 E.0108
G1 X127.57 Y136.959 E.02693
G1 X128.441 Y136.695 E.0179
G1 X129.124 Y136.532 E.01381
G1 X130.726 Y136.287 E.03188
G1 X132.346 Y136.233 E.03188
G1 X132.947 Y136.261 E.01183
G1 X133.952 Y136.367 E.01988
G1 X134.789 Y136.526 E.01676
G1 X135.533 Y136.688 E.01498
G1 X136.549 Y137.023 E.02104
G1 X137.351 Y137.309 E.01675
G1 X138.474 Y137.846 E.02448
G1 X139.414 Y138.392 E.02138
G1 X139.971 Y138.77 E.01324
G1 X141.188 Y139.734 E.03054
G1 X161.206 Y157.604 E.5278
G1 X162.271 Y158.434 E.02656
G1 X162.846 Y158.796 E.01336
G1 X163.461 Y159.127 E.01374
G1 X164.717 Y159.649 E.02675
G1 X166.025 Y159.999 E.02663
G1 X166.664 Y160.104 E.01274
G1 X167.657 Y160.172 E.01958
G1 X168.73 Y160.166 E.02111
G1 X170.074 Y159.979 E.02669
G1 X170.691 Y159.831 E.01248
G1 X171.4 Y159.609 E.01461
G1 X172.65 Y159.071 E.02677
G1 X173.811 Y158.377 E.0266
G1 X174.385 Y157.945 E.01413
G1 X174.881 Y157.525 E.01278
G1 X175.75 Y156.629 E.02455
G1 X176.769 Y155.203 E.03447
G1 X177.014 Y154.764 E.00989
G1 X177.276 Y154.248 E.01138
G1 X177.758 Y152.989 E.02652
G1 X178.073 Y151.655 E.02696
G1 X178.177 Y150.695 E.01899
G1 X178.193 Y149.89 E.01584
G1 X178.169 Y149.071 E.01612
G1 X177.929 Y147.604 E.02924
G1 X177.791 Y147.088 E.01051
G1 X177.611 Y146.559 E.01099
G1 X177.426 Y146.088 E.00995
G1 X176.947 Y145.064 E.02224
G1 X176.224 Y143.931 E.02644
G1 X175.902 Y143.517 E.01032
G1 X175.34 Y142.885 E.01663
G1 X174.324 Y141.967 E.02693
G1 X173.203 Y141.198 E.02674
G1 X172.006 Y140.591 E.0264
G1 X170.703 Y140.137 E.02714
G1 X169.623 Y139.915 E.02169
G1 X169.046 Y139.828 E.01148
G1 X168.567 Y139.686 E.00983
G1 X168.261 Y139.319 E.0094
G1 X168.199 Y139.007 E.00626
G1 X168.197 Y137.134 E.03684
G1 X168.267 Y136.706 E.00853
G1 X168.432 Y136.474 E.0056
G1 E-1 F1200
G1 X172.78 Y137.804 F9000
G1 E1 F1500
;TYPE:Sparse infill
;WIDTH:0.42
G1 F7200
G1 X173.166 Y137.958 E.00819
G1 X173.894 Y138.298 E.01579
G1 X174.204 Y138.475 E.00704
G1 X174.43 Y139.462 E.01991
G1 X175.592 Y140.624 E.03232
G1 X177.59 Y141.08 E.04033
G1 X178.265 Y141.864 E.02033
G1 X178.587 Y142.301 E.01068
G1 E-1 F1200
G1 X178.082 Y145.835 F9000
G1 E1 F1500
G1 F7200
G1 X178.181 Y146.054 E.00473
G1 X178.461 Y146.874 E.01704
G1 X178.582 Y147.328 E.00925
G1 X178.602 Y147.333 E.0004
G1 X179.764 Y148.495 E.03232
G1 X180.451 Y151.505 E.06074
G1 X180.931 Y151.986 E.01336
G1 X180.861 Y152.404 E.00835
G1 X180.428 Y154.081 E.03406
G1 X179.947 Y155.318 E.0261
G1 X179.764 Y154.516 E.01617
G1 X178.602 Y153.354 E.03232
G1 X178.389 Y153.306 E.0043
G1 X178.762 Y151.774 E.031
G1 E-1 F1200
G1 X178.411 Y157.902 F9000
G1 E1 F1500
G1 F7200
G1 X177.384 Y159.098 E.03101
G1 X175.592 Y158.689 E.03617
G1 X175.133 Y158.23 E.01277
G1 X174.749 Y158.557 E.00993
G1 X174.161 Y158.988 E.01433
G1 X172.922 Y159.717 E.02828
G1 X173.743 Y160.538 E.02283
G1 X173.985 Y161.599 E.02141
G1 X173.425 Y161.891 E.01242
G1 X172.199 Y162.376 E.02594
G1 X171.375 Y162.626 E.01693
G1 X170.741 Y162.778 E.01282
G1 X169.209 Y163.012 E.03048
G1 X168.293 Y163.043 E.01804
G1 X167.798 Y160.874 E.04376
G1 X167.38 Y160.876 E.00821
G1 X166.587 Y160.803 E.01568
G1 X166.229 Y160.744 E.00713
G1 E-1 F1200
G1 X163.374 Y162.212 F9000
G1 E1 F1500
G1 F7200
G1 X162.934 Y162.049 E.00924
G1 X161.935 Y161.571 E.02177
G1 X161.7 Y160.538 E.02084
G1 X160.538 Y159.376 E.03232
G1 X158.299 Y158.865 E.04517
G1 X156.254 Y157.04 E.05392
G1 X155.678 Y154.516 E.05091
G1 X154.516 Y153.354 E.03232
G1 X151.505 Y152.667 E.06074
G1 X150.343 Y151.505 E.03232
G1 X149.657 Y148.495 E.06074
G1 X148.495 Y147.333 E.03232
G1 X145.484 Y146.646 E.06074
G1 X144.322 Y145.484 E.03232
G1 X143.746 Y142.96 E.05091
G1 X141.701 Y141.135 E.05392
G1 X139.462 Y140.624 E.04517
G1 X138.3 Y139.462 E.03232
G1 X138.065 Y138.429 E.02084
G1 X137.066 Y137.951 E.02177
G1 X136.626 Y137.788 E.00924
G1 E-1 F1200
G1 X133.771 Y139.256 F9000
G1 E1 F1500
G1 F7200
G1 X133.413 Y139.197 E.00713
G1 X132.62 Y139.124 E.01568
G1 X132.202 Y139.126 E.00821
G1 X131.708 Y136.96 E.04372
G1 X130.791 Y136.988 E.01805
G1 X129.259 Y137.222 E.03047
G1 X128.625 Y137.374 E.01282
G1 X127.801 Y137.624 E.01693
G1 X126.575 Y138.109 E.02594
G1 X126.015 Y138.401 E.01242
G1 X126.257 Y139.462 E.02141
G1 X127.08 Y140.285 E.0229
G1 X126.995 Y140.322 E.00182
G1 X125.839 Y141.012 E.02649
G1 X125.251 Y141.443 E.01433
G1 X124.868 Y141.77 E.00993
G1 X124.408 Y141.311 E.01277
G1 X122.616 Y140.902 E.03616
G1 X121.586 Y142.096 E.03102
G1 E-1 F1200
G1 X121.239 Y148.225 F9000
G1 E1 F1500
G1 F7200
G1 X121.56 Y146.845 E.02788
G1 X121.616 Y146.696 E.00313
G1 X121.398 Y146.646 E.0044
G1 X120.236 Y145.484 E.03232
G1 X120.053 Y144.682 E.01617
G1 X119.572 Y145.919 E.0261
G1 X119.139 Y147.596 E.03406
G1 X119.069 Y148.014 E.00835
G1 X119.549 Y148.495 E.01336
G1 X120.236 Y151.505 E.06074
G1 X121.398 Y152.667 E.03232
G1 X121.42 Y152.672 E.00044
G1 X121.529 Y153.092 E.00853
G1 X121.819 Y153.946 E.01773
G1 X121.919 Y154.166 E.00475
G1 E-1 F1200
G1 X121.413 Y157.699 F9000
G1 E1 F1500
G1 F7200
G1 X121.735 Y158.136 E.01068
G1 X122.41 Y158.92 E.02033
G1 X124.408 Y159.376 E.04033
G1 X125.57 Y160.538 E.03232
G1 X125.796 Y161.525 E.01991
G1 X126.106 Y161.702 E.00704
G1 X126.834 Y162.042 E.01579
G1 X127.22 Y162.196 E.00819
; stop printing object s+hook+20mm id:0 copy 0
M106 S51
;LAYER_CHANGE
;Z:3.12
;HEIGHT:0.12
;_SET_FAN_SPEED_CHANGING_LAYER
; printing object s+hook+20mm id:0 copy 0
G1 E-1 F1200
G1 X131.368 Y162.798 Z3.12 F9000
G1 E1 F1500
;TYPE:Inner wall
;WIDTH:0.419999
G1 F7200
G1 X131.351 Y163.134 E.00662
G1 X131.209 Y163.282 E.00403
G1 X130.983 Y163.349 E.00464
G1 X130.724 Y163.325 E.00512
G1 E-1 F1200
G1 X169.276 Y136.675 F9000
G1 E1 F1500
G1 F7200
G1 X169.017 Y136.651 E.00512
G1 X168.78 Y136.724 E.00488
G1 X168.644 Y136.878 E.00404
G1 X168.629 Y137.215 E.00664
G1 E-1 F1200
G1 X168.429 Y136.467 F9000
G1 E1 F1500
;TYPE:Outer wall
G1 F6000
G1 X168.71 Y136.285 E.00659
G1 X169.006 Y136.241 E.00589
G1 X169.589 Y136.296 E.01152
G1 X171.272 Y136.599 E.03364
G1 X172.735 Y137.043 E.03007
G1 X173.329 Y137.279 E.01257
G1 X174.213 Y137.684 E.01913
G1 X175.606 Y138.494 E.03169
G1 X176.605 Y139.243 E.02456
G1 X177.227 Y139.754 E.01583
G1 X178.124 Y140.642 E.02483
G1 X179.011 Y141.68 E.02686
G1 X180.047 Y143.296 E.03776
G1 X180.697 Y144.632 E.02922
G1 X181.028 Y145.508 E.01842
G1 X181.234 Y146.15 E.01326
G1 X181.592 Y147.728 E.03183
G1 X181.764 Y149.42 E.03345
G1 X181.772 Y150.015 E.0117
G1 X181.744 Y150.95 E.0184
G1 X181.613 Y152.069 E.02216
G1 X181.521 Y152.613 E.01085
G1 X181.122 Y154.198 E.03215
G1 X180.567 Y155.631 E.03023
G1 X180.132 Y156.507 E.01924
G1 X179.822 Y157.059 E.01245
G1 X178.91 Y158.396 E.03183
G1 X177.893 Y159.565 E.03048
G1 X177.516 Y159.944 E.01051
G1 X176.655 Y160.702 E.02256
G1 X175.828 Y161.311 E.0202
G1 X175.342 Y161.64 E.01154
G1 X173.997 Y162.381 E.0302
G1 X173.5 Y162.605 E.01072
G1 X172.426 Y163.029 E.02271
G1 X171.693 Y163.252 E.01507
G1 X170.873 Y163.457 E.01663
G1 X169.273 Y163.701 E.03183
G1 X167.655 Y163.756 E.03184
M73 P74 R3
G1 X167.149 Y163.732 E.00996
G1 X166.049 Y163.621 E.02175
G1 X165.209 Y163.459 E.01683
G1 X164.47 Y163.3 E.01487
G1 X162.929 Y162.793 E.03191
G1 X162.468 Y162.592 E.00989
G1 X161.402 Y162.074 E.02331
G1 X160.731 Y161.68 E.0153
G1 X160.028 Y161.214 E.01659
G1 X158.82 Y160.257 E.03031
G1 X138.802 Y142.388 E.52778
G1 X137.772 Y141.585 E.02569
G1 X136.853 Y141.028 E.02114
G1 X136.103 Y140.678 E.01628
G1 X135.287 Y140.339 E.01738
G1 X133.978 Y139.989 E.02665
G1 X133.438 Y139.901 E.01076
G1 X132.327 Y139.816 E.02192
G1 X131.307 Y139.819 E.02006
G1 X129.921 Y140.009 E.02752
G1 X129.297 Y140.166 E.01266
G1 X128.596 Y140.38 E.01442
G1 X127.406 Y140.886 E.02543
G1 X126.186 Y141.61 E.0279
G1 X125.111 Y142.467 E.02704
G1 X124.216 Y143.393 E.02533
G1 X123.364 Y144.55 E.02826
G1 X122.714 Y145.746 E.02677
G1 X122.259 Y146.918 E.02473
G1 X121.918 Y148.331 E.02859
G1 X121.831 Y149.018 E.01362
G1 X121.784 Y149.683 E.01311
G1 X121.821 Y150.951 E.02495
G1 X122.055 Y152.381 E.0285
G1 X122.195 Y152.836 E.00936
G1 X122.562 Y153.914 E.0224
G1 X122.98 Y154.826 E.01973
G1 X123.761 Y156.068 E.02886
G1 X124.647 Y157.119 E.02704
G1 X125.668 Y158.042 E.02707
G1 X126.79 Y158.812 E.02677
G1 X127.984 Y159.418 E.02634
G1 X129.294 Y159.875 E.02729
G1 X130.374 Y160.097 E.02169
G1 X131.005 Y160.187 E.01254
G1 X131.432 Y160.313 E.00876
G1 X131.739 Y160.68 E.00941
G1 X131.789 Y160.933 E.00507
G1 X131.791 Y162.933 E.03934
G1 X131.733 Y163.296 E.00723
G1 X131.572 Y163.533 E.00564
G1 X131.29 Y163.715 E.0066
G1 X130.994 Y163.759 E.00589
G1 X130.411 Y163.704 E.01152
G1 X128.728 Y163.401 E.03364
G1 X127.266 Y162.957 E.03005
G1 X126.438 Y162.62 E.01758
G1 X125.789 Y162.316 E.0141
G1 X124.389 Y161.503 E.03184
G1 X123.264 Y160.659 E.02766
G1 X122.773 Y160.246 E.01262
G1 X121.876 Y159.358 E.02483
G1 X120.989 Y158.32 E.02686
G1 X119.953 Y156.704 E.03776
G1 X119.303 Y155.368 E.02922
G1 X119.057 Y154.732 E.01341
G1 X118.765 Y153.849 E.01829
G1 X118.429 Y152.396 E.02933
G1 X118.294 Y151.173 E.0242
G1 X118.225 Y150.239 E.01842
G1 X118.254 Y149.13 E.02182
G1 X118.311 Y148.58 E.01088
G1 X118.463 Y147.452 E.02239
G1 X118.858 Y145.881 E.03186
G1 X119.434 Y144.369 E.03182
G1 X119.868 Y143.493 E.01923
G1 X120.179 Y142.941 E.01246
G1 X121.039 Y141.67 E.03018
G1 X122.105 Y140.437 E.03206
G1 X122.484 Y140.056 E.01057
G1 X123.345 Y139.298 E.02256
G1 X124.24 Y138.642 E.02183
G1 X124.656 Y138.361 E.00987
G1 X126.265 Y137.49 E.03599
G1 X127.574 Y136.971 E.0277
G1 X128.307 Y136.748 E.01507
G1 X129.127 Y136.543 E.01663
G1 X130.727 Y136.299 E.03183
G1 X132.344 Y136.245 E.03182
G1 X133.104 Y136.289 E.01497
G1 X133.95 Y136.379 E.01673
G1 X134.79 Y136.541 E.01683
G1 X135.53 Y136.7 E.01489
G1 X137.071 Y137.207 E.03191
G1 X137.532 Y137.408 E.00989
G1 X138.169 Y137.714 E.0139
G1 X138.807 Y138.047 E.01416
G1 X139.269 Y138.32 E.01056
G1 X139.972 Y138.786 E.01659
G1 X141.18 Y139.743 E.03031
G1 X161.198 Y157.612 E.52778
G1 X162.264 Y158.443 E.02659
G1 X162.747 Y158.748 E.01124
G1 X163.437 Y159.129 E.0155
G1 X164.695 Y159.655 E.02682
G1 X166.024 Y160.011 E.02706
G1 X166.773 Y160.127 E.01491
G1 X167.658 Y160.183 E.01744
G1 X168.731 Y160.178 E.02111
G1 X170.079 Y159.991 E.02677
G1 X170.703 Y159.834 E.01266
G1 X171.399 Y159.622 E.01431
G1 X172.114 Y159.316 E.0153
G1 X172.655 Y159.082 E.01159
G1 X173.824 Y158.382 E.0268
G1 X174.889 Y157.533 E.02679
G1 X175.768 Y156.626 E.02484
G1 X176.633 Y155.454 E.02865
G1 X176.985 Y154.848 E.01378
G1 X177.287 Y154.253 E.01312
G1 X177.769 Y152.992 E.02655
G1 X178.083 Y151.667 E.02678
G1 X178.184 Y150.643 E.02024
G1 X178.21 Y150.052 E.01164
G1 X178.179 Y149.049 E.01974
G1 X177.939 Y147.594 E.02901
G1 X177.638 Y146.626 E.01994
G1 X177.434 Y146.077 E.01152
G1 X176.958 Y145.058 E.02212
G1 X176.232 Y143.921 E.02653
G1 X175.352 Y142.879 E.02683
G1 X174.332 Y141.958 E.02703
G1 X173.214 Y141.19 E.02668
G1 X172.663 Y140.891 E.01233
G1 X172.012 Y140.58 E.01419
G1 X170.707 Y140.125 E.02718
G1 X169.626 Y139.903 E.02171
G1 X168.996 Y139.813 E.01252
G1 X168.568 Y139.687 E.00878
G1 X168.262 Y139.32 E.0094
G1 X168.211 Y139.067 E.00508
G1 X168.209 Y137.066 E.03936
G1 X168.26 Y136.72 E.00688
G1 X168.407 Y136.5 E.0052
G1 E-1 F1200
G1 X174.205 Y139.315 F9000
G1 E1 F1500
;TYPE:Sparse infill
;WIDTH:0.42
G1 F7200
G1 X174.217 Y139.462 E.00291
G1 X175.592 Y140.836 E.03822
G1 X176.372 Y140.904 E.0154
G1 E-1 F1200
G1 X179.431 Y147.949 F9000
G1 E1 F1500
G1 F7200
G1 X179.976 Y148.495 E.01518
G1 X180.239 Y151.505 E.05944
G1 X180.254 Y151.52 E.00041
G1 E-1 F1200
G1 X161.93 Y160.744 F9000
G1 E1 F1500
G1 F7200
G1 X161.912 Y160.538 E.00408
G1 X160.538 Y159.164 E.03822
G1 X159.631 Y159.085 E.0179
G1 E-1 F1200
G1 X156.007 Y155.849 F9000
G1 E1 F1500
G1 F7200
G1 X155.914 Y154.792 E.02088
G1 E-1 F1200
G1 X154.018 Y153.099 F9000
G1 E1 F1500
G1 F7200
G1 X152.807 Y152.993 E.02391
G1 E-1 F1200
G1 X150.046 Y150.529 F9000
G1 E1 F1500
G1 F7200
G1 X149.954 Y149.471 E.02088
G1 E-1 F1200
G1 X147.193 Y147.007 F9000
G1 E1 F1500
G1 F7200
G1 X145.982 Y146.901 E.02391
G1 E-1 F1200
G1 X144.086 Y145.208 F9000
G1 E1 F1500
G1 F7200
G1 X143.993 Y144.151 E.02088
G1 E-1 F1200
G1 X140.369 Y140.915 F9000
G1 E1 F1500
G1 F7200
G1 X139.462 Y140.836 E.0179
G1 X138.088 Y139.462 E.03822
G1 X138.07 Y139.258 E.00403
G1 E-1 F1200
G1 X119.751 Y148.485 F9000
G1 E1 F1500
G1 F7200
G1 X119.761 Y148.495 E.00028
G1 X120.024 Y151.505 E.05944
G1 X120.568 Y152.05 E.01515
G1 E-1 F1200
G1 X123.62 Y159.095 F9000
G1 E1 F1500
G1 F7200
G1 X124.408 Y159.164 E.01556
G1 X125.783 Y160.538 E.03822
G1 X125.795 Y160.684 E.0029
; stop printing object s+hook+20mm id:0 copy 0
; FIBER RESERVE: mode=band strands=1 removed=8
M400
G1 E-10 F1200
MOVE_TO_BRUSH_STATION
CLEAN_NOZZLE
M104 S150 T1 ; standby
M104 S270 T0 ; pre-charge
M109 S270 T0
MOVE_OUT_BRUSH_STATION
M106 P2 S178 ; fibre-side cooling, fan4, owned by T0 (depositing)
M106 P1 S0 ; part-cooling, fan3, owned by T1 (idle)
M106 P3 S255 ; auxiliary fan on while T0 deposits
M106 P5 S255 ; exhaust fan on while T0 deposits
T0 ; switch extruder type to:FIBER
; LAYER:25 [3.12]
M1001 L234
G1 F1200 Z4.32
G1 X155.54 Y153.77 F1200
G1 F1200 U55.000 ; Extrude restart
M73 P75 R3
G1 F1200 Z3.12
G1 F600 V1.000 ; Recover matrix retract
G1 F600 V3.000 ; Matrix prime
G1 X160.62 Y158.31 V0.227 U6.674 P0.034 F300
G1 X161.49 Y158.99 V0.037 U1.084 P0.034 F300
G1 X161.75 Y159.18 V0.011 U0.314 P0.034 F300
G1 X162.02 Y159.36 V0.011 U0.314 P0.034 F300
G1 X162.29 Y159.53 V0.011 U0.314 P0.034 F300
G1 X162.67 Y159.74 V0.014 U0.423 P0.034 F300
G1 X163.05 Y159.93 V0.014 U0.423 P0.034 F300
G1 X163.44 Y160.11 V0.014 U0.423 P0.034 F300
G1 X163.72 Y160.23 V0.010 U0.299 P0.034 F300
G1 X164.41 Y160.49 V0.025 U0.721 P0.034 F300
G1 X165.11 Y160.70 V0.025 U0.721 P0.034 F300
G1 X165.43 Y160.79 V0.011 U0.319 P0.034 F300
G1 X165.84 Y160.89 V0.014 U0.415 P0.034 F300
G1 X166.26 Y160.96 V0.014 U0.415 P0.034 F300
G1 X166.68 Y161.02 V0.014 U0.415 P0.034 F300
G1 X167.10 Y161.05 V0.014 U0.415 P0.034 F300
G1 X167.63 Y161.09 V0.018 U0.524 P0.034 F300
G1 X168.21 Y161.08 V0.019 U0.571 P0.034 F300
G1 X168.79 Y161.06 V0.019 U0.570 P0.034 F600
G1 X169.37 Y161.00 V0.019 U0.570 P0.034 F600
G1 X169.90 Y160.93 V0.018 U0.521 P0.034 F600
G1 X170.25 Y160.87 V0.012 U0.349 P0.034 F600
G1 X170.60 Y160.79 V0.012 U0.349 P0.034 F600
G1 X170.94 Y160.71 V0.012 U0.350 P0.034 F600
G1 X171.33 Y160.59 V0.013 U0.392 P0.034 F600
G1 X171.71 Y160.46 V0.013 U0.391 P0.034 F600
G1 X172.08 Y160.32 V0.013 U0.391 P0.034 F600
G1 X172.47 Y160.15 V0.014 U0.420 P0.034 F600
G1 X172.77 Y160.02 V0.011 U0.319 P0.034 F600
G1 X173.06 Y159.88 V0.011 U0.318 P0.034 F600
G1 X173.35 Y159.72 V0.011 U0.318 P0.034 F600
G1 X173.70 Y159.51 V0.014 U0.408 P0.034 F600
G1 X174.33 Y159.11 V0.025 U0.724 P0.034 F600
G1 X174.92 Y158.67 V0.025 U0.724 P0.034 F600
G1 X174.96 Y158.63 V0.002 U0.049 P0.034 F600
G1 X175.48 Y158.19 V0.023 U0.676 P0.034 F600
G1 X175.98 Y157.71 V0.023 U0.676 P0.034 F600
G1 X176.44 Y157.20 V0.023 U0.676 P0.034 F600
G1 X176.87 Y156.66 V0.023 U0.676 P0.034 F600
G1 X177.16 Y156.26 V0.016 U0.478 P0.034 F600
G1 X177.38 Y155.95 V0.013 U0.380 P0.034 F600
G1 X177.59 Y155.62 V0.013 U0.380 P0.034 F600
G1 X177.78 Y155.28 V0.013 U0.381 P0.034 F600
G1 X177.95 Y154.95 V0.012 U0.362 P0.034 F600
G1 X178.11 Y154.62 V0.012 U0.362 P0.034 F600
G1 X178.25 Y154.27 V0.012 U0.362 P0.034 F600
G1 X178.37 Y153.94 V0.012 U0.352 P0.034 F600
G1 X178.61 Y153.25 V0.024 U0.713 P0.034 F600
G1 X178.80 Y152.55 V0.024 U0.713 P0.034 F600
G1 X178.85 Y152.36 V0.007 U0.193 P0.034 F600
G1 X178.96 Y151.81 V0.019 U0.545 P0.034 F600
G1 X179.03 Y151.26 V0.019 U0.545 P0.034 F600
G1 X179.09 Y150.71 V0.019 U0.546 P0.034 F600
G1 X179.11 Y150.06 V0.022 U0.637 P0.034 F600
G1 X179.10 Y149.51 V0.018 U0.538 P0.034 F600
G1 X179.06 Y148.96 V0.018 U0.537 P0.034 F600
G1 X178.99 Y148.42 V0.018 U0.537 P0.034 F600
G1 X178.91 Y147.93 V0.017 U0.488 P0.034 F600
G1 X178.80 Y147.39 V0.018 U0.538 P0.034 F600
G1 X178.66 Y146.86 V0.018 U0.538 P0.034 F600
G1 X178.49 Y146.33 V0.018 U0.539 P0.034 F600
G1 X178.27 Y145.73 V0.022 U0.635 P0.034 F600
G1 X178.01 Y145.17 V0.020 U0.598 P0.034 F600
G1 X177.73 Y144.63 V0.020 U0.597 P0.034 F600
G1 X177.42 Y144.11 V0.020 U0.597 P0.034 F600
G1 X177.36 Y144.00 V0.004 U0.121 P0.034 F600
G1 X176.94 Y143.40 V0.024 U0.718 P0.034 F600
G1 X176.49 Y142.82 V0.024 U0.718 P0.034 F600
G1 X175.99 Y142.27 V0.025 U0.734 P0.034 F600
G1 X175.45 Y141.75 V0.025 U0.726 P0.034 F600
G1 X175.44 Y141.74 V0.001 U0.021 P0.034 F600
G1 X174.88 Y141.27 V0.024 U0.716 P0.034 F600
G1 X174.29 Y140.83 V0.024 U0.716 P0.034 F600
G1 X173.97 Y140.62 V0.013 U0.376 P0.034 F600
G1 X173.68 Y140.43 V0.012 U0.341 P0.034 F600
G1 X173.38 Y140.25 V0.012 U0.341 P0.034 F600
G1 X173.07 Y140.09 V0.012 U0.342 P0.034 F600
G1 X172.71 Y139.91 V0.013 U0.390 P0.034 F600
G1 X172.35 Y139.75 V0.013 U0.389 P0.034 F600
G1 X171.98 Y139.61 V0.013 U0.389 P0.034 F600
G1 X171.51 Y139.45 V0.017 U0.489 P0.034 F600
G1 X170.94 Y139.27 V0.020 U0.582 P0.034 F600
G1 X170.36 Y139.13 V0.020 U0.582 P0.034 F600
G1 X169.78 Y139.01 V0.020 U0.583 P0.034 F600
G1 X169.23 Y138.93 V0.019 U0.549 P0.034 F600
G1 X169.19 Y138.93 V0.001 U0.037 P0.034 F600
G1 X169.15 Y138.92 V0.001 U0.037 P0.034 F600
G1 X169.12 Y138.91 V0.001 U0.038 P0.034 F600
G1 X169.11 Y137.34 V0.052 U1.537 P0.034 F600
G1 X169.17 Y137.22 V0.004 U0.128 P0.034 F600
G1 X169.29 Y137.18 V0.004 U0.128 P0.034 F600
G1 X169.47 Y137.19 V0.006 U0.174 P0.034 F600
G1 X170.37 Y137.35 V0.030 U0.897 P0.034 F600
G1 X171.06 Y137.50 V0.023 U0.689 P0.034 F600
G1 X171.73 Y137.68 V0.023 U0.689 P0.034 F600
G1 X172.44 Y137.90 V0.024 U0.719 P0.034 F600
G1 X172.97 Y138.11 V0.019 U0.567 P0.034 F600
G1 X173.38 Y138.30 V0.015 U0.444 P0.034 F600
G1 X173.79 Y138.50 V0.015 U0.443 P0.034 F600
G1 X174.19 Y138.72 V0.015 U0.443 P0.034 F600
G1 X174.60 Y138.95 V0.016 U0.465 P0.034 F600
G1 X175.10 Y139.26 V0.020 U0.575 P0.034 F600
G1 X175.58 Y139.60 V0.020 U0.575 P0.034 F600
G1 X176.05 Y139.95 V0.020 U0.576 P0.034 F600
M73 P76 R3
G1 X176.33 Y140.19 V0.012 U0.364 P0.034 F600
G1 X176.62 Y140.43 V0.012 U0.364 P0.034 F600
G1 X176.89 Y140.69 V0.012 U0.364 P0.034 F600
G1 X177.46 Y141.26 V0.027 U0.794 P0.034 F600
G1 X177.87 Y141.74 V0.021 U0.620 P0.034 F600
G1 X178.27 Y142.23 V0.021 U0.619 P0.034 F600
G1 X178.62 Y142.75 V0.021 U0.619 P0.034 F600
G1 X178.88 Y143.15 V0.016 U0.467 P0.034 F600
G1 X179.24 Y143.75 V0.023 U0.681 P0.034 F600
G1 X179.56 Y144.36 V0.023 U0.681 P0.034 F600
G1 X179.67 Y144.60 V0.009 U0.254 P0.034 F600
G1 X179.86 Y144.99 V0.015 U0.427 P0.034 F600
G1 X180.02 Y145.40 V0.015 U0.427 P0.034 F600
G1 X180.17 Y145.81 V0.015 U0.428 P0.034 F600
G1 X180.27 Y146.10 V0.010 U0.300 P0.034 F600
G1 X180.35 Y146.39 V0.010 U0.300 P0.034 F600
G1 X180.43 Y146.69 V0.010 U0.300 P0.034 F600
G1 X180.54 Y147.16 V0.016 U0.477 P0.034 F600
G1 X180.68 Y147.88 V0.024 U0.716 P0.034 F600
G1 X180.77 Y148.60 V0.024 U0.716 P0.034 F600
G1 X180.83 Y149.21 V0.020 U0.594 P0.034 F600
G1 X180.85 Y149.47 V0.009 U0.262 P0.034 F600
G1 X180.86 Y149.74 V0.009 U0.262 P0.034 F600
G1 X180.87 Y150.01 V0.009 U0.263 P0.034 F600
G1 X180.84 Y150.88 V0.029 U0.859 P0.034 F600
G1 X180.72 Y151.94 V0.035 U1.042 P0.034 F600
G1 X180.64 Y152.43 V0.016 U0.483 P0.034 F600
G1 X180.43 Y153.23 V0.027 U0.808 P0.034 F600
G1 X180.24 Y153.92 V0.024 U0.704 P0.034 F600
G1 X180.00 Y154.59 V0.024 U0.704 P0.034 F600
G1 X179.90 Y154.84 V0.009 U0.257 P0.034 F600
G1 X179.73 Y155.26 V0.015 U0.448 P0.034 F600
G1 X179.54 Y155.67 V0.015 U0.448 P0.034 F600
G1 X179.33 Y156.08 V0.015 U0.448 P0.034 F600
G1 X179.05 Y156.58 V0.019 U0.559 P0.034 F600
G1 X178.59 Y157.26 V0.027 U0.806 P0.034 F600
G1 X178.18 Y157.83 V0.023 U0.690 P0.034 F600
M73 P76 R2
G1 X177.73 Y158.37 V0.023 U0.690 P0.034 F600
G1 X177.23 Y158.95 V0.025 U0.745 P0.034 F600
G1 X176.90 Y159.28 V0.016 U0.465 P0.034 F600
G1 X176.09 Y160.00 V0.036 U1.058 P0.034 F600
G1 X175.31 Y160.57 V0.032 U0.950 P0.034 F600
G1 X175.09 Y160.72 V0.009 U0.258 P0.034 F600
G1 X174.87 Y160.86 V0.009 U0.258 P0.034 F600
G1 X174.64 Y161.00 V0.009 U0.258 P0.034 F600
G1 X173.59 Y161.57 V0.040 U1.171 P0.034 F600
G1 X173.15 Y161.77 V0.016 U0.477 P0.034 F600
G1 X172.13 Y162.17 V0.037 U1.074 P0.034 F600
G1 X171.45 Y162.38 V0.024 U0.693 P0.034 F600
G1 X171.07 Y162.47 V0.013 U0.383 P0.034 F600
G1 X170.69 Y162.56 V0.013 U0.382 P0.034 F600
G1 X170.31 Y162.63 V0.013 U0.382 P0.034 F600
G1 X169.89 Y162.69 V0.014 U0.418 P0.034 F600
G1 X169.19 Y162.78 V0.023 U0.690 P0.034 F600
G1 X168.48 Y162.82 V0.023 U0.690 P0.034 F600
G1 X167.66 Y162.85 V0.027 U0.808 P0.034 F600
G1 X167.22 Y162.83 V0.015 U0.436 P0.034 F600
G1 X166.58 Y162.77 V0.021 U0.625 P0.034 F600
G1 X166.18 Y162.72 V0.013 U0.395 P0.034 F600
G1 X165.78 Y162.65 V0.013 U0.395 P0.034 F600
G1 X165.39 Y162.57 V0.013 U0.395 P0.034 F600
G1 X165.05 Y162.50 V0.012 U0.342 P0.034 F600
G1 X164.71 Y162.42 V0.012 U0.341 P0.034 F600
G1 X164.38 Y162.32 V0.012 U0.341 P0.034 F600
G1 X163.46 Y162.02 V0.032 U0.944 P0.034 F600
G1 X163.25 Y161.94 V0.007 U0.216 P0.034 F600
G1 X163.05 Y161.86 V0.007 U0.216 P0.034 F600
G1 X162.85 Y161.77 V0.007 U0.217 P0.034 F600
G1 X161.83 Y161.28 V0.038 U1.108 P0.034 F600
M104 S250 T1 ; FS_PREHEAT next_tool=1 lead_s=15
G1 X161.21 Y160.91 V0.024 U0.703 P0.034 F600
G1 X160.56 Y160.48 V0.026 U0.765 P0.034 F600
G1 X159.40 Y159.56 V0.049 U1.447 P0.034 F600
G1 X139.38 Y141.69 V0.894 U26.301 P0.034 F600
G1 X138.75 Y141.20 V0.027 U0.784 P0.034 F600
G1 X138.28 Y140.85 V0.020 U0.576 P0.034 F600
G1 X137.78 Y140.53 V0.020 U0.576 P0.034 F600
G1 X137.66 Y140.46 V0.005 U0.137 P0.034 F600
G1 X137.27 Y140.24 V0.015 U0.439 P0.034 F600
G1 X136.87 Y140.04 V0.015 U0.439 P0.034 F600
G1 X136.47 Y139.85 V0.015 U0.439 P0.034 F600
G1 X136.02 Y139.67 V0.016 U0.472 P0.034 F600
G1 X135.57 Y139.50 V0.016 U0.471 P0.034 F600
G1 X135.11 Y139.36 V0.016 U0.471 P0.034 F600
G1 X134.47 Y139.19 V0.022 U0.650 P0.034 F600
G1 X134.17 Y139.11 V0.011 U0.309 P0.034 F600
G1 X133.86 Y139.05 V0.011 U0.309 P0.034 F600
G1 X133.55 Y139.00 V0.011 U0.309 P0.034 F600
G1 X132.36 Y138.91 V0.040 U1.165 P0.034 F600
G1 X131.80 Y138.91 V0.019 U0.547 P0.034 F600
M73 P77 R2
G1 X131.25 Y138.93 V0.019 U0.546 P0.034 F600
G1 X130.69 Y138.99 V0.019 U0.546 P0.034 F600
G1 X130.10 Y139.07 V0.020 U0.582 P0.034 F600
G1 X129.75 Y139.13 V0.012 U0.350 P0.034 F600
G1 X129.40 Y139.21 V0.012 U0.350 P0.034 F600
G1 X129.06 Y139.29 V0.012 U0.350 P0.034 F600
G1 X128.67 Y139.41 V0.013 U0.394 P0.034 F600
G1 X128.29 Y139.54 V0.013 U0.393 P0.034 F600
G1 X127.92 Y139.69 V0.013 U0.393 P0.034 F600
G1 X127.64 Y139.80 V0.010 U0.294 P0.034 F600
G1 X127.01 Y140.10 V0.023 U0.686 P0.034 F600
G1 X126.39 Y140.44 V0.023 U0.686 P0.034 F600
G1 X126.31 Y140.48 V0.003 U0.089 P0.034 F600
G1 X125.69 Y140.89 V0.025 U0.732 P0.034 F600
G1 X125.09 Y141.33 V0.025 U0.732 P0.034 F600
G1 X125.05 Y141.36 V0.001 U0.044 P0.034 F600
G1 X124.52 Y141.81 V0.023 U0.688 P0.034 F600
G1 X124.01 Y142.30 V0.023 U0.688 P0.034 F600
G1 X123.54 Y142.82 V0.023 U0.688 P0.034 F600
G1 X123.11 Y143.37 V0.023 U0.688 P0.034 F600
G1 X123.04 Y143.47 V0.004 U0.112 P0.034 F600
G1 X122.62 Y144.08 V0.025 U0.725 P0.034 F600
G1 X122.25 Y144.71 V0.025 U0.725 P0.034 F600
G1 X122.22 Y144.76 V0.002 U0.052 P0.034 F600
G1 X121.91 Y145.37 V0.023 U0.673 P0.034 F600
G1 X121.64 Y146.01 V0.023 U0.673 P0.034 F600
G1 X121.42 Y146.65 V0.023 U0.673 P0.034 F600
G1 X121.23 Y147.32 V0.023 U0.673 P0.034 F600
G1 X121.12 Y147.79 V0.016 U0.482 P0.034 F600
G1 X121.04 Y148.17 V0.013 U0.376 P0.034 F600
G1 X120.98 Y148.55 V0.013 U0.376 P0.034 F600
G1 X120.93 Y148.93 V0.013 U0.376 P0.034 F600
G1 X120.90 Y149.30 V0.012 U0.361 P0.034 F600
G1 X120.89 Y149.66 V0.012 U0.360 P0.034 F600
G1 X120.89 Y150.03 V0.012 U0.360 P0.034 F600
G1 X120.90 Y150.35 V0.011 U0.313 P0.034 F600
G1 X120.94 Y151.04 V0.023 U0.673 P0.034 F600
G1 X121.03 Y151.72 V0.023 U0.673 P0.034 F600
G1 X121.13 Y152.32 V0.020 U0.594 P0.034 F600
G1 X121.18 Y152.59 V0.009 U0.270 P0.034 F600
G1 X121.25 Y152.85 V0.009 U0.270 P0.034 F600
G1 X121.33 Y153.11 V0.009 U0.270 P0.034 F600
G1 X121.54 Y153.72 V0.021 U0.631 P0.034 F600
G1 X121.73 Y154.24 V0.018 U0.543 P0.034 F600
G1 X121.95 Y154.75 V0.018 U0.543 P0.034 F600
G1 X122.20 Y155.25 V0.018 U0.543 P0.034 F600
G1 X122.48 Y155.73 V0.018 U0.543 P0.034 F600
G1 X122.63 Y155.97 V0.009 U0.279 P0.034 F600
G1 X123.05 Y156.59 V0.025 U0.733 P0.034 F600
G1 X123.51 Y157.18 V0.025 U0.733 P0.034 F600
G1 X124.01 Y157.73 V0.025 U0.733 P0.034 F600
G1 X124.55 Y158.25 V0.025 U0.733 P0.034 F600
G1 X125.12 Y158.73 V0.025 U0.733 P0.034 F600
G1 X125.72 Y159.17 V0.025 U0.725 P0.034 F600
G1 X126.34 Y159.57 V0.025 U0.725 P0.034 F600
G1 X126.98 Y159.92 V0.024 U0.714 P0.034 F600
G1 X127.64 Y160.23 V0.024 U0.714 P0.034 F600
G1 X128.32 Y160.49 V0.024 U0.714 P0.034 F600
G1 X128.49 Y160.55 V0.006 U0.180 P0.034 F600
G1 X129.06 Y160.73 V0.020 U0.582 P0.034 F600
G1 X129.64 Y160.87 V0.020 U0.582 P0.034 F600
G1 X130.22 Y160.99 V0.020 U0.583 P0.034 F600
G1 X130.77 Y161.07 V0.019 U0.549 P0.034 F600
G1 X130.81 Y161.07 V0.001 U0.037 P0.034 F600
G1 X130.85 Y161.08 V0.001 U0.037 P0.034 F600
G1 X130.88 Y161.09 V0.001 U0.038 P0.034 F600
G1 X130.89 Y162.66 V0.052 U1.537 P0.034 F600
G1 X130.83 Y162.78 V0.004 U0.128 P0.034 F600
G1 X130.71 Y162.82 V0.004 U0.128 P0.034 F600
G1 X130.53 Y162.81 V0.006 U0.174 P0.034 F600
G1 X129.63 Y162.65 V0.030 U0.897 P0.034 F600
G1 X128.94 Y162.50 V0.023 U0.689 P0.034 F600
G1 X128.27 Y162.32 V0.023 U0.689 P0.034 F600
G1 X127.97 Y162.22 V0.010 U0.307 P0.034 F600
G1 X127.57 Y162.10 V0.014 U0.407 P0.034 F600
G1 X127.18 Y161.95 V0.014 U0.407 P0.034 F600
G1 X126.80 Y161.79 V0.014 U0.407 P0.034 F600
G1 X126.50 Y161.65 V0.011 U0.320 P0.034 F600
G1 X126.21 Y161.51 V0.011 U0.320 P0.034 F600
G1 X125.93 Y161.35 V0.011 U0.320 P0.034 F600
G1 X125.46 Y161.08 V0.018 U0.523 P0.034 F600
G1 X124.90 Y160.73 V0.022 U0.650 P0.034 F600
G1 X124.36 Y160.35 V0.022 U0.650 P0.034 F600
G1 X123.83 Y159.95 V0.022 U0.651 P0.034 F600
G1 X123.38 Y159.58 V0.019 U0.569 P0.034 F600
G1 X122.54 Y158.74 V0.040 U1.164 P0.034 F600
G1 X122.13 Y158.26 V0.021 U0.620 P0.034 F600
G1 X121.73 Y157.77 V0.021 U0.619 P0.034 F600
G1 X121.38 Y157.25 V0.021 U0.619 P0.034 F600
G1 X121.12 Y156.85 V0.016 U0.465 P0.034 F600
G1 X120.76 Y156.25 V0.023 U0.683 P0.034 F600
G1 X120.44 Y155.63 V0.023 U0.683 P0.034 F600
G1 X120.15 Y155.05 V0.022 U0.634 P0.034 F600
; Start to cut
M2800
M400
;CUT DISTANCE 54.8
G1 X120.13 Y155.01 V0.001 F600
G1 X119.91 Y154.43 V0.015 F600
G1 X119.77 Y154.02 V0.010 F600
G1 X119.65 Y153.60 V0.010 F600
G1 X119.54 Y153.18 V0.010 F600
G1 X119.45 Y152.81 V0.009 F600
G1 X119.34 Y152.24 V0.014 F600
G1 X119.26 Y151.67 V0.014 F600
G1 X119.19 Y151.09 V0.014 F600
G1 X119.16 Y150.65 V0.010 F600
G1 X119.14 Y150.22 V0.010 F600
G1 X119.14 Y149.78 V0.010 F600
G1 X119.16 Y149.19 V0.014 F600
G1 X119.21 Y148.69 V0.012 F600
G1 X119.28 Y148.16 V0.013 F600
G1 X119.37 Y147.63 V0.013 F600
G1 X119.48 Y147.10 V0.013 F600
G1 X119.64 Y146.49 V0.015 F600
G1 X119.68 Y146.32 V0.004 F600
G1 X119.73 Y146.15 V0.004 F600
G1 X119.78 Y145.99 V0.004 F600
G1 X120.10 Y145.16 V0.021 F600
G1 X120.27 Y144.74 V0.011 F600
G1 X120.47 Y144.32 V0.011 F600
G1 X120.67 Y143.92 V0.011 F600
G1 X120.95 Y143.42 V0.014 F600
G1 X121.36 Y142.80 V0.018 F600
G1 X121.77 Y142.23 V0.017 F600
G1 X122.22 Y141.69 V0.017 F600
G1 X122.77 Y141.05 V0.020 F600
G1 X123.10 Y140.72 V0.011 F600
G1 X123.52 Y140.35 V0.013 F600
G1 X123.92 Y140.01 V0.013 F600
G1 X124.34 Y139.69 V0.013 F600
G1 X124.76 Y139.38 V0.013 F600
G1 X124.94 Y139.26 V0.005 F600
G1 X125.13 Y139.14 V0.005 F600
G1 X125.32 Y139.03 V0.005 F600
G1 X126.07 Y138.62 V0.020 F600
G1 X126.66 Y138.33 V0.016 F600
G1 X127.26 Y138.07 V0.016 F600
G1 X127.87 Y137.82 V0.016 F600
G1 X128.55 Y137.62 V0.017 F600
G1 X128.93 Y137.53 V0.009 F600
G1 X129.31 Y137.44 V0.009 F600
G1 X129.69 Y137.37 V0.009 F600
G1 X130.11 Y137.31 V0.010 F600
G1 X130.81 Y137.22 V0.017 F600
G1 X131.52 Y137.18 V0.017 F600
G1 X131.98 Y137.16 V0.011 F600
G1 X132.33 Y137.16 V0.008 F600
M73 P78 R2
G1 X132.68 Y137.17 V0.008 F600
G1 X133.03 Y137.19 V0.008 F600
G1 X133.82 Y137.27 V0.019 F600
G1 X134.61 Y137.43 V0.019 F600
G1 X134.95 Y137.50 V0.008 F600
G1 X135.29 Y137.58 V0.008 F600
G1 X135.62 Y137.68 V0.008 F600
G1 X136.54 Y137.98 V0.023 F600
G1 X136.75 Y138.06 V0.005 F600
G1 X136.95 Y138.14 V0.005 F600
G1 X137.16 Y138.23 V0.005 F600
G1 X137.76 Y138.52 V0.016 F600
G1 X138.37 Y138.84 V0.016 F600
G1 X138.79 Y139.09 V0.012 F600
G1 X139.44 Y139.52 V0.019 F600
G1 X140.60 Y140.44 V0.035 F600
G1 X155.54 Y153.77 V0.480 F600
; Cutting completed.
G1 F600 V-1.000 ; Retract
; FS_RELEASE_BEGIN length_mm=6.800 speed_mm_s=10.000
G1 X160.611 Y158.301 F600
; FS_RELEASE_END physical_clearance=unmeasured
M1002
M400
G1 F600 V-4.000 ; Toolchange matrix retract
G1 F1200 Z3.72
MOVE_TO_BRUSH_STATION
CLEAN_NOZZLE
M104 S180 T0 ; standby
M104 S250 T1 ; pre-charge
M109 S250 T1
MOVE_OUT_BRUSH_STATION
M106 P2 S0 ; fibre-side cooling, fan4, owned by T0 (idle)
M106 P1 S178 ; part-cooling, fan3, owned by T1 (depositing)
M106 P3 S0 ; auxiliary fan off while T1 deposits
M106 P5 S0 ; exhaust fan off while T1 deposits
T1 ; switch extruder type to:PLASTIC
; FIBER TURNS: 90 joints tighter than 12.00 mm, policy=keep, splits=0
M106 S176
;LAYER_CHANGE
;Z:3.24
;HEIGHT:0.12
;_SET_FAN_SPEED_CHANGING_LAYER
; printing object s+hook+20mm id:0 copy 0
M104 S270 T0 ; FS_PREHEAT next_tool=0 lead_s=15
G1 X131.125 Y160.628 Z3.24 F9000
G1 Z3.24 F9000
G1 E10 F1500
;TYPE:Inner wall
;WIDTH:0.419999
G1 F7200
G1 X131.358 Y160.86 E.00647
G1 X131.36 Y163.08 E.04367
G1 X131.282 Y163.236 E.00343
G1 X131.105 Y163.333 E.00397
G1 X130.466 Y163.276 E.01262
G1 X128.861 Y162.989 E.03207
G1 X127.414 Y162.552 E.02973
G1 X125.988 Y161.934 E.03057
G1 X124.628 Y161.143 E.03095
G1 X123.209 Y160.059 E.03512
G1 X122.243 Y159.124 E.02644
G1 X121.252 Y157.931 E.0305
G1 X120.396 Y156.601 E.03111
G1 X119.643 Y155.081 E.03336
G1 X119.18 Y153.73 E.02809
G1 X118.847 Y152.278 E.0293
G1 X118.726 Y151.17 E.02192
G1 X118.661 Y150.398 E.01524
G1 X118.678 Y149.53 E.01708
G1 X118.709 Y148.898 E.01245
G1 X118.885 Y147.541 E.02691
G1 X119.27 Y146.01 E.03105
G1 X119.795 Y144.631 E.02902
G1 X119.959 Y144.288 E.00748
G1 X120.545 Y143.168 E.02486
G1 X121.401 Y141.909 E.02994
G1 X122.653 Y140.494 E.03716
G1 X123.615 Y139.635 E.02537
G1 X124.889 Y138.725 E.03079
G1 X126.382 Y137.913 E.03343
G1 X127.662 Y137.399 E.02713
G1 X128.149 Y137.247 E.01003
G1 X129.216 Y136.965 E.02171
G1 X130.767 Y136.729 E.03086
G1 X132.334 Y136.676 E.03084
G1 X133.383 Y136.752 E.02069
G1 X133.885 Y136.805 E.00993
G1 X134.712 Y136.968 E.01658
G1 X135.41 Y137.114 E.01403
G1 X136.91 Y137.608 E.03106
G1 X138.336 Y138.271 E.03093
G1 X138.767 Y138.524 E.00983
G1 X139.714 Y139.132 E.02214
G1 X140.902 Y140.073 E.02981
G1 X160.921 Y157.943 E.52781
G1 X162.025 Y158.803 E.02753
G1 X163.288 Y159.535 E.02871
G1 X164.588 Y160.073 E.02767
G1 X165.965 Y160.438 E.02802
G1 X166.951 Y160.577 E.01959
G1 X167.685 Y160.614 E.01446
G1 X168.761 Y160.609 E.02116
G1 X170.128 Y160.419 E.02715
G1 X170.529 Y160.325 E.0081
G1 X171.572 Y160.017 E.02139
G1 X172.841 Y159.473 E.02716
G1 X174.073 Y158.734 E.02826
G1 X175.198 Y157.834 E.02834
G1 X176.097 Y156.903 E.02546
G1 X177.01 Y155.664 E.03027
G1 X177.689 Y154.408 E.02808
G1 X178.182 Y153.12 E.02713
G1 X178.479 Y151.864 E.02539
G1 X178.553 Y151.404 E.00916
G1 X178.647 Y150.287 E.02205
G1 X178.6 Y148.938 E.02655
G1 X178.485 Y148.244 E.01384
G1 X178.285 Y147.221 E.0205
G1 X177.926 Y146.118 E.02282
G1 X177.322 Y144.828 E.02802
G1 X176.523 Y143.576 E.02921
G1 X175.633 Y142.553 E.02667
G1 X174.962 Y141.945 E.01781
G1 X174.578 Y141.604 E.0101
G1 X173.412 Y140.807 E.02778
G1 X172.606 Y140.386 E.01789
G1 X172.137 Y140.166 E.01019
G1 X170.871 Y139.724 E.02638
G1 X169.419 Y139.424 E.02916
G1 X168.875 Y139.372 E.01075
G1 X168.642 Y139.14 E.00647
G1 X168.64 Y136.908 E.0439
G1 X168.721 Y136.763 E.00327
G1 X168.896 Y136.667 E.00393
G1 X169.533 Y136.724 E.01258
G1 X171.139 Y137.011 E.03209
G1 X172.938 Y137.588 E.03716
G1 X174.017 Y138.069 E.02324
G1 X175.285 Y138.8 E.02879
G1 X176.339 Y139.585 E.02585
G1 X176.791 Y139.941 E.01132
G1 X177.757 Y140.876 E.02644
G1 X178.748 Y142.069 E.0305
G1 X179.647 Y143.465 E.03266
G1 X180.299 Y144.8 E.02922
G1 X180.818 Y146.264 E.03055
G1 X181.166 Y147.799 E.03096
G1 X181.332 Y149.431 E.03227
G1 X181.331 Y150.358 E.01823
G1 X181.314 Y150.917 E.011
G1 X181.115 Y152.458 E.03056
G1 X180.697 Y154.092 E.03317
G1 X180.173 Y155.454 E.0287
G1 X179.455 Y156.832 E.03056
G1 X178.568 Y158.133 E.03097
G1 X177.347 Y159.506 E.03614
G1 X176.385 Y160.365 E.02537
G1 X175.11 Y161.276 E.03082
G1 X173.739 Y162.031 E.03078
G1 X172.339 Y162.6 E.02972
G1 X171.851 Y162.753 E.01006
G1 X170.784 Y163.035 E.02171
G1 X169.259 Y163.268 E.03034
G1 X167.666 Y163.324 E.03135
G1 X166.617 Y163.248 E.02069
G1 X166.117 Y163.195 E.00989
G1 X164.576 Y162.881 E.03093
G1 X163.579 Y162.553 E.02064
G1 X162.96 Y162.34 E.01288
G1 X161.666 Y161.73 E.02814
G1 X161.233 Y161.475 E.00988
G1 X160.286 Y160.868 E.02212
G1 X159.098 Y159.927 E.02981
G1 X139.079 Y142.057 E.52781
G1 X137.978 Y141.199 E.02745
G1 X137.351 Y140.823 E.01438
G1 X136.712 Y140.465 E.01441
G1 X135.4 Y139.924 E.02791
G1 X134.614 Y139.713 E.01601
G1 X133.688 Y139.505 E.01867
G1 X133.105 Y139.437 E.01154
G1 X132.313 Y139.385 E.01561
G1 X131.263 Y139.389 E.02065
G1 X129.872 Y139.581 E.02762
G1 X129.471 Y139.675 E.0081
G1 X128.429 Y139.983 E.02137
G1 X127.191 Y140.511 E.02647
G1 X125.927 Y141.266 E.02896
G1 X124.802 Y142.166 E.02834
G1 X123.881 Y143.121 E.0261
G1 X122.998 Y144.322 E.02932
G1 X122.749 Y144.758 E.00988
G1 X122.312 Y145.592 E.01852
G1 X121.818 Y146.881 E.02715
G1 X121.492 Y148.259 E.02785
G1 X121.386 Y149.211 E.01884
G1 X121.353 Y149.713 E.0099
G1 X121.377 Y150.496 E.01541
G1 X121.4 Y151.062 E.01114
G1 X121.631 Y152.453 E.02773
G1 X121.767 Y152.944 E.01002
G1 X122.168 Y154.088 E.02384
G1 X122.617 Y155.065 E.02115
G1 X123.398 Y156.3 E.02874
G1 X123.614 Y156.581 E.00697
G1 X124.365 Y157.445 E.02252
G1 X125.347 Y158.336 E.02608
G1 X126.572 Y159.184 E.0293
G1 X127.861 Y159.833 E.02839
G1 X129.026 Y160.246 E.02431
G1 X130.58 Y160.576 E.03125
G1 X131.086 Y160.624 E.01
G1 X131.43 Y160.311 F9000
;TYPE:Outer wall
G1 F6000
G1 X131.738 Y160.68 E.00945
G1 X131.765 Y160.813 E.00267
G1 X131.767 Y163.015 E.04331
G1 X131.733 Y163.296 E.00557
G1 X131.572 Y163.533 E.00564
G1 X131.289 Y163.716 E.00663
G1 X131.118 Y163.743 E.00341
G1 X130.413 Y163.68 E.01392
G1 X128.766 Y163.386 E.03291
G1 X127.276 Y162.935 E.03062
G1 X125.799 Y162.295 E.03166
G1 X124.403 Y161.483 E.03177
G1 X123.33 Y160.678 E.02638
G1 X122.933 Y160.358 E.01003
G1 X121.945 Y159.403 E.02703
G1 X120.918 Y158.165 E.03164
G1 X119.998 Y156.735 E.03344
G1 X119.358 Y155.426 E.02866
G1 X119.172 Y154.963 E.00981
G1 X118.788 Y153.841 E.02333
G1 X118.445 Y152.346 E.03017
G1 X118.321 Y151.215 E.02238
G1 X118.253 Y150.399 E.01611
G1 X118.271 Y149.522 E.01725
G1 X118.305 Y148.849 E.01325
G1 X118.487 Y147.456 E.02763
G1 X118.881 Y145.888 E.0318
G1 X119.414 Y144.486 E.0295
G1 X119.596 Y144.103 E.00834
G1 X120.199 Y142.953 E.02554
G1 X121.077 Y141.66 E.03074
G1 X122.375 Y140.197 E.03847
G1 X123.36 Y139.317 E.02598
G1 X124.672 Y138.379 E.03172
G1 X126.209 Y137.544 E.0344
G1 X127.511 Y137.022 E.02759
G1 X128.038 Y136.855 E.01087
G1 X129.133 Y136.566 E.02228
G1 X130.729 Y136.323 E.03175
G1 X132.342 Y136.268 E.03174
G1 X133.419 Y136.347 E.02124
G1 X133.946 Y136.402 E.01042
G1 X134.79 Y136.569 E.01692
G1 X135.524 Y136.723 E.01475
G1 X137.06 Y137.229 E.03181
G1 X138.525 Y137.91 E.03178
G1 X138.985 Y138.18 E.01049
G1 X139.967 Y138.813 E.02298
G1 X141.164 Y139.761 E.03003
G1 X161.182 Y157.63 E.52778
G1 X162.254 Y158.465 E.02673
M73 P79 R2
G1 X163.444 Y159.159 E.0271
G1 X164.694 Y159.679 E.02663
G1 X166.022 Y160.035 E.02704
G1 X166.99 Y160.172 E.01923
G1 X167.683 Y160.207 E.01365
G1 X168.732 Y160.202 E.02063
G1 X170.072 Y160.016 E.02661
G1 X170.415 Y159.934 E.00694
G1 X171.412 Y159.643 E.02043
G1 X172.656 Y159.109 E.02663
G1 X173.832 Y158.406 E.02695
G1 X174.905 Y157.551 E.02699
G1 X175.804 Y156.62 E.02546
G1 X176.655 Y155.465 E.02822
G1 X177.308 Y154.263 E.02691
G1 X177.792 Y152.999 E.02662
G1 X178.13 Y151.569 E.0289
G1 X178.241 Y150.299 E.02507
G1 X178.199 Y149.005 E.02547
G1 X177.964 Y147.596 E.0281
G1 X177.556 Y146.286 E.02699
G1 X177.295 Y145.714 E.01237
G1 X176.979 Y145.047 E.01452
G1 X176.197 Y143.823 E.02857
G1 X175.36 Y142.855 E.02517
G1 X174.347 Y141.939 E.02686
G1 X173.223 Y141.168 E.02681
G1 X172.002 Y140.551 E.02691
G1 X170.737 Y140.109 E.02636
G1 X169.38 Y139.83 E.02725
G1 X168.858 Y139.779 E.01032
G1 X168.57 Y139.689 E.00593
G1 X168.262 Y139.32 E.00945
G1 X168.235 Y139.187 E.00267
G1 X168.233 Y137.508 E.03302
G1 X168.26 Y136.72 E.01551
G1 X168.429 Y136.467 E.00598
G1 X168.711 Y136.284 E.00661
G1 X168.882 Y136.257 E.00341
G1 X169.587 Y136.32 E.01392
G1 X171.234 Y136.614 E.03291
G1 X171.817 Y136.79 E.01198
G1 X173.096 Y137.212 E.02649
G1 X174.203 Y137.706 E.02384
G1 X175.509 Y138.459 E.02965
G1 X176.582 Y139.258 E.02631
G1 X177.067 Y139.642 E.01217
G1 X178.055 Y140.597 E.02703
G1 X179.082 Y141.835 E.03164
G1 X180.002 Y143.265 E.03344
G1 X180.674 Y144.64 E.0301
G1 X181.211 Y146.156 E.03163
G1 X181.569 Y147.732 E.03179
G1 X181.739 Y149.431 E.03358
G1 X181.738 Y150.364 E.01835
G1 X181.72 Y150.948 E.01149
G1 X181.513 Y152.543 E.03164
G1 X181.085 Y154.216 E.03397
G1 X180.545 Y155.62 E.02959
G1 X179.801 Y157.046 E.03164
G1 X178.891 Y158.382 E.03179
G1 X177.625 Y159.803 E.03743
G1 X176.64 Y160.683 E.02598
G1 X175.327 Y161.621 E.03174
G1 X173.915 Y162.399 E.03171
G1 X172.493 Y162.977 E.03019
G1 X171.962 Y163.145 E.01095
G1 X170.866 Y163.434 E.02229
G1 X169.297 Y163.674 E.03122
G1 X167.658 Y163.732 E.03226
G1 X166.581 Y163.653 E.02124
G1 X166.054 Y163.598 E.01042
G1 X164.472 Y163.276 E.03175
G1 X163.452 Y162.94 E.02112
G1 X162.796 Y162.713 E.01365
G1 X161.476 Y162.09 E.02871
G1 X161.015 Y161.82 E.01051
G1 X160.033 Y161.187 E.02298
G1 X158.836 Y160.239 E.03003
G1 X138.818 Y142.37 E.52778
G1 X137.747 Y141.536 E.0267
G1 X137.142 Y141.172 E.01389
G1 X136.555 Y140.841 E.01325
G1 X135.295 Y140.317 E.02684
G1 X134.509 Y140.106 E.01601
G1 X133.641 Y139.91 E.0175
G1 X133.058 Y139.841 E.01155
G1 X132.314 Y139.793 E.01466
G1 X131.291 Y139.796 E.02012
G1 X129.928 Y139.984 E.02706
G1 X129.585 Y140.066 E.00694
G1 X128.588 Y140.357 E.02043
G1 X127.376 Y140.875 E.02592
G1 X126.168 Y141.594 E.02765
G1 X125.095 Y142.449 E.02699
G1 X124.725 Y142.832 E.01047
G1 X124.18 Y143.399 E.01547
G1 X123.357 Y144.516 E.02729
G1 X123.108 Y144.949 E.00982
G1 X122.692 Y145.737 E.01753
G1 X122.208 Y147.001 E.02662
G1 X121.894 Y148.33 E.02686
G1 X121.759 Y149.701 E.0271
G1 X121.802 Y150.995 E.02547
G1 X122.032 Y152.387 E.02775
G1 X122.155 Y152.819 E.00883
G1 X122.538 Y153.918 E.02289
G1 X122.976 Y154.87 E.02061
G1 X123.801 Y156.175 E.03037
G1 X124.639 Y157.145 E.02521
G1 X125.579 Y158.002 E.02502
G1 X126.771 Y158.829 E.02854
G1 X127.997 Y159.449 E.02702
G1 X129.162 Y159.862 E.02431
G1 X130.62 Y160.17 E.02931
G1 X131.142 Y160.221 E.01032
G1 X131.392 Y160.299 E.00515
G1 E-1 F1200
G1 X127.374 Y162.214 F9000
G1 E1 F1500
;TYPE:Sparse infill
;WIDTH:0.42
G1 F7200
G1 X126.489 Y161.841 E.01891
G1 X126.125 Y161.672 E.00789
G1 X125.94 Y161.564 E.00423
G1 X125.995 Y160.538 E.02021
G1 X124.408 Y158.951 E.04412
G1 X122.591 Y159.049 E.03581
G1 X122.459 Y158.922 E.00359
G1 X121.494 Y157.761 E.0297
G1 X120.611 Y156.389 E.03208
G1 X119.946 Y155.016 E.03001
G1 X119.973 Y154.516 E.00985
G1 X119.652 Y154.195 E.00893
G1 X119.465 Y153.648 E.01136
G1 X119.241 Y152.675 E.01965
G1 E-1 F1200
G1 X122.06 Y154.559 F9000
G1 E1 F1500
G1 F7200
G1 X121.789 Y153.969 E.01276
G1 X121.503 Y153.086 E.01826
G1 X121.398 Y153.092 E.00208
G1 X119.811 Y151.505 E.04412
G1 X119.973 Y148.495 E.0593
G1 X119.161 Y147.682 E.0226
G1 X119.552 Y146.099 E.03207
G1 X119.816 Y145.408 E.01454
G1 X119.811 Y145.484 E.00149
G1 X121.398 Y147.07 E.04412
G1 X121.474 Y147.066 E.0015
G1 X121.546 Y146.766 E.00608
G1 X121.999 Y145.581 E.02494
G1 E-1 F1200
G1 X121.57 Y142.185 F9000
G1 E1 F1500
G1 F7200
G1 X121.635 Y142.089 E.00228
G1 X122.592 Y140.984 E.02874
G1 X124.408 Y140.887 E.03578
G1 X125.078 Y141.556 E.01861
G1 X125.467 Y141.239 E.00987
G1 X125.82 Y140.982 E.0086
G1 X126.785 Y140.414 E.02201
G1 X125.833 Y139.462 E.02648
G1 X125.884 Y138.52 E.01856
G1 X126.508 Y138.181 E.01399
G1 X127.312 Y137.858 E.01703
G1 E-1 F1200
G1 X133.446 Y139.18 F9000
G1 E1 F1500
G1 F7200
G1 X132.685 Y139.091 E.01508
G1 X131.874 Y139.093 E.01593
G1 X131.988 Y136.984 E.04154
G1 X132.328 Y136.972 E.00671
G1 X133.356 Y137.047 E.02028
G1 X133.841 Y137.098 E.00958
G1 X135.195 Y137.365 E.02714
G1 X136.801 Y137.884 E.0332
G1 X137.933 Y138.41 E.02454
G1 X137.876 Y139.462 E.02073
G1 X139.462 Y141.049 E.04412
G1 X141.432 Y140.943 E.0388
G1 X144.018 Y143.251 E.06817
G1 X143.898 Y145.484 E.04399
G1 X145.484 Y147.07 E.04412
G1 X148.137 Y146.928 E.05226
G1 X150.072 Y148.655 E.05103
G1 X149.928 Y151.346 E.053
G1 X151.862 Y153.072 E.05101
G1 X154.516 Y152.93 E.05227
G1 X156.102 Y154.516 E.04412
G1 X155.982 Y156.75 E.044
G1 X158.568 Y159.057 E.06816
G1 X160.538 Y158.951 E.0388
G1 X162.124 Y160.538 E.04412
G1 X162.067 Y161.592 E.02077
G1 X163.076 Y162.068 E.02193
G1 X164.653 Y162.595 E.0327
G1 X166.162 Y162.902 E.03029
G1 X166.644 Y162.953 E.00953
G1 X167.671 Y163.028 E.02027
G1 X168.012 Y163.016 E.00671
G1 X168.126 Y160.904 E.0416
G1 X167.378 Y160.911 E.0147
G1 X166.886 Y160.867 E.00972
G1 X166.554 Y160.82 E.00659
G1 E-1 F1200
G1 X172.684 Y162.14 F9000
G1 E1 F1500
G1 F7200
G1 X173.612 Y161.764 E.0197
G1 X174.116 Y161.486 E.01132
G1 X174.167 Y160.538 E.01868
G1 X173.22 Y159.591 E.02634
G1 X174.181 Y159.017 E.02201
G1 X174.533 Y158.761 E.00856
G1 X174.922 Y158.444 E.00987
G1 X175.592 Y159.113 E.01861
G1 X177.409 Y159.016 E.03579
G1 X178.333 Y157.952 E.02773
G1 X178.428 Y157.813 E.00329
G1 E-1 F1200
G1 X177.997 Y154.416 F9000
G1 E1 F1500
G1 F7200
G1 X178.477 Y153.155 E.02655
G1 X178.53 Y152.934 E.00447
G1 X178.602 Y152.93 E.00143
G1 X180.189 Y154.516 E.04412
G1 X180.184 Y154.602 E.00169
G1 X180.415 Y154.002 E.01264
G1 X180.836 Y152.314 E.03422
G1 X180.027 Y151.505 E.0225
G1 X180.189 Y148.495 E.0593
G1 X178.602 Y146.908 E.04412
G1 X178.498 Y146.914 E.00206
G1 X178.22 Y146.055 E.01775
G1 X177.935 Y145.444 E.01327
G1 E-1 F1200
G1 X180.758 Y147.334 F9000
G1 E1 F1500
G1 F7200
G1 X180.533 Y146.342 E.02001
G1 X180.354 Y145.811 E.01101
G1 X180.027 Y145.484 E.00911
G1 X180.053 Y144.989 E.00975
G1 X180.027 Y144.916 E.00153
G1 X179.389 Y143.611 E.02857
G1 X178.506 Y142.239 E.03208
G1 X177.541 Y141.078 E.0297
G1 X177.409 Y140.951 E.00359
G1 X175.592 Y141.049 E.03581
G1 X174.005 Y139.462 E.04412
G1 X174.06 Y138.435 E.02023
G1 X173.883 Y138.333 E.00403
G1 X172.627 Y137.782 E.02699
; stop printing object s+hook+20mm id:0 copy 0
M106 S51
;LAYER_CHANGE
;Z:3.36
;HEIGHT:0.12
;_SET_FAN_SPEED_CHANGING_LAYER
; printing object s+hook+20mm id:0 copy 0
G1 E-1 F1200
G1 X130.783 Y160.618 Z3.36 F9000
G1 E1 F1500
M73 P80 R2
;TYPE:Inner wall
;WIDTH:0.419999
G1 F7200
G1 X131.187 Y160.654 E.00798
G1 X131.334 Y160.831 E.00453
G1 X131.334 Y161.23 E.00785
G1 E-1 F1200
G1 X168.665 Y138.748 F9000
G1 E1 F1500
G1 F7200
G1 X168.666 Y139.169 E.00828
G1 X168.807 Y139.338 E.00433
G1 X169.244 Y139.383 E.00864
G1 E-1 F1200
G1 X168.454 Y136.443 F9000
G1 E1 F1500
;TYPE:Outer wall
G1 F6000
G1 X168.713 Y136.287 E.00595
G1 X169.465 Y136.332 E.01482
G1 X171.174 Y136.624 E.0341
G1 X172.862 Y137.145 E.03475
G1 X174.192 Y137.728 E.02856
G1 X175.548 Y138.513 E.03082
G1 X176.947 Y139.569 E.03448
G1 X178.037 Y140.614 E.0297
G1 X178.999 Y141.766 E.02952
G1 X179.941 Y143.205 E.03383
G1 X180.652 Y144.649 E.03166
G1 X181.188 Y146.163 E.03159
G1 X181.545 Y147.736 E.03173
G1 X181.717 Y149.548 E.0358
G1 X181.696 Y150.947 E.02752
G1 X181.489 Y152.543 E.03165
G1 X181.083 Y154.147 E.03254
G1 X180.524 Y155.609 E.03079
G1 X179.779 Y157.037 E.03168
G1 X178.872 Y158.367 E.03166
G1 X177.816 Y159.582 E.03166
G1 X176.624 Y160.665 E.03168
G1 X175.315 Y161.601 E.03165
G1 X173.904 Y162.378 E.03168
G1 X172.413 Y162.984 E.03166
G1 X170.86 Y163.411 E.03168
G1 X169.28 Y163.652 E.03144
G1 X167.659 Y163.708 E.0319
G1 X166.332 Y163.601 E.02619
G1 X165.791 Y163.523 E.01075
G1 X164.478 Y163.253 E.02637
G1 X162.948 Y162.749 E.03168
G1 X161.779 Y162.208 E.02534
G1 X161.312 Y161.967 E.01034
G1 X160.042 Y161.164 E.02955
G1 X158.852 Y160.221 E.02986
G1 X138.834 Y142.352 E.52778
G1 X137.759 Y141.515 E.0268
G1 X136.577 Y140.824 E.02693
G1 X135.303 Y140.294 E.02714
G1 X133.987 Y139.942 E.02679
G1 X133.481 Y139.874 E.01004
G1 X132.429 Y139.768 E.0208
G1 X131.276 Y139.773 E.02268
G1 X129.91 Y139.963 E.02713
G1 X128.592 Y140.33 E.02691
G1 X127.347 Y140.863 E.02664
G1 X126.045 Y141.655 E.02997
G1 X125.079 Y142.432 E.02438
G1 X124.159 Y143.386 E.02607
G1 X123.235 Y144.678 E.03124
G1 X122.674 Y145.716 E.02321
G1 X122.185 Y146.994 E.02691
G1 X121.87 Y148.326 E.02692
G1 X121.734 Y149.649 E.02616
G1 X121.785 Y151.07 E.02797
G1 X122.039 Y152.504 E.02864
G1 X122.514 Y153.922 E.02941
G1 X122.978 Y154.924 E.02172
G1 X123.73 Y156.108 E.02759
G1 X124.613 Y157.153 E.02691
G1 X125.609 Y158.056 E.02644
G1 X126.858 Y158.905 E.0297
G1 X127.988 Y159.471 E.02486
G1 X129.216 Y159.902 E.0256
G1 X130.618 Y160.194 E.02817
G1 X131.276 Y160.254 E.013
G1 X131.426 Y160.306 E.00312
G1 X131.741 Y160.693 E.00981
G1 X131.744 Y163.239 E.05008
G1 X131.572 Y163.533 E.0067
G1 X131.241 Y163.726 E.00754
G1 X130.415 Y163.656 E.0163
G1 X128.804 Y163.371 E.03218
G1 X127.284 Y162.913 E.03122
G1 X126.514 Y162.582 E.01649
G1 X125.81 Y162.274 E.01511
G1 X124.416 Y161.463 E.03172
G1 X123.053 Y160.431 E.03363
G1 X121.963 Y159.386 E.0297
G1 X121.001 Y158.234 E.02952
G1 X120.117 Y156.884 E.03174
G1 X119.327 Y155.308 E.03467
G1 X118.811 Y153.834 E.03072
G1 X118.46 Y152.296 E.03103
G1 X118.285 Y150.663 E.0323
G1 X118.304 Y149.053 E.03167
G1 X118.494 Y147.553 E.02974
G1 X118.904 Y145.895 E.03359
G1 X119.476 Y144.39 E.03167
G1 X120.221 Y142.963 E.03166
G1 X121.115 Y141.65 E.03124
G1 X122.184 Y140.418 E.03208
G1 X123.376 Y139.335 E.03168
G1 X124.685 Y138.399 E.03165
G1 X126.096 Y137.622 E.03168
G1 X127.587 Y137.016 E.03166
G1 X129.14 Y136.589 E.03168
G1 X130.73 Y136.347 E.03163
G1 X132.472 Y136.298 E.03428
G1 X133.944 Y136.426 E.02906
G1 X135.447 Y136.729 E.03016
G1 X137.052 Y137.251 E.0332
G1 X138.511 Y137.93 E.03165
G1 X139.961 Y138.838 E.03365
G1 X141.148 Y139.779 E.02979
G1 X161.166 Y157.648 E.52778
G1 X162.273 Y158.51 E.0276
G1 X163.434 Y159.18 E.02637
G1 X164.693 Y159.704 E.02682
G1 X166.019 Y160.059 E.027
G1 X167.2 Y160.216 E.02343
G1 X167.691 Y160.231 E.00966
G1 X168.734 Y160.226 E.02052
G1 X170.09 Y160.037 E.02693
G1 X171.408 Y159.67 E.02691
G1 X172.666 Y159.131 E.02692
G1 X173.496 Y158.635 E.01902
G1 X173.955 Y158.345 E.01068
G1 X174.921 Y157.568 E.02438
G1 X175.841 Y156.614 E.02607
G1 X176.765 Y155.314 E.03137
G1 X177.325 Y154.284 E.02306
G1 X177.815 Y153.006 E.02692
G1 X178.139 Y151.637 E.02767
G1 X178.264 Y150.3 E.02641
G1 X178.218 Y148.961 E.02635
G1 X177.985 Y147.584 E.02747
G1 X177.83 Y147.076 E.01045
G1 X177.471 Y146.043 E.02151
G1 X177.006 Y145.046 E.02164
G1 X176.27 Y143.892 E.02692
G1 X175.386 Y142.846 E.02694
G1 X174.362 Y141.921 E.02714
G1 X173.234 Y141.147 E.02691
G1 X172.012 Y140.529 E.02693
G1 X170.743 Y140.086 E.02644
G1 X169.384 Y139.806 E.02729
G1 X168.578 Y139.699 E.01599
G1 X168.259 Y139.307 E.00994
G1 X168.256 Y136.747 E.05035
G1 X168.432 Y136.476 E.00636
G1 E-1 F1200
G1 X173.849 Y139.173 F9000
G1 E1 F1500
;TYPE:Sparse infill
;WIDTH:0.42
G1 F7200
G1 X173.793 Y139.462 E.00579
G1 X174.977 Y140.646 E.03294
G1 E-1 F1200
G1 X179.402 Y147.496 F9000
G1 E1 F1500
G1 F7200
G1 X180.159 Y148.253 E.02107
G1 E-1 F1200
G1 X180.259 Y149.225 F9000
G1 E1 F1500
G1 F7200
G1 X179.815 Y151.505 E.0457
G1 X180.147 Y151.838 E.00924
G1 E-1 F1200
G1 X162.271 Y160.871 F9000
G1 E1 F1500
G1 F7200
G1 X162.336 Y160.538 E.00667
G1 X161.376 Y159.578 E.0267
G1 E-1 F1200
G1 X138.626 Y140.425 F9000
G1 E1 F1500
G1 F7200
G1 X137.664 Y139.462 E.02677
G1 X137.726 Y139.145 E.00635
G1 E-1 F1200
G1 X119.852 Y148.162 F9000
G1 E1 F1500
G1 F7200
G1 X120.185 Y148.495 E.00927
G1 X119.737 Y150.8 E.04619
G1 E-1 F1200
G1 X119.834 Y151.74 F9000
G1 E1 F1500
G1 F7200
G1 X120.626 Y152.532 E.02205
G1 E-1 F1200
G1 X125.008 Y159.339 F9000
G1 E1 F1500
G1 F7200
G1 X126.207 Y160.538 E.03334
G1 X126.149 Y160.835 E.00595
; stop printing object s+hook+20mm id:0 copy 0
; FIBER RESERVE: mode=band strands=1 removed=8
M400
G1 E-10 F1200
MOVE_TO_BRUSH_STATION
CLEAN_NOZZLE
M104 S150 T1 ; standby
M104 S270 T0 ; pre-charge
M109 S270 T0
MOVE_OUT_BRUSH_STATION
M106 P2 S175 ; fibre-side cooling, fan4, owned by T0 (depositing)
M106 P1 S0 ; part-cooling, fan3, owned by T1 (idle)
M106 P3 S255 ; auxiliary fan on while T0 deposits
M106 P5 S255 ; exhaust fan on while T0 deposits
T0 ; switch extruder type to:FIBER
; LAYER:27 [3.36]
M1001 L234
G1 F1200 Z4.56
G1 X155.51 Y153.81 F1200
G1 F1200 U55.000 ; Extrude restart
M73 P81 R2
G1 F1200 Z3.36
G1 F600 V1.000 ; Recover matrix retract
G1 F600 V3.000 ; Matrix prime
G1 X160.59 Y158.34 V0.227 U6.674 P0.034 F300
G1 X161.19 Y158.81 V0.025 U0.749 P0.034 F300
G1 X161.78 Y159.24 V0.024 U0.715 P0.034 F300
G1 X162.40 Y159.63 V0.024 U0.715 P0.034 F300
G1 X163.04 Y159.97 V0.024 U0.715 P0.034 F300
G1 X163.71 Y160.27 V0.024 U0.715 P0.034 F300
G1 X164.41 Y160.54 V0.025 U0.735 P0.034 F300
G1 X165.12 Y160.75 V0.025 U0.725 P0.034 F300
G1 X165.22 Y160.78 V0.003 U0.100 P0.034 F300
G1 X165.85 Y160.93 V0.022 U0.634 P0.034 F300
G1 X166.48 Y161.03 V0.022 U0.634 P0.034 F300
G1 X166.85 Y161.08 V0.012 U0.364 P0.034 F300
G1 X167.13 Y161.11 V0.009 U0.271 P0.034 F300
G1 X167.40 Y161.13 V0.009 U0.271 P0.034 F300
G1 X167.68 Y161.14 V0.009 U0.271 P0.034 F300
G1 X168.24 Y161.13 V0.019 U0.549 P0.034 F300
G1 X168.80 Y161.11 V0.019 U0.548 P0.034 F600
G1 X169.35 Y161.05 V0.019 U0.548 P0.034 F600
G1 X169.54 Y161.03 V0.006 U0.181 P0.034 F600
G1 X170.27 Y160.90 V0.025 U0.729 P0.034 F600
G1 X170.99 Y160.72 V0.025 U0.729 P0.034 F600
G1 X171.70 Y160.50 V0.025 U0.729 P0.034 F600
G1 X172.39 Y160.23 V0.025 U0.729 P0.034 F600
G1 X172.60 Y160.14 V0.008 U0.221 P0.034 F600
G1 X173.07 Y159.92 V0.017 U0.508 P0.034 F600
G1 X173.52 Y159.67 V0.017 U0.508 P0.034 F600
G1 X173.97 Y159.41 V0.017 U0.509 P0.034 F600
G1 X174.23 Y159.24 V0.010 U0.297 P0.034 F600
G1 X174.48 Y159.07 V0.010 U0.297 P0.034 F600
G1 X174.72 Y158.89 V0.010 U0.297 P0.034 F600
G1 X175.01 Y158.66 V0.012 U0.363 P0.034 F600
G1 X175.52 Y158.22 V0.022 U0.659 P0.034 F600
G1 X176.00 Y157.75 V0.022 U0.659 P0.034 F600
G1 X176.04 Y157.71 V0.002 U0.050 P0.034 F600
G1 X176.52 Y157.18 V0.024 U0.709 P0.034 F600
G1 X176.96 Y156.60 V0.024 U0.709 P0.034 F600
G1 X177.16 Y156.32 V0.012 U0.341 P0.034 F600
G1 X177.52 Y155.78 V0.021 U0.629 P0.034 F600
G1 X177.84 Y155.23 V0.021 U0.629 P0.034 F600
G1 X178.13 Y154.66 V0.021 U0.629 P0.034 F600
G1 X178.38 Y154.06 V0.021 U0.629 P0.034 F600
G1 X178.41 Y153.97 V0.003 U0.100 P0.034 F600
G1 X178.66 Y153.27 V0.025 U0.729 P0.034 F600
G1 X178.85 Y152.55 V0.025 U0.729 P0.034 F600
G1 X178.86 Y152.50 V0.002 U0.053 P0.034 F600
G1 X179.01 Y151.78 V0.024 U0.716 P0.034 F600
G1 X179.10 Y151.06 V0.024 U0.716 P0.034 F600
G1 X179.15 Y150.33 V0.024 U0.716 P0.034 F600
G1 X179.15 Y149.60 V0.024 U0.714 P0.034 F600
G1 X179.10 Y148.87 V0.024 U0.713 P0.034 F600
G1 X179.00 Y148.15 V0.024 U0.713 P0.034 F600
G1 X178.92 Y147.67 V0.016 U0.473 P0.034 F600
G1 X178.86 Y147.38 V0.010 U0.297 P0.034 F600
G1 X178.78 Y147.08 V0.010 U0.297 P0.034 F600
G1 X178.69 Y146.79 V0.010 U0.297 P0.034 F600
G1 X178.50 Y146.25 V0.019 U0.567 P0.034 F600
G1 X178.30 Y145.71 V0.019 U0.566 P0.034 F600
G1 X178.07 Y145.18 V0.019 U0.566 P0.034 F600
G1 X178.06 Y145.16 V0.001 U0.024 P0.034 F600
G1 X177.78 Y144.62 V0.020 U0.590 P0.034 F600
G1 X177.48 Y144.10 V0.020 U0.590 P0.034 F600
G1 X177.40 Y143.98 V0.005 U0.139 P0.034 F600
G1 X176.98 Y143.37 V0.025 U0.728 P0.034 F600
G1 X176.52 Y142.79 V0.025 U0.728 P0.034 F600
G1 X176.02 Y142.23 V0.025 U0.730 P0.034 F600
G1 X175.49 Y141.72 V0.025 U0.729 P0.034 F600
G1 X174.91 Y141.23 V0.025 U0.741 P0.034 F600
G1 X174.31 Y140.79 V0.025 U0.728 P0.034 F600
G1 X173.68 Y140.39 V0.025 U0.728 P0.034 F600
G1 X173.03 Y140.03 V0.025 U0.728 P0.034 F600
G1 X172.36 Y139.72 V0.025 U0.730 P0.034 F600
G1 X171.68 Y139.45 V0.024 U0.716 P0.034 F600
G1 X170.98 Y139.24 V0.024 U0.716 P0.034 F600
G1 X170.27 Y139.06 V0.024 U0.716 P0.034 F600
G1 X169.54 Y138.91 V0.025 U0.732 P0.034 F600
G1 X169.35 Y138.89 V0.006 U0.184 P0.034 F600
M73 P82 R2
G1 X169.22 Y138.82 V0.005 U0.148 P0.034 F600
G1 X169.16 Y138.68 V0.005 U0.148 P0.034 F600
G1 X169.16 Y137.22 V0.049 U1.427 P0.034 F600
G1 X169.26 Y137.23 V0.003 U0.099 P0.034 F600
G1 X169.36 Y137.23 V0.003 U0.099 P0.034 F600
G1 X169.46 Y137.25 V0.003 U0.099 P0.034 F600
G1 X170.19 Y137.37 V0.025 U0.727 P0.034 F600
G1 X170.96 Y137.53 V0.026 U0.766 P0.034 F600
G1 X171.71 Y137.74 V0.026 U0.766 P0.034 F600
G1 X171.90 Y137.80 V0.007 U0.195 P0.034 F600
G1 X172.54 Y138.01 V0.022 U0.660 P0.034 F600
G1 X173.16 Y138.26 V0.022 U0.660 P0.034 F600
G1 X173.77 Y138.55 V0.022 U0.661 P0.034 F600
G1 X174.37 Y138.87 V0.022 U0.660 P0.034 F600
G1 X174.42 Y138.90 V0.002 U0.056 P0.034 F600
G1 X175.03 Y139.29 V0.024 U0.714 P0.034 F600
G1 X175.63 Y139.71 V0.024 U0.714 P0.034 F600
G1 X175.80 Y139.84 V0.007 U0.208 P0.034 F600
G1 X176.35 Y140.27 V0.023 U0.688 P0.034 F600
G1 X176.87 Y140.75 V0.023 U0.688 P0.034 F600
G1 X176.89 Y140.77 V0.001 U0.032 P0.034 F600
G1 X177.36 Y141.24 V0.022 U0.656 P0.034 F600
G1 X177.80 Y141.75 V0.022 U0.656 P0.034 F600
G1 X177.83 Y141.77 V0.001 U0.034 P0.034 F600
G1 X178.25 Y142.32 V0.023 U0.678 P0.034 F600
G1 X178.65 Y142.89 V0.023 U0.678 P0.034 F600
G1 X178.75 Y143.04 V0.006 U0.181 P0.034 F600
G1 X179.13 Y143.66 V0.024 U0.718 P0.034 F600
G1 X179.48 Y144.31 V0.024 U0.718 P0.034 F600
G1 X179.51 Y144.37 V0.002 U0.063 P0.034 F600
G1 X179.80 Y145.01 V0.023 U0.688 P0.034 F600
G1 X180.05 Y145.66 V0.023 U0.688 P0.034 F600
G1 X180.08 Y145.75 V0.003 U0.089 P0.034 F600
G1 X180.30 Y146.42 V0.023 U0.691 P0.034 F600
G1 X180.47 Y147.10 V0.023 U0.691 P0.034 F600
G1 X180.48 Y147.15 V0.001 U0.044 P0.034 F600
G1 X180.63 Y147.88 V0.025 U0.734 P0.034 F600
G1 X180.72 Y148.63 V0.025 U0.734 P0.034 F600
G1 X180.75 Y148.94 V0.010 U0.308 P0.034 F600
G1 X180.79 Y149.59 V0.022 U0.635 P0.034 F600
G1 X180.80 Y150.23 V0.022 U0.635 P0.034 F600
G1 X180.77 Y150.88 V0.022 U0.635 P0.034 F600
G1 X180.71 Y151.53 V0.022 U0.635 P0.034 F600
G1 X180.69 Y151.66 V0.005 U0.138 P0.034 F600
G1 X180.58 Y152.37 V0.024 U0.700 P0.034 F600
G1 X180.42 Y153.07 V0.024 U0.700 P0.034 F600
G1 X180.39 Y153.19 V0.004 U0.127 P0.034 F600
G1 X180.20 Y153.87 V0.023 U0.688 P0.034 F600
G1 X179.97 Y154.53 V0.023 U0.688 P0.034 F600
G1 X179.95 Y154.59 V0.002 U0.060 P0.034 F600
G1 X179.68 Y155.23 V0.023 U0.681 P0.034 F600
G1 X179.38 Y155.85 V0.023 U0.681 P0.034 F600
G1 X179.33 Y155.95 V0.003 U0.102 P0.034 F600
G1 X178.98 Y156.56 V0.023 U0.690 P0.034 F600
G1 X178.60 Y157.15 V0.023 U0.690 P0.034 F600
G1 X178.55 Y157.23 V0.003 U0.093 P0.034 F600
G1 X178.14 Y157.80 V0.023 U0.690 P0.034 F600
G1 X177.69 Y158.35 V0.023 U0.690 P0.034 F600
G1 X177.63 Y158.42 V0.003 U0.092 P0.034 F600
G1 X177.15 Y158.93 V0.023 U0.690 P0.034 F600
G1 X176.65 Y159.42 V0.023 U0.690 P0.034 F600
G1 X176.58 Y159.49 V0.003 U0.092 P0.034 F600
G1 X176.04 Y159.94 V0.023 U0.690 P0.034 F600
G1 X175.48 Y160.37 V0.023 U0.690 P0.034 F600
G1 X175.41 Y160.43 V0.003 U0.093 P0.034 F600
G1 X174.82 Y160.82 V0.023 U0.690 P0.034 F600
G1 X174.21 Y161.17 V0.023 U0.690 P0.034 F600
G1 X174.13 Y161.22 V0.003 U0.092 P0.034 F600
G1 X173.51 Y161.54 V0.023 U0.690 P0.034 F600
G1 X172.86 Y161.83 V0.023 U0.690 P0.034 F600
G1 X172.77 Y161.86 V0.003 U0.092 P0.034 F600
G1 X172.11 Y162.11 V0.023 U0.690 P0.034 F600
G1 X171.44 Y162.31 V0.023 U0.690 P0.034 F600
G1 X171.35 Y162.34 V0.003 U0.095 P0.034 F600
G1 X170.67 Y162.50 V0.023 U0.687 P0.034 F600
G1 X169.98 Y162.63 V0.023 U0.687 P0.034 F600
G1 X169.89 Y162.64 V0.003 U0.085 P0.034 F600
G1 X169.19 Y162.73 V0.023 U0.690 P0.034 F600
G1 X168.49 Y162.77 V0.023 U0.690 P0.034 F600
G1 X168.31 Y162.78 V0.006 U0.182 P0.034 F600
G1 X167.68 Y162.78 V0.021 U0.613 P0.034 F600
G1 X167.06 Y162.75 V0.021 U0.613 P0.034 F600
G1 X166.43 Y162.70 V0.021 U0.613 P0.034 F600
G1 X165.95 Y162.63 V0.016 U0.481 P0.034 F600
G1 X165.33 Y162.50 V0.021 U0.618 P0.034 F600
G1 X164.72 Y162.36 V0.021 U0.617 P0.034 F600
G1 X164.11 Y162.18 V0.021 U0.617 P0.034 F600
G1 X163.86 Y162.10 V0.009 U0.263 P0.034 F600
G1 X163.29 Y161.89 V0.020 U0.595 P0.034 F600
G1 X162.73 Y161.65 V0.020 U0.595 P0.034 F600
G1 X162.18 Y161.40 V0.020 U0.596 P0.034 F600
M104 S250 T1 ; FS_PREHEAT next_tool=1 lead_s=15
G1 X161.76 Y161.18 V0.016 U0.458 P0.034 F600
G1 X161.11 Y160.77 V0.026 U0.762 P0.034 F600
G1 X160.58 Y160.41 V0.021 U0.625 P0.034 F600
G1 X160.07 Y160.03 V0.021 U0.625 P0.034 F600
G1 X159.43 Y159.53 V0.027 U0.789 P0.034 F600
G1 X139.41 Y141.66 V0.894 U26.301 P0.034 F600
G1 X138.84 Y141.21 V0.024 U0.712 P0.034 F600
M73 P83 R2
G1 X138.25 Y140.78 V0.024 U0.710 P0.034 F600
G1 X137.64 Y140.40 V0.024 U0.710 P0.034 F600
G1 X137.62 Y140.39 V0.001 U0.019 P0.034 F600
G1 X136.97 Y140.04 V0.025 U0.729 P0.034 F600
G1 X136.29 Y139.73 V0.025 U0.729 P0.034 F600
G1 X136.28 Y139.72 V0.001 U0.017 P0.034 F600
G1 X135.59 Y139.46 V0.025 U0.724 P0.034 F600
G1 X134.88 Y139.25 V0.025 U0.724 P0.034 F600
G1 X134.45 Y139.13 V0.015 U0.439 P0.034 F600
G1 X134.16 Y139.06 V0.010 U0.285 P0.034 F600
G1 X133.88 Y139.01 V0.010 U0.285 P0.034 F600
G1 X133.59 Y138.98 V0.010 U0.286 P0.034 F600
G1 X133.03 Y138.92 V0.019 U0.549 P0.034 F600
G1 X132.47 Y138.88 V0.019 U0.549 P0.034 F600
G1 X131.91 Y138.87 V0.019 U0.549 P0.034 F600
G1 X131.84 Y138.87 V0.002 U0.068 P0.034 F600
G1 X131.21 Y138.89 V0.021 U0.617 P0.034 F600
G1 X130.59 Y138.96 V0.021 U0.617 P0.034 F600
G1 X130.46 Y138.97 V0.004 U0.122 P0.034 F600
G1 X129.73 Y139.10 V0.025 U0.729 P0.034 F600
G1 X129.01 Y139.28 V0.025 U0.729 P0.034 F600
G1 X128.30 Y139.50 V0.025 U0.729 P0.034 F600
G1 X127.61 Y139.77 V0.025 U0.724 P0.034 F600
G1 X126.94 Y140.08 V0.025 U0.723 P0.034 F600
G1 X126.30 Y140.44 V0.025 U0.723 P0.034 F600
G1 X126.10 Y140.56 V0.008 U0.226 P0.034 F600
G1 X125.54 Y140.93 V0.023 U0.663 P0.034 F600
G1 X125.00 Y141.34 V0.023 U0.663 P0.034 F600
G1 X124.48 Y141.78 V0.023 U0.663 P0.034 F600
G1 X124.00 Y142.25 V0.023 U0.663 P0.034 F600
G1 X123.96 Y142.28 V0.002 U0.046 P0.034 F600
G1 X123.48 Y142.82 V0.024 U0.708 P0.034 F600
G1 X123.04 Y143.40 V0.024 U0.708 P0.034 F600
G1 X122.84 Y143.67 V0.011 U0.332 P0.034 F600
G1 X122.48 Y144.21 V0.022 U0.634 P0.034 F600
G1 X122.16 Y144.77 V0.022 U0.634 P0.034 F600
G1 X121.87 Y145.35 V0.022 U0.634 P0.034 F600
G1 X121.62 Y145.94 V0.022 U0.634 P0.034 F600
G1 X121.58 Y146.03 V0.003 U0.094 P0.034 F600
G1 X121.34 Y146.73 V0.025 U0.728 P0.034 F600
G1 X121.15 Y147.45 V0.025 U0.728 P0.034 F600
G1 X121.14 Y147.47 V0.001 U0.017 P0.034 F600
G1 X121.00 Y148.18 V0.024 U0.710 P0.034 F600
G1 X120.90 Y148.90 V0.024 U0.710 P0.034 F600
G1 X120.85 Y149.62 V0.024 U0.710 P0.034 F600
G1 X120.85 Y150.34 V0.024 U0.710 P0.034 F600
G1 X120.86 Y150.39 V0.002 U0.047 P0.034 F600
G1 X120.91 Y151.16 V0.026 U0.757 P0.034 F600
G1 X121.02 Y151.93 V0.026 U0.757 P0.034 F600
G1 X121.02 Y151.95 V0.001 U0.019 P0.034 F600
G1 X121.19 Y152.72 V0.026 U0.776 P0.034 F600
G1 X121.41 Y153.48 V0.026 U0.776 P0.034 F600
G1 X121.48 Y153.68 V0.007 U0.207 P0.034 F600
G1 X121.69 Y154.25 V0.020 U0.595 P0.034 F600
G1 X121.93 Y154.81 V0.020 U0.595 P0.034 F600
G1 X122.20 Y155.35 V0.020 U0.594 P0.034 F600
G1 X122.51 Y155.87 V0.020 U0.594 P0.034 F600
G1 X122.60 Y156.02 V0.006 U0.168 P0.034 F600
G1 X123.02 Y156.63 V0.025 U0.729 P0.034 F600
G1 X123.48 Y157.21 V0.025 U0.729 P0.034 F600
G1 X123.98 Y157.77 V0.025 U0.729 P0.034 F600
G1 X124.51 Y158.28 V0.024 U0.718 P0.034 F600
G1 X125.06 Y158.75 V0.024 U0.718 P0.034 F600
G1 X125.66 Y159.18 V0.024 U0.718 P0.034 F600
G1 X125.83 Y159.30 V0.007 U0.204 P0.034 F600
G1 X126.41 Y159.67 V0.023 U0.676 P0.034 F600
G1 X127.02 Y160.00 V0.023 U0.676 P0.034 F600
G1 X127.64 Y160.29 V0.023 U0.676 P0.034 F600
G1 X128.29 Y160.53 V0.023 U0.676 P0.034 F600
G1 X128.30 Y160.54 V0.001 U0.018 P0.034 F600
G1 X128.98 Y160.75 V0.024 U0.694 P0.034 F600
G1 X129.67 Y160.92 V0.024 U0.694 P0.034 F600
G1 X130.31 Y161.05 V0.022 U0.644 P0.034 F600
G1 X130.49 Y161.08 V0.006 U0.173 P0.034 F600
G1 X130.66 Y161.11 V0.006 U0.173 P0.034 F600
G1 X130.79 Y161.17 V0.005 U0.138 P0.034 F600
G1 X130.84 Y161.30 V0.005 U0.138 P0.034 F600
G1 X130.84 Y162.78 V0.050 U1.456 P0.034 F600
G1 X130.69 Y162.77 V0.005 U0.151 P0.034 F600
G1 X130.53 Y162.76 V0.005 U0.151 P0.034 F600
G1 X130.38 Y162.73 V0.005 U0.151 P0.034 F600
G1 X129.71 Y162.61 V0.023 U0.670 P0.034 F600
G1 X129.02 Y162.47 V0.023 U0.689 P0.034 F600
G1 X128.34 Y162.29 V0.023 U0.689 P0.034 F600
G1 X127.97 Y162.17 V0.013 U0.379 P0.034 F600
G1 X127.60 Y162.05 V0.013 U0.384 P0.034 F600
G1 X127.23 Y161.91 V0.013 U0.384 P0.034 F600
G1 X126.87 Y161.75 V0.013 U0.384 P0.034 F600
G1 X126.55 Y161.61 V0.012 U0.350 P0.034 F600
G1 X126.22 Y161.46 V0.012 U0.349 P0.034 F600
G1 X125.91 Y161.29 V0.012 U0.349 P0.034 F600
G1 X125.55 Y161.08 V0.014 U0.410 P0.034 F600
G1 X124.93 Y160.69 V0.024 U0.716 P0.034 F600
G1 X124.34 Y160.27 V0.024 U0.716 P0.034 F600
G1 X124.19 Y160.16 V0.006 U0.173 P0.034 F600
G1 X123.65 Y159.73 V0.023 U0.680 P0.034 F600
G1 X123.14 Y159.26 V0.023 U0.680 P0.034 F600
G1 X123.11 Y159.23 V0.001 U0.040 P0.034 F600
G1 X122.64 Y158.76 V0.022 U0.656 P0.034 F600
G1 X122.20 Y158.25 V0.022 U0.656 P0.034 F600
G1 X122.17 Y158.23 V0.001 U0.034 P0.034 F600
G1 X121.75 Y157.68 V0.023 U0.678 P0.034 F600
G1 X121.35 Y157.11 V0.023 U0.678 P0.034 F600
G1 X121.28 Y157.01 V0.004 U0.124 P0.034 F600
G1 X120.92 Y156.42 V0.023 U0.675 P0.034 F600
G1 X120.59 Y155.82 V0.023 U0.675 P0.034 F600
G1 X120.48 Y155.58 V0.009 U0.254 P0.034 F600
G1 X120.28 Y155.17 V0.015 U0.449 P0.034 F600
; Start to cut
M2800
M400
;CUT DISTANCE 54.8
G1 X120.18 Y154.95 V0.006 F600
G1 X119.93 Y154.29 V0.017 F600
G1 X119.70 Y153.63 V0.017 F600
G1 X119.69 Y153.60 V0.001 F600
G1 X119.68 Y153.58 V0.001 F600
G1 X119.68 Y153.56 V0.001 F600
G1 X119.51 Y152.83 V0.018 F600
G1 X119.37 Y152.14 V0.017 F600
G1 X119.28 Y151.45 V0.017 F600
G1 X119.27 Y151.33 V0.003 F600
G1 X119.21 Y150.62 V0.017 F600
G1 X119.20 Y149.91 V0.017 F600
G1 X119.20 Y149.80 V0.002 F600
G1 X119.23 Y149.12 V0.016 F600
G1 X119.29 Y148.43 V0.016 F600
G1 X119.30 Y148.41 V0.001 F600
G1 X119.40 Y147.72 V0.017 F600
G1 X119.55 Y147.04 V0.017 F600
G1 X119.59 Y146.87 V0.004 F600
G1 X119.79 Y146.17 V0.018 F600
G1 X120.03 Y145.48 V0.018 F600
G1 X120.05 Y145.42 V0.002 F600
G1 X120.32 Y144.77 V0.017 F600
G1 X120.63 Y144.14 V0.017 F600
G1 X120.67 Y144.05 V0.002 F600
G1 X121.02 Y143.44 V0.017 F600
G1 X121.39 Y142.85 V0.017 F600
G1 X121.44 Y142.78 V0.002 F600
G1 X121.85 Y142.22 V0.017 F600
G1 X122.29 Y141.67 V0.017 F600
G1 X122.37 Y141.59 V0.003 F600
G1 X122.85 Y141.07 V0.017 F600
G1 X123.36 Y140.57 V0.017 F600
G1 X123.42 Y140.51 V0.002 F600
G1 X123.96 Y140.06 V0.017 F600
G1 X124.52 Y139.63 V0.017 F600
M73 P84 R2
G1 X124.59 Y139.57 V0.002 F600
G1 X125.18 Y139.18 V0.017 F600
G1 X125.79 Y138.83 V0.017 F600
G1 X125.87 Y138.78 V0.002 F600
G1 X126.49 Y138.46 V0.017 F600
G1 X127.14 Y138.17 V0.017 F600
G1 X127.23 Y138.14 V0.002 F600
G1 X127.89 Y137.89 V0.017 F600
G1 X128.56 Y137.69 V0.017 F600
G1 X128.65 Y137.66 V0.002 F600
G1 X129.33 Y137.50 V0.017 F600
G1 X130.02 Y137.37 V0.017 F600
G1 X130.08 Y137.36 V0.001 F600
G1 X130.81 Y137.27 V0.018 F600
G1 X131.55 Y137.23 V0.018 F600
G1 X131.76 Y137.22 V0.005 F600
G1 X132.45 Y137.22 V0.016 F600
G1 X133.13 Y137.26 V0.016 F600
G1 X133.81 Y137.34 V0.016 F600
G1 X134.47 Y137.46 V0.016 F600
G1 X134.53 Y137.47 V0.001 F600
G1 X135.21 Y137.62 V0.017 F600
G1 X135.88 Y137.82 V0.017 F600
G1 X136.03 Y137.87 V0.004 F600
G1 X136.71 Y138.11 V0.017 F600
G1 X137.38 Y138.40 V0.017 F600
G1 X137.40 Y138.41 V0.001 F600
G1 X138.07 Y138.75 V0.018 F600
G1 X138.71 Y139.12 V0.018 F600
M73 P84 R1
G1 X138.88 Y139.23 V0.005 F600
G1 X139.43 Y139.59 V0.016 F600
G1 X139.96 Y139.99 V0.016 F600
G1 X140.57 Y140.47 V0.019 F600
G1 X155.51 Y153.81 V0.480 F600
; Cutting completed.
G1 F600 V-1.000 ; Retract
; FS_RELEASE_BEGIN length_mm=6.800 speed_mm_s=10.000
G1 X160.579 Y158.336 F600
; FS_RELEASE_END physical_clearance=unmeasured
M1002
M400
G1 F600 V-4.000 ; Toolchange matrix retract
G1 F1200 Z3.96
MOVE_TO_BRUSH_STATION
CLEAN_NOZZLE
M104 S180 T0 ; standby
M104 S250 T1 ; pre-charge
M109 S250 T1
MOVE_OUT_BRUSH_STATION
M106 P2 S0 ; fibre-side cooling, fan4, owned by T0 (idle)
M106 P1 S175 ; part-cooling, fan3, owned by T1 (depositing)
M106 P3 S0 ; auxiliary fan off while T1 deposits
M106 P5 S0 ; exhaust fan off while T1 deposits
T1 ; switch extruder type to:PLASTIC
; FIBER TURNS: 74 joints tighter than 12.00 mm, policy=keep, splits=0
M106 S176
;LAYER_CHANGE
;Z:3.48
;HEIGHT:0.12
;_SET_FAN_SPEED_CHANGING_LAYER
; printing object s+hook+20mm id:0 copy 0
M104 S270 T0 ; FS_PREHEAT next_tool=0 lead_s=15
G1 X131.218 Y160.695 Z3.48 F9000
G1 Z3.48 F9000
G1 E10 F1500
;TYPE:Inner wall
;WIDTH:0.419999
G1 F7200
G1 X131.3 Y160.779 E.00231
G1 X131.299 Y163.191 E.04744
G1 X131.22 Y163.276 E.00228
G1 X130.473 Y163.211 E.01475
G1 X128.93 Y162.939 E.03082
G1 X127.439 Y162.491 E.03062
G1 X126.01 Y161.871 E.03064
G1 X124.664 Y161.089 E.03062
G1 X123.418 Y160.154 E.03064
G1 X122.291 Y159.08 E.03062
G1 X121.297 Y157.881 E.03063
G1 X120.45 Y156.574 E.03063
G1 X119.762 Y155.177 E.03063
G1 X119.242 Y153.709 E.03063
G1 X118.898 Y152.19 E.03063
G1 X118.734 Y150.642 E.03062
G1 X118.752 Y149.085 E.03063
G1 X118.952 Y147.54 E.03064
G1 X119.332 Y146.03 E.03063
G1 X119.886 Y144.574 E.03064
G1 X120.607 Y143.194 E.03062
G1 X121.484 Y141.907 E.03063
G1 X122.505 Y140.732 E.03062
G1 X123.658 Y139.684 E.03065
G1 X124.925 Y138.779 E.03063
G1 X126.289 Y138.028 E.03063
G1 X127.732 Y137.442 E.03063
G1 X129.233 Y137.029 E.03062
G1 X130.773 Y136.794 E.03064
G1 X132.329 Y136.741 E.03062
G1 X133.881 Y136.871 E.03063
G1 X135.407 Y137.182 E.03063
G1 X136.886 Y137.669 E.03063
G1 X137.836 Y138.111 E.02061
G1 X138.362 Y138.365 E.01149
G1 X139.623 Y139.143 E.02914
G1 X140.858 Y140.121 E.03099
G1 X160.878 Y157.992 E.52784
G1 X161.989 Y158.857 E.02769
G1 X163.222 Y159.578 E.02809
G1 X164.579 Y160.138 E.02887
G1 X165.96 Y160.503 E.0281
G1 X167.298 Y160.676 E.02654
G1 X168.766 Y160.674 E.02887
G1 X170.181 Y160.477 E.0281
G1 X171.557 Y160.094 E.02809
G1 X172.872 Y159.531 E.02814
G1 X174.128 Y158.774 E.02884
G1 X175.243 Y157.881 E.0281
G1 X176.178 Y156.908 E.02654
G1 X176.453 Y156.542 E.009
G1 X177.158 Y155.528 E.02429
G1 X177.734 Y154.473 E.02364
G1 X178.244 Y153.138 E.02811
G1 X178.573 Y151.748 E.0281
G1 X178.714 Y150.326 E.02811
G1 X178.684 Y149.464 E.01696
G1 X178.658 Y148.86 E.01189
G1 X178.414 Y147.452 E.02811
G1 X178.014 Y146.163 E.02655
G1 X177.4 Y144.83 E.02887
G1 X176.632 Y143.626 E.02809
G1 X175.71 Y142.534 E.02811
G1 X174.651 Y141.575 E.0281
G1 X173.439 Y140.748 E.02886
G1 X172.162 Y140.106 E.02811
G1 X170.888 Y139.661 E.02654
G1 X169.422 Y139.359 E.02944
G1 X168.782 Y139.305 E.01263
G1 X168.7 Y139.221 E.00231
G1 X168.701 Y136.798 E.04766
G1 X168.773 Y136.724 E.00203
G1 X169.527 Y136.789 E.01489
G1 X171.07 Y137.061 E.03082
G1 X172.561 Y137.509 E.03062
G1 X173.99 Y138.129 E.03064
G1 X175.336 Y138.911 E.03062
G1 X176.582 Y139.846 E.03064
G1 X177.709 Y140.92 E.03062
G1 X178.703 Y142.119 E.03063
G1 X179.55 Y143.426 E.03063
G1 X180.238 Y144.823 E.03063
G1 X180.758 Y146.291 E.03063
G1 X181.102 Y147.81 E.03063
G1 X181.265 Y149.434 E.0321
G1 X181.248 Y150.915 E.02913
G1 X181.048 Y152.46 E.03064
G1 X180.668 Y153.97 E.03063
G1 X180.114 Y155.426 E.03064
G1 X179.393 Y156.806 E.03062
G1 X178.516 Y158.093 E.03063
G1 X177.495 Y159.268 E.03062
G1 X176.342 Y160.316 E.03065
G1 X175.075 Y161.221 E.03063
G1 X173.711 Y161.972 E.03063
G1 X172.268 Y162.558 E.03063
G1 X170.767 Y162.971 E.03062
G1 X169.227 Y163.206 E.03064
G1 X167.671 Y163.259 E.03062
G1 X166.119 Y163.129 E.03063
G1 X164.593 Y162.818 E.03063
G1 X163.114 Y162.331 E.03063
G1 X162.164 Y161.889 E.02061
G1 X161.638 Y161.635 E.01149
G1 X160.377 Y160.857 E.02914
G1 X159.142 Y159.879 E.03099
G1 X139.122 Y142.008 E.52784
G1 X138.011 Y141.143 E.02769
G1 X136.778 Y140.422 E.02809
G1 X135.421 Y139.862 E.02887
G1 X134.04 Y139.497 E.0281
G1 X132.702 Y139.324 E.02654
G1 X131.234 Y139.326 E.02887
G1 X129.819 Y139.523 E.0281
G1 X128.443 Y139.906 E.02809
G1 X127.128 Y140.469 E.02814
G1 X125.872 Y141.226 E.02884
G1 X124.757 Y142.119 E.0281
G1 X123.822 Y143.092 E.02654
G1 X123.547 Y143.458 E.009
G1 X122.842 Y144.472 E.02429
G1 X122.266 Y145.527 E.02364
G1 X121.756 Y146.862 E.02811
G1 X121.427 Y148.252 E.0281
G1 X121.286 Y149.674 E.02811
G1 X121.316 Y150.536 E.01696
G1 X121.342 Y151.14 E.01189
G1 X121.586 Y152.548 E.02811
G1 X121.986 Y153.837 E.02655
G1 X122.6 Y155.17 E.02887
G1 X123.368 Y156.374 E.02809
G1 X124.29 Y157.466 E.02811
G1 X125.349 Y158.425 E.0281
G1 X126.561 Y159.252 E.02886
G1 X127.838 Y159.894 E.02811
G1 X129.112 Y160.339 E.02654
M73 P85 R1
G1 X130.578 Y160.641 E.02944
G1 X131.178 Y160.692 E.01184
G1 X131.402 Y160.303 F9000
;TYPE:Outer wall
G1 F6000
G1 X131.707 Y160.612 E.00854
G1 X131.706 Y163.335 E.05356
G1 X131.572 Y163.533 E.0047
G1 X131.324 Y163.693 E.00581
G1 X130.42 Y163.615 E.01785
G1 X128.836 Y163.336 E.03164
G1 X127.299 Y162.874 E.03157
G1 X125.826 Y162.235 E.03158
G1 X124.439 Y161.429 E.03155
G1 X123.155 Y160.465 E.03158
G1 X121.993 Y159.358 E.03157
G1 X120.968 Y158.122 E.03158
G1 X120.096 Y156.775 E.03156
G1 X119.386 Y155.335 E.03158
G1 X118.851 Y153.822 E.03156
G1 X118.496 Y152.257 E.03156
G1 X118.327 Y150.661 E.03157
G1 X118.345 Y149.056 E.03157
G1 X118.552 Y147.464 E.03158
G1 X118.943 Y145.908 E.03156
G1 X119.514 Y144.407 E.03159
G1 X120.257 Y142.984 E.03157
G1 X121.161 Y141.658 E.03157
G1 X122.214 Y140.447 E.03156
G1 X123.402 Y139.367 E.03158
G1 X124.707 Y138.434 E.03155
G1 X126.114 Y137.66 E.03159
G1 X127.601 Y137.056 E.03157
G1 X129.148 Y136.63 E.03156
G1 X130.735 Y136.388 E.03158
G1 X132.339 Y136.334 E.03157
G1 X133.939 Y136.467 E.03158
G1 X135.511 Y136.787 E.03155
G1 X137.036 Y137.289 E.03158
G1 X138.491 Y137.966 E.03156
G1 X139.935 Y138.871 E.03352
G1 X141.12 Y139.81 E.02974
G1 X161.139 Y157.679 E.5278
G1 X162.217 Y158.519 E.02688
G1 X163.404 Y159.213 E.02704
G1 X164.684 Y159.745 E.02726
G1 X165.365 Y159.927 E.01386
G1 X166.012 Y160.099 E.01317
G1 X167.35 Y160.272 E.02654
G1 X168.737 Y160.267 E.02728
G1 X170.098 Y160.078 E.02703
G1 X171.422 Y159.709 E.02703
G1 X172.685 Y159.168 E.02703
G1 X173.875 Y158.455 E.02729
G1 X174.949 Y157.599 E.02701
G1 X175.885 Y156.626 E.02656
G1 X176.801 Y155.333 E.03117
G1 X177.363 Y154.302 E.0231
G1 X177.854 Y153.018 E.02704
G1 X178.171 Y151.681 E.02703
G1 X178.306 Y150.313 E.02704
G1 X178.257 Y148.928 E.02726
G1 X178.025 Y147.573 E.02704
G1 X177.625 Y146.284 E.02655
G1 X177.042 Y145.026 E.02727
G1 X176.303 Y143.868 E.02702
G1 X175.416 Y142.818 E.02704
G1 X174.398 Y141.895 E.02703
G1 X173.255 Y141.111 E.02726
G1 X172.028 Y140.491 E.02704
G1 X170.754 Y140.046 E.02654
G1 X169.387 Y139.765 E.02745
G1 X168.598 Y139.697 E.01558
G1 X168.293 Y139.388 E.00854
G1 X168.294 Y136.668 E.0535
G1 X168.455 Y136.442 E.00546
G1 X168.674 Y136.306 E.00507
G1 X169.58 Y136.385 E.01789
G1 X171.164 Y136.664 E.03164
G1 X172.701 Y137.126 E.03157
G1 X174.174 Y137.765 E.03158
G1 X175.561 Y138.571 E.03155
G1 X176.845 Y139.535 E.03158
G1 X178.007 Y140.642 E.03157
G1 X179.032 Y141.878 E.03158
G1 X179.904 Y143.225 E.03156
G1 X180.614 Y144.665 E.03158
G1 X181.149 Y146.178 E.03156
G1 X181.504 Y147.743 E.03156
G1 X181.672 Y149.439 E.03352
G1 X181.655 Y150.944 E.0296
G1 X181.448 Y152.536 E.03158
G1 X181.057 Y154.092 E.03156
G1 X180.486 Y155.593 E.03159
G1 X179.743 Y157.016 E.03157
G1 X178.839 Y158.342 E.03157
G1 X177.786 Y159.553 E.03156
G1 X176.598 Y160.633 E.03158
G1 X175.293 Y161.566 E.03155
G1 X173.887 Y162.34 E.03157
G1 X172.399 Y162.944 E.03159
G1 X170.852 Y163.37 E.03156
G1 X169.265 Y163.612 E.03158
G1 X167.661 Y163.666 E.03157
G1 X166.061 Y163.533 E.03158
G1 X164.489 Y163.213 E.03155
G1 X162.964 Y162.711 E.03158
G1 X161.509 Y162.034 E.03156
G1 X160.065 Y161.129 E.03352
G1 X158.88 Y160.19 E.02974
G1 X138.861 Y142.321 E.5278
G1 X137.783 Y141.481 E.02688
G1 X136.596 Y140.787 E.02704
G1 X135.316 Y140.255 E.02726
G1 X133.988 Y139.901 E.02703
G1 X132.65 Y139.728 E.02654
G1 X131.263 Y139.733 E.02728
G1 X129.902 Y139.922 E.02703
G1 X128.578 Y140.291 E.02703
G1 X127.315 Y140.832 E.02703
G1 X126.125 Y141.545 E.02729
G1 X125.051 Y142.401 E.02701
G1 X124.115 Y143.374 E.02656
G1 X123.199 Y144.667 E.03117
G1 X122.637 Y145.698 E.0231
G1 X122.146 Y146.982 E.02704
G1 X121.829 Y148.319 E.02703
G1 X121.694 Y149.687 E.02704
G1 X121.723 Y150.522 E.01643
G1 X121.743 Y151.072 E.01083
G1 X121.975 Y152.427 E.02704
G1 X122.375 Y153.716 E.02655
G1 X122.958 Y154.974 E.02727
G1 X123.697 Y156.132 E.02702
G1 X124.584 Y157.182 E.02704
G1 X125.602 Y158.105 E.02703
G1 X126.745 Y158.889 E.02726
G1 X127.972 Y159.509 E.02704
G1 X129.246 Y159.954 E.02654
G1 X130.613 Y160.235 E.02745
G1 X131.363 Y160.299 E.01481
G1 E-1 F1200
G1 X127.306 Y162.111 F9000
G1 E1 F1500
;TYPE:Sparse infill
;WIDTH:0.42
G1 F7200
G1 X126.144 Y161.607 E.02492
G1 X125.876 Y161.451 E.0061
G1 X125.817 Y160.538 E.018
G1 X126.701 Y159.653 E.0246
G1 X126.382 Y159.492 E.00703
G1 X125.182 Y158.668 E.02862
G1 X125.018 Y158.52 E.00436
G1 X124.408 Y159.129 E.01695
G1 X122.653 Y159.016 E.0346
G1 X122.508 Y158.878 E.00395
G1 X121.629 Y157.818 E.02707
G1 E-1 F1200
G1 X121.917 Y154.402 F9000
G1 E1 F1500
G1 F7200
G1 X121.744 Y154.029 E.00809
G1 X121.395 Y152.917 E.02292
G1 X119.83 Y154.482 E.04353
G1 X119.527 Y153.627 E.01784
G1 X119.22 Y152.274 E.02727
G1 X119.989 Y151.505 E.02139
G1 X119.795 Y148.495 E.05934
G1 X121.398 Y146.892 E.04457
G1 X121.451 Y146.896 E.00105
G1 X121.491 Y146.725 E.00345
G1 X122.016 Y145.369 E.02859
G1 X122.716 Y144.093 E.02862
G1 X123.578 Y142.921 E.02862
G1 X124.549 Y141.909 E.02758
G1 X125.725 Y140.966 E.02967
G1 X127.043 Y140.184 E.03015
G1 X128.31 Y139.641 E.02709
G1 X129.734 Y139.24 E.02912
G1 X131.266 Y139.03 E.0304
G1 X132.004 Y139.028 E.01453
G1 X131.877 Y137.053 E.03894
G1 X130.8 Y137.089 E.0212
G1 X129.295 Y137.318 E.02995
G1 X127.827 Y137.722 E.02995
G1 X126.416 Y138.295 E.02995
G1 X125.952 Y138.551 E.01042
G1 X126.011 Y139.462 E.01796
G1 X124.408 Y141.065 E.04457
G1 X122.703 Y140.955 E.03361
G1 X121.718 Y142.088 E.02953
G1 X120.861 Y143.346 E.02995
G1 X120.156 Y144.696 E.02995
G1 X119.97 Y145.185 E.0103
G1 X119.989 Y145.484 E.00589
G1 X119.775 Y145.698 E.00597
G1 X119.615 Y146.119 E.00885
G1 X119.34 Y147.212 E.02217
G1 E-1 F1200
G1 X136.552 Y137.87 F9000
G1 E1 F1500
G1 F7200
G1 X136.777 Y137.944 E.00465
G1 X137.993 Y138.51 E.02637
G1 X138.054 Y139.462 E.01878
G1 X137.192 Y140.325 E.02398
G1 X138.148 Y140.88 E.02176
G1 X138.883 Y141.45 E.01828
G1 X139.462 Y140.871 E.0161
G1 X141.393 Y140.995 E.03805
G1 X143.932 Y143.262 E.06695
G1 X144.076 Y145.484 E.0438
G1 X143.784 Y145.775 E.0081
G1 X145.273 Y147.103 E.03924
G1 X145.484 Y146.892 E.00588
G1 X148.195 Y147.067 E.05344
G1 X149.91 Y148.597 E.0452
G1 X150.09 Y151.404 E.05531
G1 X151.804 Y152.933 E.04518
G1 X154.516 Y153.108 E.05345
G1 X154.727 Y152.897 E.00586
G1 X156.215 Y154.226 E.03924
G1 X155.924 Y154.516 E.00808
G1 X156.068 Y156.738 E.0438
G1 X158.607 Y159.005 E.06695
G1 X160.538 Y159.129 E.03805
G1 X161.117 Y158.55 E.01613
G1 X161.852 Y159.119 E.01828
G1 X162.808 Y159.675 E.02176
G1 X161.946 Y160.538 E.02399
G1 X162.007 Y161.49 E.01878
G1 X163.223 Y162.056 E.02637
G1 X163.448 Y162.13 E.00465
G1 E-1 F1200
G1 X180.66 Y152.788 F9000
G1 E1 F1500
G1 F7200
G1 X180.385 Y153.881 E.02217
G1 X180.225 Y154.301 E.00885
G1 X180.011 Y154.516 E.00597
G1 X180.03 Y154.815 E.00589
G1 X179.844 Y155.304 E.0103
G1 X179.139 Y156.654 E.02995
G1 X178.282 Y157.912 E.02995
G1 X177.297 Y159.045 E.02953
G1 X175.592 Y158.935 E.03361
G1 X173.989 Y160.538 E.04457
G1 X174.048 Y161.449 E.01796
G1 X173.584 Y161.705 E.01042
G1 X172.173 Y162.278 E.02995
G1 X170.705 Y162.682 E.02995
G1 X169.2 Y162.911 E.02995
G1 X168.123 Y162.948 E.0212
G1 X167.996 Y160.972 E.03894
G1 X168.757 Y160.97 E.01498
G1 X170.266 Y160.76 E.02995
G1 X171.605 Y160.388 E.02734
G1 X173.026 Y159.782 E.03039
G1 X174.307 Y159.009 E.02942
G1 X175.413 Y158.128 E.02782
G1 X176.396 Y157.109 E.02784
G1 X177.284 Y155.907 E.0294
G1 X177.984 Y154.631 E.02863
G1 X178.556 Y153.105 E.03205
G1 X178.602 Y153.108 E.00092
G1 X180.205 Y151.505 E.04457
G1 X180.011 Y148.495 E.05934
G1 X180.78 Y147.726 E.02139
M73 P86 R1
G1 X180.473 Y146.373 E.02727
G1 X180.17 Y145.518 E.01784
G1 X178.608 Y147.081 E.04345
G1 X178.284 Y146.04 E.02143
G1 X178.08 Y145.598 E.00959
G1 E-1 F1200
G1 X178.371 Y142.182 F9000
G1 E1 F1500
G1 F7200
G1 X177.492 Y141.122 E.02707
G1 X177.347 Y140.984 E.00395
G1 X175.592 Y140.871 E.0346
G1 X174.98 Y141.482 E.01701
G1 X174.791 Y141.313 E.00499
G1 X173.618 Y140.508 E.02798
G1 X173.299 Y140.346 E.00703
G1 X174.183 Y139.462 E.02459
G1 X174.124 Y138.549 E.018
G1 X173.856 Y138.393 E.0061
G1 X172.694 Y137.889 E.02492
; stop printing object s+hook+20mm id:0 copy 0
M106 S51
;LAYER_CHANGE
;Z:3.6
;HEIGHT:0.12
;_SET_FAN_SPEED_CHANGING_LAYER
; printing object s+hook+20mm id:0 copy 0
G1 E-1 F1200
G1 X131.22 Y162.665 Z3.6 F9000
G1 E1 F1500
;TYPE:Inner wall
;WIDTH:0.419999
G1 F7200
G1 X131.219 Y163.192 E.01037
G1 X130.695 Y163.149 E.01034
G1 E-1 F1200
G1 X169.305 Y136.851 F9000
G1 E1 F1500
G1 F7200
G1 X168.781 Y136.808 E.01034
G1 X168.78 Y137.335 E.01037
G1 E-1 F1200
G1 X168.493 Y139.621 F9000
G1 E1 F1500
;TYPE:Outer wall
G1 F6000
G1 X168.367 Y139.485 E.00365
G1 X168.375 Y136.549 E.05775
G1 X168.547 Y136.385 E.00467
G1 X169.571 Y136.464 E.0202
G1 X171.145 Y136.742 E.03144
G1 X172.674 Y137.201 E.0314
G1 X174.138 Y137.836 E.03139
G1 X175.517 Y138.638 E.03138
G1 X176.793 Y139.596 E.03138
G1 X177.949 Y140.697 E.0314
G1 X178.967 Y141.925 E.03137
G1 X179.835 Y143.264 E.03139
G1 X180.54 Y144.696 E.03139
G1 X181.072 Y146.2 E.03138
G1 X181.425 Y147.756 E.03138
G1 X181.592 Y149.438 E.03325
G1 X181.575 Y150.938 E.02951
G1 X181.369 Y152.521 E.0314
G1 X180.98 Y154.068 E.03138
G1 X180.413 Y155.56 E.03139
G1 X179.675 Y156.974 E.03137
G1 X178.776 Y158.293 E.0314
G1 X177.729 Y159.497 E.03138
G1 X176.548 Y160.571 E.0314
G1 X175.25 Y161.498 E.03137
G1 X173.852 Y162.268 E.03139
G1 X172.374 Y162.868 E.03137
G1 X170.835 Y163.292 E.0314
G1 X169.258 Y163.532 E.03138
G1 X167.663 Y163.586 E.03139
G1 X166.073 Y163.453 E.03138
G1 X164.509 Y163.135 E.03139
G1 X162.993 Y162.636 E.03139
G1 X162.024 Y162.185 E.02102
G1 X161.466 Y161.913 E.01221
G1 X160.189 Y161.125 E.02951
G1 X158.933 Y160.13 E.03152
G1 X138.914 Y142.261 E.5278
G1 X137.828 Y141.414 E.02709
G1 X136.632 Y140.716 E.02724
G1 X135.342 Y140.179 E.02748
G1 X134.004 Y139.822 E.02724
G1 X132.655 Y139.648 E.02675
G1 X131.257 Y139.653 E.0275
G1 X129.886 Y139.844 E.02723
G1 X128.551 Y140.215 E.02725
G1 X127.278 Y140.761 E.02724
G1 X126.08 Y141.479 E.02747
G1 X124.997 Y142.342 E.02724
G1 X124.054 Y143.322 E.02675
G1 X123.129 Y144.628 E.03148
G1 X122.564 Y145.665 E.02323
G1 X122.069 Y146.958 E.02723
G1 X121.75 Y148.306 E.02725
G1 X121.614 Y149.684 E.02724
G1 X121.664 Y151.08 E.02748
G1 X121.77 Y151.708 E.01253
G1 X121.897 Y152.445 E.01471
G1 X122.3 Y153.745 E.02677
G1 X122.887 Y155.012 E.02747
G1 X123.632 Y156.18 E.02725
G1 X124.526 Y157.238 E.02724
G1 X125.553 Y158.168 E.02725
G1 X126.705 Y158.958 E.02747
G1 X127.94 Y159.583 E.02722
G1 X129.225 Y160.031 E.02677
G1 X130.605 Y160.315 E.02771
G1 X131.507 Y160.379 E.01779
G1 X131.633 Y160.515 E.00365
G1 X131.625 Y163.455 E.05783
G1 X131.449 Y163.615 E.00468
G1 X130.429 Y163.536 E.02012
G1 X128.855 Y163.258 E.03144
G1 X127.326 Y162.799 E.0314
G1 X125.862 Y162.164 E.03139
G1 X124.483 Y161.362 E.03138
G1 X123.207 Y160.404 E.03138
G1 X122.051 Y159.303 E.0314
G1 X121.033 Y158.075 E.03137
G1 X120.165 Y156.736 E.03139
G1 X119.46 Y155.304 E.03139
G1 X118.928 Y153.8 E.03138
G1 X118.575 Y152.244 E.03138
G1 X118.407 Y150.657 E.03139
G1 X118.425 Y149.062 E.03137
G1 X118.631 Y147.479 E.0314
G1 X119.02 Y145.932 E.03138
G1 X119.587 Y144.44 E.03139
G1 X120.325 Y143.026 E.03137
G1 X121.224 Y141.707 E.0314
G1 X122.271 Y140.503 E.03138
G1 X123.452 Y139.429 E.0314
G1 X124.75 Y138.502 E.03137
G1 X126.148 Y137.732 E.03139
G1 X127.626 Y137.132 E.03137
G1 X129.165 Y136.708 E.0314
G1 X130.742 Y136.468 E.03138
G1 X132.337 Y136.414 E.03139
G1 X133.927 Y136.547 E.03138
G1 X135.491 Y136.865 E.03139
G1 X137.007 Y137.364 E.03139
G1 X137.976 Y137.815 E.02102
G1 X138.534 Y138.087 E.01221
G1 X139.811 Y138.875 E.02951
G1 X141.067 Y139.87 E.03152
G1 X161.086 Y157.739 E.5278
G1 X162.172 Y158.586 E.02709
G1 X163.368 Y159.284 E.02724
G1 X164.658 Y159.821 E.02748
G1 X165.996 Y160.178 E.02724
G1 X167.345 Y160.352 E.02675
G1 X168.743 Y160.347 E.0275
G1 X170.114 Y160.156 E.02723
G1 X171.449 Y159.785 E.02725
G1 X172.722 Y159.239 E.02724
G1 X173.92 Y158.521 E.02747
G1 X175.003 Y157.658 E.02724
G1 X175.946 Y156.678 E.02675
G1 X176.871 Y155.372 E.03148
G1 X177.436 Y154.335 E.02323
G1 X177.931 Y153.042 E.02723
G1 X178.25 Y151.694 E.02725
G1 X178.386 Y150.316 E.02724
G1 X178.336 Y148.92 E.02748
G1 X178.103 Y147.555 E.02724
G1 X177.7 Y146.255 E.02677
G1 X177.113 Y144.988 E.02747
G1 X176.368 Y143.82 E.02725
G1 X175.474 Y142.762 E.02724
G1 X174.447 Y141.832 E.02725
G1 X173.295 Y141.042 E.02747
G1 X172.06 Y140.417 E.02722
G1 X170.775 Y139.969 E.02677
G1 X169.395 Y139.685 E.02771
G1 X168.533 Y139.624 E.017
G1 E-1 F1200
G1 X180.153 Y149.409 F9000
G1 E1 F1500
;TYPE:Sparse infill
;WIDTH:0.42
G1 F7200
G1 X179.993 Y151.505 E.04135
G1 X179.629 Y151.869 E.01011
G1 E-1 F1200
G1 X176.042 Y159.113 F9000
G1 E1 F1500
G1 F7200
G1 X175.592 Y159.147 E.00889
G1 X174.416 Y160.323 E.03269
G1 E-1 F1200
G1 X125.584 Y139.677 F9000
G1 E1 F1500
G1 F7200
G1 X124.408 Y140.853 E.03269
G1 X123.958 Y140.887 E.00889
G1 E-1 F1200
G1 X120.371 Y148.131 F9000
G1 E1 F1500
G1 F7200
G1 X120.007 Y148.495 E.01011
G1 X119.844 Y150.625 E.04203
; stop printing object s+hook+20mm id:0 copy 0
; FIBER RESERVE: mode=band strands=1 removed=6
M400
G1 E-10 F1200
MOVE_TO_BRUSH_STATION
CLEAN_NOZZLE
M104 S150 T1 ; standby
M104 S270 T0 ; pre-charge
M109 S270 T0
MOVE_OUT_BRUSH_STATION
M106 P2 S175 ; fibre-side cooling, fan4, owned by T0 (depositing)
M106 P1 S0 ; part-cooling, fan3, owned by T1 (idle)
M106 P3 S255 ; auxiliary fan on while T0 deposits
M106 P5 S255 ; exhaust fan on while T0 deposits
T0 ; switch extruder type to:FIBER
; LAYER:29 [3.60]
M1001 L233
G1 F1200 Z4.80
G1 X155.43 Y153.90 F1200
G1 F1200 U55.000 ; Extrude restart
M73 P87 R1
G1 F1200 Z3.60
G1 F600 V1.000 ; Recover matrix retract
G1 F600 V3.000 ; Matrix prime
G1 X160.51 Y158.43 V0.227 U6.674 P0.034 F300
G1 X161.08 Y158.88 V0.024 U0.720 P0.034 F300
G1 X161.68 Y159.32 V0.024 U0.718 P0.034 F300
G1 X162.30 Y159.71 V0.024 U0.718 P0.034 F300
G1 X162.31 Y159.72 V0.001 U0.019 P0.034 F300
G1 X162.98 Y160.07 V0.025 U0.737 P0.034 F300
G1 X163.66 Y160.39 V0.025 U0.737 P0.034 F300
G1 X164.37 Y160.66 V0.025 U0.749 P0.034 F300
G1 X165.09 Y160.87 V0.025 U0.736 P0.034 F300
G1 X165.83 Y161.04 V0.025 U0.736 P0.034 F300
G1 X166.56 Y161.16 V0.025 U0.724 P0.034 F300
G1 X167.29 Y161.23 V0.025 U0.724 P0.034 F300
G1 X168.03 Y161.25 V0.025 U0.724 P0.034 F300
G1 X168.05 Y161.25 V0.001 U0.024 P0.034 F600
G1 X168.81 Y161.23 V0.025 U0.737 P0.034 F600
G1 X169.55 Y161.15 V0.025 U0.737 P0.034 F600
G1 X170.29 Y161.02 V0.025 U0.737 P0.034 F600
G1 X171.02 Y160.84 V0.025 U0.737 P0.034 F600
G1 X171.74 Y160.62 V0.025 U0.737 P0.034 F600
G1 X172.44 Y160.34 V0.025 U0.737 P0.034 F600
G1 X173.12 Y160.02 V0.025 U0.737 P0.034 F600
G1 X173.78 Y159.66 V0.025 U0.737 P0.034 F600
G1 X174.42 Y159.25 V0.025 U0.749 P0.034 F600
G1 X175.03 Y158.80 V0.025 U0.736 P0.034 F600
G1 X175.60 Y158.31 V0.025 U0.736 P0.034 F600
G1 X176.13 Y157.79 V0.025 U0.728 P0.034 F600
G1 X176.62 Y157.24 V0.025 U0.728 P0.034 F600
G1 X177.07 Y156.65 V0.025 U0.728 P0.034 F600
G1 X177.27 Y156.38 V0.011 U0.324 P0.034 F600
G1 X177.62 Y155.84 V0.022 U0.633 P0.034 F600
G1 X177.95 Y155.28 V0.022 U0.633 P0.034 F600
G1 X178.24 Y154.71 V0.022 U0.633 P0.034 F600
G1 X178.49 Y154.11 V0.022 U0.633 P0.034 F600
G1 X178.53 Y154.01 V0.004 U0.104 P0.034 F600
G1 X178.77 Y153.30 V0.025 U0.737 P0.034 F600
G1 X178.97 Y152.58 V0.025 U0.737 P0.034 F600
G1 X179.12 Y151.84 V0.025 U0.737 P0.034 F600
G1 X179.22 Y151.09 V0.025 U0.737 P0.034 F600
G1 X179.27 Y150.34 V0.025 U0.737 P0.034 F600
G1 X179.27 Y149.59 V0.025 U0.737 P0.034 F600
G1 X179.21 Y148.83 V0.025 U0.749 P0.034 F600
G1 X179.11 Y148.09 V0.025 U0.736 P0.034 F600
G1 X178.96 Y147.35 V0.025 U0.736 P0.034 F600
G1 X178.77 Y146.64 V0.025 U0.724 P0.034 F600
G1 X178.52 Y145.94 V0.025 U0.724 P0.034 F600
G1 X178.23 Y145.26 V0.025 U0.724 P0.034 F600
G1 X178.22 Y145.24 V0.001 U0.024 P0.034 F600
G1 X177.89 Y144.56 V0.025 U0.737 P0.034 F600
G1 X177.50 Y143.92 V0.025 U0.737 P0.034 F600
G1 X177.08 Y143.30 V0.025 U0.737 P0.034 F600
G1 X176.61 Y142.71 V0.025 U0.737 P0.034 F600
G1 X176.11 Y142.15 V0.025 U0.737 P0.034 F600
G1 X175.57 Y141.63 V0.025 U0.737 P0.034 F600
G1 X174.99 Y141.14 V0.025 U0.737 P0.034 F600
G1 X174.39 Y140.69 V0.025 U0.737 P0.034 F600
G1 X173.74 Y140.28 V0.025 U0.749 P0.034 F600
G1 X173.09 Y139.92 V0.025 U0.736 P0.034 F600
G1 X172.40 Y139.61 V0.025 U0.736 P0.034 F600
G1 X171.72 Y139.34 V0.025 U0.724 P0.034 F600
M73 P88 R1
G1 X171.01 Y139.12 V0.025 U0.724 P0.034 F600
G1 X170.29 Y138.95 V0.025 U0.724 P0.034 F600
G1 X169.64 Y138.81 V0.022 U0.652 P0.034 F600
G1 X169.52 Y138.79 V0.004 U0.120 P0.034 F600
G1 X169.40 Y138.78 V0.004 U0.120 P0.034 F600
G1 X169.27 Y138.77 V0.004 U0.121 P0.034 F600
G1 X169.28 Y137.35 V0.047 U1.393 P0.034 F600
G1 X169.37 Y137.36 V0.003 U0.088 P0.034 F600
G1 X169.46 Y137.36 V0.003 U0.088 P0.034 F600
G1 X169.55 Y137.38 V0.003 U0.088 P0.034 F600
G1 X170.24 Y137.50 V0.024 U0.693 P0.034 F600
G1 X170.93 Y137.64 V0.023 U0.690 P0.034 F600
G1 X171.61 Y137.83 V0.023 U0.690 P0.034 F600
G1 X171.69 Y137.85 V0.003 U0.078 P0.034 F600
G1 X172.36 Y138.07 V0.023 U0.690 P0.034 F600
G1 X173.01 Y138.33 V0.023 U0.690 P0.034 F600
G1 X173.08 Y138.36 V0.003 U0.078 P0.034 F600
G1 X173.72 Y138.66 V0.023 U0.689 P0.034 F600
G1 X174.34 Y139.00 V0.023 U0.689 P0.034 F600
G1 X174.41 Y139.04 V0.003 U0.079 P0.034 F600
G1 X175.01 Y139.41 V0.023 U0.690 P0.034 F600
G1 X175.58 Y139.82 V0.023 U0.690 P0.034 F600
G1 X175.64 Y139.86 V0.003 U0.078 P0.034 F600
G1 X176.19 Y140.30 V0.023 U0.690 P0.034 F600
G1 X176.72 Y140.77 V0.023 U0.690 P0.034 F600
G1 X176.78 Y140.83 V0.003 U0.078 P0.034 F600
G1 X177.27 Y141.33 V0.023 U0.690 P0.034 F600
G1 X177.74 Y141.86 V0.023 U0.690 P0.034 F600
G1 X177.79 Y141.92 V0.003 U0.079 P0.034 F600
G1 X178.22 Y142.47 V0.023 U0.690 P0.034 F600
G1 X178.62 Y143.05 V0.023 U0.690 P0.034 F600
G1 X178.66 Y143.12 V0.003 U0.078 P0.034 F600
G1 X179.03 Y143.72 V0.023 U0.690 P0.034 F600
G1 X179.36 Y144.34 V0.023 U0.690 P0.034 F600
G1 X179.39 Y144.42 V0.003 U0.078 P0.034 F600
G1 X179.69 Y145.06 V0.023 U0.690 P0.034 F600
G1 X179.94 Y145.71 V0.023 U0.690 P0.034 F600
G1 X179.97 Y145.79 V0.003 U0.078 P0.034 F600
G1 X180.18 Y146.46 V0.023 U0.690 P0.034 F600
G1 X180.36 Y147.14 V0.023 U0.690 P0.034 F600
G1 X180.37 Y147.18 V0.001 U0.038 P0.034 F600
G1 X180.51 Y147.91 V0.025 U0.727 P0.034 F600
G1 X180.60 Y148.64 V0.025 U0.727 P0.034 F600
G1 X180.62 Y148.82 V0.006 U0.172 P0.034 F600
G1 X180.67 Y149.48 V0.022 U0.651 P0.034 F600
G1 X180.68 Y150.14 V0.022 U0.651 P0.034 F600
G1 X180.68 Y150.18 V0.001 U0.033 P0.034 F600
G1 X180.65 Y150.87 V0.023 U0.684 P0.034 F600
G1 X180.58 Y151.57 V0.023 U0.684 P0.034 F600
G1 X180.57 Y151.65 V0.003 U0.084 P0.034 F600
G1 X180.46 Y152.35 V0.023 U0.690 P0.034 F600
G1 X180.31 Y153.04 V0.023 U0.690 P0.034 F600
G1 X180.29 Y153.11 V0.003 U0.078 P0.034 F600
G1 X180.10 Y153.79 V0.023 U0.690 P0.034 F600
G1 X179.87 Y154.46 V0.023 U0.690 P0.034 F600
G1 X179.84 Y154.53 V0.003 U0.078 P0.034 F600
G1 X179.57 Y155.18 V0.023 U0.690 P0.034 F600
G1 X179.26 Y155.81 V0.023 U0.690 P0.034 F600
G1 X179.22 Y155.88 V0.003 U0.078 P0.034 F600
G1 X178.88 Y156.50 V0.023 U0.690 P0.034 F600
G1 X178.50 Y157.09 V0.023 U0.690 P0.034 F600
G1 X178.46 Y157.16 V0.003 U0.078 P0.034 F600
G1 X178.04 Y157.73 V0.023 U0.690 P0.034 F600
G1 X177.60 Y158.27 V0.023 U0.690 P0.034 F600
G1 X177.54 Y158.33 V0.003 U0.078 P0.034 F600
G1 X177.07 Y158.85 V0.023 U0.690 P0.034 F600
G1 X176.56 Y159.34 V0.023 U0.690 P0.034 F600
G1 X176.50 Y159.39 V0.003 U0.078 P0.034 F600
G1 X175.97 Y159.85 V0.023 U0.690 P0.034 F600
G1 X175.41 Y160.28 V0.023 U0.690 P0.034 F600
G1 X175.34 Y160.32 V0.003 U0.079 P0.034 F600
G1 X174.76 Y160.71 V0.023 U0.690 P0.034 F600
G1 X174.15 Y161.07 V0.023 U0.690 P0.034 F600
G1 X174.08 Y161.11 V0.003 U0.078 P0.034 F600
G1 X173.45 Y161.43 V0.023 U0.690 P0.034 F600
G1 X172.81 Y161.72 V0.023 U0.690 P0.034 F600
G1 X172.74 Y161.75 V0.003 U0.078 P0.034 F600
G1 X172.08 Y161.99 V0.023 U0.690 P0.034 F600
G1 X171.40 Y162.20 V0.023 U0.690 P0.034 F600
G1 X171.33 Y162.22 V0.003 U0.078 P0.034 F600
G1 X170.64 Y162.39 V0.023 U0.690 P0.034 F600
G1 X169.95 Y162.51 V0.023 U0.690 P0.034 F600
G1 X169.87 Y162.52 V0.003 U0.078 P0.034 F600
G1 X169.17 Y162.61 V0.023 U0.690 P0.034 F600
G1 X168.47 Y162.65 V0.023 U0.690 P0.034 F600
G1 X168.39 Y162.66 V0.003 U0.078 P0.034 F600
G1 X167.69 Y162.66 V0.023 U0.690 P0.034 F600
G1 X166.98 Y162.62 V0.023 U0.690 P0.034 F600
G1 X166.90 Y162.62 V0.003 U0.078 P0.034 F600
G1 X166.20 Y162.54 V0.023 U0.690 P0.034 F600
G1 X165.51 Y162.42 V0.023 U0.690 P0.034 F600
G1 X165.43 Y162.40 V0.003 U0.078 P0.034 F600
G1 X164.75 Y162.24 V0.023 U0.690 P0.034 F600
G1 X164.07 Y162.04 V0.023 U0.690 P0.034 F600
G1 X163.81 Y161.95 V0.009 U0.275 P0.034 F600
G1 X163.33 Y161.78 V0.017 U0.493 P0.034 F600
G1 X162.87 Y161.58 V0.017 U0.493 P0.034 F600
G1 X162.41 Y161.37 V0.017 U0.494 P0.034 F600
M104 S250 T1 ; FS_PREHEAT next_tool=1 lead_s=15
G1 X162.16 Y161.24 V0.009 U0.278 P0.034 F600
G1 X161.91 Y161.11 V0.009 U0.278 P0.034 F600
G1 X161.66 Y160.97 V0.009 U0.278 P0.034 F600
G1 X161.31 Y160.75 V0.014 U0.409 P0.034 F600
G1 X160.72 Y160.37 V0.023 U0.686 P0.034 F600
G1 X160.16 Y159.95 V0.023 U0.686 P0.034 F600
G1 X159.52 Y159.44 V0.027 U0.804 P0.034 F600
G1 X139.49 Y141.57 V0.894 U26.301 P0.034 F600
G1 X138.92 Y141.12 V0.024 U0.720 P0.034 F600
M73 P89 R1
G1 X138.32 Y140.68 V0.024 U0.718 P0.034 F600
G1 X137.70 Y140.29 V0.024 U0.718 P0.034 F600
G1 X137.69 Y140.28 V0.001 U0.019 P0.034 F600
G1 X137.02 Y139.93 V0.025 U0.737 P0.034 F600
G1 X136.34 Y139.61 V0.025 U0.737 P0.034 F600
G1 X135.63 Y139.34 V0.025 U0.749 P0.034 F600
G1 X134.91 Y139.13 V0.025 U0.736 P0.034 F600
G1 X134.17 Y138.96 V0.025 U0.736 P0.034 F600
G1 X133.44 Y138.84 V0.025 U0.724 P0.034 F600
G1 X132.71 Y138.77 V0.025 U0.724 P0.034 F600
G1 X131.97 Y138.75 V0.025 U0.724 P0.034 F600
G1 X131.95 Y138.75 V0.001 U0.024 P0.034 F600
G1 X131.19 Y138.77 V0.025 U0.737 P0.034 F600
G1 X130.45 Y138.85 V0.025 U0.737 P0.034 F600
G1 X129.71 Y138.98 V0.025 U0.737 P0.034 F600
G1 X128.98 Y139.16 V0.025 U0.737 P0.034 F600
G1 X128.26 Y139.38 V0.025 U0.737 P0.034 F600
G1 X127.56 Y139.66 V0.025 U0.737 P0.034 F600
G1 X126.88 Y139.98 V0.025 U0.737 P0.034 F600
G1 X126.22 Y140.34 V0.025 U0.737 P0.034 F600
G1 X125.58 Y140.75 V0.025 U0.749 P0.034 F600
G1 X124.97 Y141.20 V0.025 U0.736 P0.034 F600
G1 X124.40 Y141.69 V0.025 U0.736 P0.034 F600
G1 X123.87 Y142.21 V0.025 U0.728 P0.034 F600
G1 X123.38 Y142.76 V0.025 U0.728 P0.034 F600
G1 X122.93 Y143.35 V0.025 U0.728 P0.034 F600
G1 X122.73 Y143.62 V0.011 U0.324 P0.034 F600
G1 X122.38 Y144.16 V0.022 U0.633 P0.034 F600
G1 X122.05 Y144.72 V0.022 U0.633 P0.034 F600
G1 X121.76 Y145.29 V0.022 U0.633 P0.034 F600
G1 X121.51 Y145.89 V0.022 U0.633 P0.034 F600
G1 X121.47 Y145.99 V0.004 U0.104 P0.034 F600
G1 X121.23 Y146.70 V0.025 U0.737 P0.034 F600
G1 X121.03 Y147.42 V0.025 U0.737 P0.034 F600
G1 X120.88 Y148.16 V0.025 U0.737 P0.034 F600
G1 X120.78 Y148.91 V0.025 U0.737 P0.034 F600
G1 X120.73 Y149.66 V0.025 U0.737 P0.034 F600
G1 X120.73 Y150.41 V0.025 U0.737 P0.034 F600
G1 X120.75 Y150.82 V0.014 U0.408 P0.034 F600
G1 X120.77 Y151.17 V0.012 U0.341 P0.034 F600
G1 X120.82 Y151.52 V0.012 U0.341 P0.034 F600
G1 X120.88 Y151.86 V0.012 U0.342 P0.034 F600
G1 X120.95 Y152.26 V0.013 U0.396 P0.034 F600
G1 X121.03 Y152.65 V0.013 U0.396 P0.034 F600
G1 X121.14 Y153.04 V0.013 U0.396 P0.034 F600
G1 X121.24 Y153.36 V0.011 U0.329 P0.034 F600
G1 X121.48 Y154.06 V0.025 U0.724 P0.034 F600
G1 X121.77 Y154.74 V0.025 U0.724 P0.034 F600
G1 X121.78 Y154.76 V0.001 U0.024 P0.034 F600
G1 X122.11 Y155.44 V0.025 U0.737 P0.034 F600
G1 X122.50 Y156.08 V0.025 U0.737 P0.034 F600
G1 X122.92 Y156.70 V0.025 U0.737 P0.034 F600
G1 X123.39 Y157.29 V0.025 U0.737 P0.034 F600
G1 X123.89 Y157.85 V0.025 U0.737 P0.034 F600
G1 X124.43 Y158.37 V0.025 U0.737 P0.034 F600
G1 X125.01 Y158.86 V0.025 U0.737 P0.034 F600
G1 X125.61 Y159.31 V0.025 U0.737 P0.034 F600
G1 X126.26 Y159.72 V0.025 U0.749 P0.034 F600
G1 X126.91 Y160.08 V0.025 U0.736 P0.034 F600
G1 X127.60 Y160.39 V0.025 U0.736 P0.034 F600
G1 X128.28 Y160.66 V0.025 U0.724 P0.034 F600
G1 X128.99 Y160.88 V0.025 U0.724 P0.034 F600
G1 X129.71 Y161.05 V0.025 U0.724 P0.034 F600
G1 X130.36 Y161.19 V0.022 U0.652 P0.034 F600
G1 X130.48 Y161.21 V0.004 U0.120 P0.034 F600
G1 X130.60 Y161.22 V0.004 U0.120 P0.034 F600
G1 X130.73 Y161.23 V0.004 U0.121 P0.034 F600
G1 X130.72 Y162.65 V0.047 U1.393 P0.034 F600
G1 X130.63 Y162.64 V0.003 U0.088 P0.034 F600
G1 X130.54 Y162.64 V0.003 U0.088 P0.034 F600
G1 X130.45 Y162.62 V0.003 U0.088 P0.034 F600
G1 X129.76 Y162.50 V0.024 U0.693 P0.034 F600
G1 X129.07 Y162.36 V0.023 U0.690 P0.034 F600
G1 X128.39 Y162.17 V0.023 U0.690 P0.034 F600
G1 X128.31 Y162.15 V0.003 U0.078 P0.034 F600
G1 X127.64 Y161.93 V0.023 U0.690 P0.034 F600
G1 X126.99 Y161.67 V0.023 U0.690 P0.034 F600
G1 X126.92 Y161.64 V0.003 U0.078 P0.034 F600
G1 X126.28 Y161.34 V0.023 U0.689 P0.034 F600
G1 X125.66 Y161.00 V0.023 U0.689 P0.034 F600
G1 X125.59 Y160.96 V0.003 U0.079 P0.034 F600
G1 X124.99 Y160.59 V0.023 U0.690 P0.034 F600
G1 X124.42 Y160.18 V0.023 U0.690 P0.034 F600
G1 X124.36 Y160.14 V0.003 U0.078 P0.034 F600
G1 X123.81 Y159.70 V0.023 U0.690 P0.034 F600
G1 X123.28 Y159.23 V0.023 U0.690 P0.034 F600
G1 X123.22 Y159.17 V0.003 U0.078 P0.034 F600
G1 X122.73 Y158.67 V0.023 U0.690 P0.034 F600
G1 X122.26 Y158.14 V0.023 U0.690 P0.034 F600
G1 X122.21 Y158.08 V0.003 U0.079 P0.034 F600
G1 X121.78 Y157.53 V0.023 U0.689 P0.034 F600
G1 X121.38 Y156.95 V0.023 U0.689 P0.034 F600
G1 X121.34 Y156.88 V0.003 U0.078 P0.034 F600
G1 X120.97 Y156.28 V0.023 U0.690 P0.034 F600
G1 X120.64 Y155.66 V0.023 U0.690 P0.034 F600
G1 X120.61 Y155.58 V0.003 U0.078 P0.034 F600
G1 X120.53 Y155.42 V0.006 U0.180 P0.034 F600
; Start to cut
M2800
M400
;CUT DISTANCE 54.8
G1 X120.31 Y154.94 V0.012 F600
G1 X120.06 Y154.29 V0.017 F600
G1 X119.84 Y153.67 V0.016 F600
G1 X119.80 Y153.55 V0.003 F600
G1 X119.77 Y153.43 V0.003 F600
G1 X119.74 Y153.30 V0.003 F600
G1 X119.61 Y152.70 V0.015 F600
G1 X119.49 Y152.09 V0.015 F600
G1 X119.40 Y151.48 V0.015 F600
G1 X119.39 Y151.32 V0.004 F600
G1 X119.33 Y150.61 V0.017 F600
G1 X119.32 Y149.91 V0.017 F600
G1 X119.32 Y149.83 V0.002 F600
G1 X119.35 Y149.13 V0.017 F600
G1 X119.42 Y148.43 V0.017 F600
G1 X119.43 Y148.35 V0.002 F600
G1 X119.54 Y147.65 V0.017 F600
G1 X119.69 Y146.96 V0.017 F600
G1 X119.71 Y146.89 V0.002 F600
G1 X119.90 Y146.21 V0.017 F600
G1 X120.13 Y145.54 V0.017 F600
G1 X120.16 Y145.47 V0.002 F600
G1 X120.43 Y144.82 V0.017 F600
G1 X120.74 Y144.19 V0.017 F600
G1 X120.78 Y144.12 V0.002 F600
G1 X121.12 Y143.50 V0.017 F600
G1 X121.50 Y142.91 V0.017 F600
G1 X121.54 Y142.84 V0.002 F600
G1 X121.96 Y142.27 V0.017 F600
G1 X122.40 Y141.73 V0.017 F600
G1 X122.46 Y141.67 V0.002 F600
G1 X122.93 Y141.15 V0.017 F600
G1 X123.44 Y140.66 V0.017 F600
M73 P90 R1
G1 X123.50 Y140.61 V0.002 F600
G1 X124.03 Y140.15 V0.017 F600
G1 X124.59 Y139.72 V0.017 F600
G1 X124.66 Y139.68 V0.002 F600
G1 X125.24 Y139.29 V0.017 F600
G1 X125.85 Y138.93 V0.017 F600
G1 X125.92 Y138.89 V0.002 F600
G1 X126.55 Y138.57 V0.017 F600
G1 X127.19 Y138.28 V0.017 F600
G1 X127.26 Y138.25 V0.002 F600
G1 X127.92 Y138.01 V0.017 F600
G1 X128.60 Y137.80 V0.017 F600
G1 X128.67 Y137.78 V0.002 F600
G1 X129.36 Y137.61 V0.017 F600
G1 X130.05 Y137.49 V0.017 F600
G1 X130.13 Y137.48 V0.002 F600
G1 X130.83 Y137.39 V0.017 F600
G1 X131.53 Y137.35 V0.017 F600
G1 X131.61 Y137.34 V0.002 F600
G1 X132.31 Y137.34 V0.017 F600
G1 X133.02 Y137.38 V0.017 F600
G1 X133.10 Y137.38 V0.002 F600
G1 X133.80 Y137.46 V0.017 F600
G1 X134.49 Y137.58 V0.017 F600
G1 X134.57 Y137.60 V0.002 F600
G1 X135.25 Y137.76 V0.017 F600
G1 X135.93 Y137.96 V0.017 F600
G1 X136.19 Y138.05 V0.007 F600
G1 X136.67 Y138.22 V0.012 F600
G1 X137.13 Y138.42 V0.012 F600
G1 X137.59 Y138.63 V0.012 F600
G1 X137.84 Y138.76 V0.007 F600
G1 X138.09 Y138.89 V0.007 F600
G1 X138.34 Y139.03 V0.007 F600
G1 X138.69 Y139.25 V0.010 F600
G1 X139.28 Y139.63 V0.017 F600
G1 X139.84 Y140.05 V0.017 F600
G1 X140.48 Y140.56 V0.020 F600
G1 X155.43 Y153.90 V0.480 F600
; Cutting completed.
G1 F600 V-1.000 ; Retract
; FS_RELEASE_BEGIN length_mm=6.800 speed_mm_s=10.000
G1 X160.498 Y158.427 F600
; FS_RELEASE_END physical_clearance=unmeasured
M1002
M400
G1 F600 V-4.000 ; Toolchange matrix retract
G1 F1200 Z4.20
MOVE_TO_BRUSH_STATION
CLEAN_NOZZLE
M104 S180 T0 ; standby
M104 S250 T1 ; pre-charge
M109 S250 T1
MOVE_OUT_BRUSH_STATION
M106 P2 S0 ; fibre-side cooling, fan4, owned by T0 (idle)
M106 P1 S175 ; part-cooling, fan3, owned by T1 (depositing)
M106 P3 S0 ; auxiliary fan off while T1 deposits
M106 P5 S0 ; exhaust fan off while T1 deposits
T1 ; switch extruder type to:PLASTIC
; FIBER TURNS: 72 joints tighter than 12.00 mm, policy=keep, splits=0
M106 S176
;LAYER_CHANGE
;Z:3.72
;HEIGHT:0.12
;_SET_FAN_SPEED_CHANGING_LAYER
; printing object s+hook+20mm id:0 copy 0
M104 S270 T0 ; FS_PREHEAT next_tool=0 lead_s=15
G1 X131.139 Y160.843 Z3.72 F9000
G1 Z3.72 F9000
G1 E10 F1500
;TYPE:Inner wall
;WIDTH:0.419999
G1 F7200
G1 X131.137 Y163.097 E.04433
G1 X130.486 Y163.051 E.01284
G1 X128.967 Y162.783 E.03034
G1 X127.494 Y162.34 E.03025
G1 X126.083 Y161.728 E.03025
G1 X124.753 Y160.955 E.03026
G1 X123.522 Y160.032 E.03026
G1 X122.408 Y158.97 E.03027
G1 X121.426 Y157.786 E.03026
G1 X120.59 Y156.495 E.03025
G1 X119.91 Y155.115 E.03026
G1 X119.397 Y153.664 E.03027
G1 X119.056 Y152.164 E.03026
G1 X118.894 Y150.634 E.03026
G1 X118.912 Y149.096 E.03025
G1 X119.11 Y147.57 E.03027
G1 X119.485 Y146.078 E.03026
G1 X120.032 Y144.64 E.03026
G1 X120.744 Y143.276 E.03026
G1 X121.611 Y142.005 E.03026
G1 X122.62 Y140.844 E.03025
G1 X123.758 Y139.809 E.03026
G1 X125.01 Y138.915 E.03026
G1 X126.358 Y138.173 E.03027
G1 X127.783 Y137.594 E.03025
G1 X129.267 Y137.186 E.03027
G1 X130.787 Y136.954 E.03024
G1 X132.325 Y136.902 E.03027
G1 X133.858 Y137.03 E.03026
G1 X135.366 Y137.337 E.03027
G1 X136.827 Y137.818 E.03025
G1 X137.772 Y138.258 E.0205
G1 X138.278 Y138.502 E.01105
G1 X139.531 Y139.274 E.02895
G1 X140.751 Y140.241 E.03062
G1 X160.771 Y158.111 E.52783
G1 X161.899 Y158.99 E.02813
G1 X163.151 Y159.721 E.02852
G1 X164.527 Y160.29 E.02929
G1 X165.929 Y160.66 E.02852
G1 X167.288 Y160.836 E.02695
G1 X168.778 Y160.834 E.02931
G1 X170.214 Y160.634 E.02852
G1 X171.611 Y160.245 E.02852
G1 X172.944 Y159.674 E.02852
G1 X174.219 Y158.906 E.02928
G1 X175.351 Y158 E.02852
G1 X176.352 Y156.951 E.02852
G1 X177.162 Y155.845 E.02696
G1 X177.879 Y154.54 E.02929
G1 X178.398 Y153.186 E.02852
G1 X178.731 Y151.775 E.02852
G1 X178.874 Y150.332 E.02852
G1 X178.844 Y149.458 E.0172
G1 X178.818 Y148.843 E.01211
G1 X178.57 Y147.415 E.02851
G1 X178.163 Y146.106 E.02696
G1 X177.541 Y144.753 E.02929
G1 X176.761 Y143.531 E.02851
G1 X175.825 Y142.423 E.02853
G1 X174.75 Y141.449 E.02853
G1 X173.521 Y140.61 E.02927
G1 X172.225 Y139.959 E.02853
G1 X170.931 Y139.507 E.02696
G1 X169.437 Y139.2 E.03
G1 X168.861 Y139.157 E.01136
G1 X168.863 Y136.902 E.04435
G1 X169.508 Y136.948 E.01272
G1 X171.033 Y137.217 E.03046
G1 X172.506 Y137.66 E.03025
G1 X173.917 Y138.272 E.03025
G1 X175.247 Y139.045 E.03026
G1 X176.478 Y139.968 E.03026
G1 X177.592 Y141.03 E.03027
G1 X178.574 Y142.214 E.03026
G1 X179.41 Y143.505 E.03025
G1 X180.09 Y144.885 E.03026
G1 X180.603 Y146.336 E.03027
G1 X180.944 Y147.836 E.03026
G1 X181.105 Y149.432 E.03155
G1 X181.088 Y150.904 E.02895
G1 X180.89 Y152.43 E.03027
G1 X180.515 Y153.922 E.03026
G1 X179.968 Y155.36 E.03026
G1 X179.256 Y156.724 E.03026
G1 X178.389 Y157.995 E.03026
G1 X177.38 Y159.156 E.03025
G1 X176.242 Y160.191 E.03026
G1 X174.99 Y161.085 E.03026
G1 X173.642 Y161.827 E.03027
G1 X172.217 Y162.406 E.03025
G1 X170.733 Y162.814 E.03027
G1 X169.213 Y163.046 E.03024
G1 X167.675 Y163.098 E.03027
G1 X166.142 Y162.97 E.03026
G1 X164.634 Y162.663 E.03027
G1 X163.173 Y162.182 E.03025
G1 X162.228 Y161.742 E.0205
G1 X161.722 Y161.498 E.01105
G1 X160.469 Y160.726 E.02895
G1 X159.249 Y159.759 E.03062
G1 X139.229 Y141.889 E.52783
G1 X138.101 Y141.01 E.02813
G1 X136.849 Y140.279 E.02852
G1 X135.473 Y139.71 E.02929
G1 X134.071 Y139.34 E.02852
G1 X132.712 Y139.164 E.02695
G1 X131.222 Y139.166 E.02931
G1 X129.786 Y139.366 E.02852
G1 X128.389 Y139.755 E.02852
G1 X127.056 Y140.326 E.02852
G1 X125.781 Y141.094 E.02928
G1 X124.649 Y142 E.02852
G1 X123.648 Y143.049 E.02852
G1 X122.838 Y144.155 E.02696
G1 X122.121 Y145.46 E.02929
G1 X121.602 Y146.814 E.02852
G1 X121.269 Y148.225 E.02852
M73 P91 R1
G1 X121.126 Y149.668 E.02852
G1 X121.156 Y150.542 E.0172
G1 X121.182 Y151.157 E.01211
G1 X121.43 Y152.585 E.02851
G1 X121.837 Y153.894 E.02696
G1 X122.459 Y155.247 E.02929
G1 X123.239 Y156.469 E.02851
G1 X124.175 Y157.577 E.02853
G1 X125.25 Y158.551 E.02853
G1 X126.479 Y159.39 E.02927
G1 X127.775 Y160.041 E.02853
G1 X129.069 Y160.493 E.02696
G1 X130.563 Y160.8 E.03
G1 X131.099 Y160.84 E.01057
G1 X131.547 Y160.465 F9000
;TYPE:Outer wall
G1 F6000
G1 X131.543 Y163.533 E.06034
G1 X130.437 Y163.456 E.02181
G1 X128.873 Y163.18 E.03124
G1 X127.354 Y162.723 E.0312
G1 X125.899 Y162.092 E.03119
G1 X124.527 Y161.295 E.03121
G1 X123.259 Y160.343 E.03119
G1 X122.11 Y159.249 E.03121
G1 X121.098 Y158.027 E.03121
G1 X120.235 Y156.696 E.0312
G1 X119.534 Y155.273 E.0312
G1 X119.005 Y153.778 E.03119
G1 X118.654 Y152.231 E.0312
G1 X118.487 Y150.653 E.03121
G1 X118.505 Y149.067 E.0312
G1 X118.709 Y147.494 E.0312
G1 X119.096 Y145.956 E.03119
G1 X119.66 Y144.473 E.03121
G1 X120.394 Y143.067 E.0312
G1 X121.288 Y141.756 E.03121
G1 X122.328 Y140.559 E.03119
G1 X123.502 Y139.492 E.0312
G1 X124.793 Y138.569 E.03122
G1 X126.183 Y137.805 E.0312
G1 X127.652 Y137.208 E.03119
G1 X129.182 Y136.787 E.03121
G1 X130.75 Y136.548 E.0312
G1 X132.335 Y136.494 E.03119
G1 X133.916 Y136.626 E.0312
G1 X135.47 Y136.943 E.0312
G1 X136.977 Y137.439 E.03121
G1 X137.944 Y137.888 E.02097
G1 X138.492 Y138.155 E.01199
G1 X139.765 Y138.941 E.02943
G1 X141.014 Y139.929 E.03132
G1 X161.032 Y157.799 E.5278
G1 X162.127 Y158.652 E.0273
G1 X163.333 Y159.356 E.02747
G1 X164.632 Y159.897 E.02768
G1 X165.981 Y160.257 E.02746
G1 X167.341 Y160.432 E.02697
G1 X168.748 Y160.427 E.02767
G1 X170.131 Y160.235 E.02746
G1 X171.475 Y159.86 E.02744
G1 X172.758 Y159.31 E.02746
G1 X173.966 Y158.587 E.02769
G1 X175.057 Y157.718 E.02743
G1 X176.007 Y156.729 E.02697
G1 X176.941 Y155.41 E.03179
G1 X177.509 Y154.369 E.02333
G1 X178.008 Y153.065 E.02746
G1 X178.329 Y151.707 E.02745
G1 X178.466 Y150.318 E.02745
G1 X178.437 Y149.472 E.01665
G1 X178.416 Y148.911 E.01104
G1 X178.181 Y147.536 E.02744
G1 X177.774 Y146.227 E.02696
G1 X177.183 Y144.949 E.02769
G1 X176.432 Y143.773 E.02745
G1 X175.532 Y142.706 E.02746
G1 X174.497 Y141.769 E.02746
G1 X173.336 Y140.973 E.02769
G1 X172.091 Y140.343 E.02744
G1 X170.797 Y139.891 E.02696
G1 X169.407 Y139.606 E.02791
G1 X168.453 Y139.535 E.01882
G1 X168.457 Y136.466 E.06036
G1 X169.562 Y136.544 E.02179
G1 X171.127 Y136.82 E.03126
G1 X172.646 Y137.277 E.0312
G1 X174.101 Y137.908 E.03119
G1 X175.473 Y138.705 E.03121
G1 X176.741 Y139.657 E.03119
G1 X177.89 Y140.751 E.03121
G1 X178.902 Y141.973 E.03121
G1 X179.765 Y143.304 E.0312
G1 X180.466 Y144.727 E.0312
G1 X180.995 Y146.222 E.03119
G1 X181.346 Y147.769 E.0312
G1 X181.512 Y149.437 E.03297
G1 X181.495 Y150.933 E.02943
G1 X181.291 Y152.506 E.0312
G1 X180.904 Y154.044 E.03119
G1 X180.34 Y155.527 E.03121
G1 X179.606 Y156.933 E.0312
G1 X178.712 Y158.244 E.03121
G1 X177.672 Y159.441 E.03119
G1 X176.498 Y160.508 E.0312
G1 X175.207 Y161.431 E.03122
G1 X173.817 Y162.195 E.0312
G1 X172.348 Y162.792 E.03119
G1 X170.818 Y163.213 E.03121
G1 X169.25 Y163.452 E.0312
G1 X167.665 Y163.506 E.03119
G1 X166.084 Y163.374 E.0312
G1 X164.53 Y163.057 E.0312
G1 X163.023 Y162.561 E.03121
G1 X162.056 Y162.112 E.02097
G1 X161.508 Y161.845 E.01199
G1 X160.235 Y161.059 E.02943
G1 X158.986 Y160.071 E.03132
G1 X138.968 Y142.201 E.5278
G1 X137.873 Y141.348 E.0273
G1 X136.667 Y140.644 E.02747
G1 X135.368 Y140.103 E.02768
G1 X134.019 Y139.743 E.02746
G1 X132.659 Y139.568 E.02697
G1 X131.252 Y139.573 E.02767
G1 X129.869 Y139.765 E.02746
G1 X128.525 Y140.14 E.02744
G1 X127.242 Y140.69 E.02746
G1 X126.034 Y141.413 E.02769
G1 X124.943 Y142.282 E.02743
G1 X123.993 Y143.271 E.02697
G1 X123.059 Y144.59 E.03179
G1 X122.491 Y145.631 E.02333
G1 X121.992 Y146.935 E.02746
G1 X121.671 Y148.293 E.02745
G1 X121.534 Y149.682 E.02745
G1 X121.563 Y150.528 E.01665
G1 X121.584 Y151.089 E.01104
G1 X121.819 Y152.464 E.02744
G1 X122.226 Y153.773 E.02696
G1 X122.817 Y155.051 E.02769
G1 X123.568 Y156.227 E.02745
G1 X124.468 Y157.294 E.02746
G1 X125.503 Y158.231 E.02746
G1 X126.664 Y159.027 E.02769
G1 X127.909 Y159.657 E.02744
G1 X129.203 Y160.109 E.02696
G1 X130.593 Y160.394 E.02791
G1 X131.507 Y160.462 E.01803
G1 E-1 F1200
G1 X127.497 Y162.019 F9000
G1 E1 F1500
;TYPE:Sparse infill
;WIDTH:0.42
G1 F7200
G1 X126.216 Y161.464 E.02745
G1 X126.06 Y161.373 E.00356
G1 X126.241 Y160.538 E.01681
G1 X126.863 Y159.916 E.0173
G1 X126.3 Y159.63 E.01242
G1 X125.109 Y158.813 E.0284
G1 X124.685 Y158.429 E.01126
G1 X124.408 Y158.705 E.00769
G1 X122.902 Y159.033 E.03032
G1 X122.625 Y158.768 E.00754
G1 X121.863 Y157.849 E.02348
G1 E-1 F1200
G1 X121.947 Y154.832 F9000
G1 E1 F1500
G1 F7200
G1 X121.566 Y154.017 E.01769
G1 X121.366 Y153.37 E.01333
G1 X120.219 Y154.516 E.03188
G1 X120.14 Y154.88 E.00732
G1 X119.681 Y153.582 E.02708
G1 X119.349 Y152.116 E.02958
G1 X119.311 Y151.76 E.00704
G1 X119.565 Y151.505 E.00707
G1 X120.219 Y148.495 E.0606
G1 X121.115 Y147.599 E.0249
G1 X121.332 Y146.695 E.01828
G1 X121.833 Y145.385 E.02759
G1 X122.58 Y144.007 E.03083
G1 X123.455 Y142.817 E.02905
G1 X124.519 Y141.72 E.03007
G1 X125.634 Y140.834 E.02801
G1 X126.876 Y140.089 E.02849
G1 X128.256 Y139.49 E.02959
G1 X129.768 Y139.07 E.03086
G1 X131.231 Y138.871 E.02904
G1 X131.737 Y138.868 E.00996
G1 X132.098 Y137.211 E.03336
G1 X132.372 Y137.202 E.0054
G1 X133.816 Y137.323 E.02851
G1 X135.29 Y137.623 E.02958
G1 X136.718 Y138.093 E.02958
G1 X137.816 Y138.604 E.02382
G1 X137.63 Y139.462 E.01727
G1 X137.04 Y140.052 E.01639
G1 X138.238 Y140.748 E.02725
G1 X139.235 Y141.522 E.02483
G1 X139.462 Y141.295 E.00631
G1 X141.091 Y140.941 E.03279
G1 X144.062 Y143.593 E.07833
G1 X143.659 Y145.447 E.03732
G1 X145.701 Y147.269 E.05382
G1 X147.695 Y146.836 E.04015
G1 X150.202 Y149.073 E.06608
G1 X149.798 Y150.927 E.03732
G1 X152.305 Y153.164 E.06608
G1 X154.299 Y152.731 E.04015
G1 X156.341 Y154.553 E.05382
G1 X155.938 Y156.407 E.03732
G1 X158.909 Y159.059 E.07833
G1 X160.538 Y158.705 E.03279
G1 X160.764 Y158.479 E.00629
G1 X161.691 Y159.203 E.02313
G1 X162.96 Y159.948 E.02895
G1 X162.37 Y160.538 E.0164
G1 X162.184 Y161.396 E.01727
G1 X163.282 Y161.907 E.02382
G1 X164.71 Y162.377 E.02958
G1 X166.184 Y162.677 E.02958
G1 X167.682 Y162.802 E.02958
G1 X167.901 Y162.795 E.00431
G1 X168.263 Y161.132 E.03347
G1 X168.769 Y161.129 E.00996
G1 X170.222 Y160.932 E.02884
G1 X171.744 Y160.51 E.03106
G1 X173.124 Y159.911 E.02959
G1 X174.366 Y159.166 E.02849
G1 X175.481 Y158.28 E.02801
G1 X176.545 Y157.182 E.03007
G1 X177.461 Y155.926 E.03058
G1 X178.13 Y154.698 E.0275
G1 X178.662 Y153.322 E.02901
G1 X178.884 Y152.402 E.01863
G1 X179.781 Y151.505 E.02493
G1 X180.435 Y148.495 E.0606
G1 X180.689 Y148.24 E.00707
G1 X180.651 Y147.884 E.00704
G1 X180.319 Y146.418 E.02958
G1 X179.86 Y145.12 E.02708
G1 X179.781 Y145.484 E.00732
G1 X178.632 Y146.633 E.03196
G1 X178.406 Y145.914 E.01483
G1 X178.059 Y145.167 E.01619
G1 E-1 F1200
G1 X178.137 Y142.151 F9000
G1 E1 F1500
G1 F7200
G1 X177.375 Y141.232 E.02348
G1 X177.098 Y140.967 E.00754
G1 X175.592 Y141.295 E.03032
G1 X175.32 Y141.566 E.00755
G1 X174.973 Y141.252 E.0092
G1 X173.7 Y140.371 E.03047
G1 X173.136 Y140.085 E.01243
G1 X173.759 Y139.462 E.01732
G1 X173.94 Y138.627 E.01681
G1 X173.784 Y138.536 E.00356
G1 X172.503 Y137.981 E.02745
G1 E-1 F1200
G1 X178.116 Y157.859 F9000
G1 E1 F1500
G1 F7200
G1 X177.168 Y158.949 E.0284
G1 X177.07 Y159.038 E.00261
G1 X175.592 Y159.36 E.02976
G1 X174.413 Y160.538 E.03277
G1 X174.283 Y161.137 E.01206
G1 X173.515 Y161.56 E.01725
G1 X172.866 Y161.823 E.01377
G1 E-1 F1200
G1 X127.134 Y138.177 F9000
G1 E1 F1500
M73 P92 R1
G1 F7200
G1 X126.485 Y138.44 E.01377
G1 X125.717 Y138.863 E.01725
G1 X125.587 Y139.462 E.01206
G1 X124.408 Y140.64 E.03277
G1 X122.93 Y140.962 E.02976
G1 X122.832 Y141.051 E.00261
G1 X121.884 Y142.141 E.0284
; stop printing object s+hook+20mm id:0 copy 0
M106 S51
;LAYER_CHANGE
;Z:3.84
;HEIGHT:0.12
;_SET_FAN_SPEED_CHANGING_LAYER
; printing object s+hook+20mm id:0 copy 0
G1 E-1 F1200
G1 X130.996 Y161.977 Z3.84 F9000
G1 E1 F1500
;TYPE:Inner wall
;WIDTH:0.419999
G1 F7200
G1 X130.998 Y162.949 E.01912
G1 X130.505 Y162.912 E.00972
M73 P92 R0
G1 X129.992 Y162.821 E.01025
G1 E-1 F1200
G1 X170.008 Y137.179 F9000
G1 E1 F1500
G1 F7200
G1 X169.495 Y137.088 E.01025
G1 X169.002 Y137.051 E.00972
G1 X169.004 Y138.023 E.01912
G1 E-1 F1200
G1 X168.601 Y139.396 F9000
G1 E1 F1500
;TYPE:Outer wall
G1 F6000
G1 X168.593 Y136.611 E.05478
G1 X169.546 Y136.684 E.0188
G1 X171.094 Y136.957 E.03092
G1 X172.598 Y137.409 E.03089
G1 X174.038 Y138.033 E.03087
G1 X175.395 Y138.822 E.03087
G1 X176.651 Y139.764 E.03088
G1 X177.787 Y140.847 E.03087
G1 X178.789 Y142.056 E.03089
G1 X179.643 Y143.373 E.03087
G1 X180.336 Y144.781 E.03087
G1 X180.86 Y146.261 E.03088
G1 X181.207 Y147.792 E.03088
G1 X181.372 Y149.435 E.03248
G1 X181.355 Y150.923 E.02927
G1 X181.153 Y152.48 E.03088
G1 X180.77 Y154.002 E.03087
G1 X180.211 Y155.469 E.03088
G1 X179.485 Y156.861 E.03088
G1 X178.601 Y158.158 E.03087
G1 X177.571 Y159.343 E.03088
G1 X176.409 Y160.399 E.03088
G1 X175.132 Y161.312 E.03088
G1 X173.757 Y162.069 E.03087
G1 X172.303 Y162.659 E.03086
G1 X170.789 Y163.076 E.03089
G1 X169.237 Y163.312 E.03088
G1 X167.668 Y163.365 E.03088
G1 X166.104 Y163.235 E.03087
G1 X164.566 Y162.922 E.03087
G1 X163.075 Y162.431 E.03088
G1 X162.112 Y161.983 E.02089
G1 X161.582 Y161.726 E.01159
G1 X160.315 Y160.944 E.02929
G1 X159.08 Y159.966 E.03099
G1 X139.061 Y142.097 E.5278
G1 X137.951 Y141.231 E.02769
G1 X136.73 Y140.518 E.02781
G1 X135.413 Y139.97 E.02806
G1 X134.047 Y139.606 E.02781
G1 X132.668 Y139.427 E.02735
G1 X131.242 Y139.433 E.02805
G1 X129.841 Y139.628 E.02782
G1 X128.478 Y140.007 E.02783
G1 X127.178 Y140.564 E.02782
G1 X125.954 Y141.297 E.02806
G1 X124.848 Y142.179 E.02782
G1 X123.885 Y143.18 E.02732
G1 X122.936 Y144.523 E.03234
G1 X122.364 Y145.572 E.0235
G1 X121.858 Y146.893 E.02782
G1 X121.533 Y148.27 E.02783
G1 X121.393 Y149.677 E.02781
G1 X121.423 Y150.533 E.01685
G1 X121.444 Y151.103 E.01122
G1 X121.682 Y152.497 E.02782
G1 X122.094 Y153.824 E.02733
G1 X122.694 Y155.119 E.02807
G1 X123.455 Y156.311 E.02782
G1 X124.367 Y157.391 E.0278
G1 X125.416 Y158.341 E.02784
G1 X126.592 Y159.148 E.02805
G1 X127.854 Y159.786 E.02781
G1 X129.166 Y160.244 E.02733
G1 X130.572 Y160.533 E.02823
G1 X131.399 Y160.604 E.01633
G1 X131.407 Y163.389 E.05478
G1 X130.454 Y163.316 E.0188
G1 X128.906 Y163.043 E.03092
G1 X127.402 Y162.591 E.03089
G1 X125.962 Y161.967 E.03087
G1 X124.605 Y161.178 E.03087
G1 X123.349 Y160.236 E.03088
G1 X122.213 Y159.153 E.03087
G1 X121.211 Y157.944 E.03089
G1 X120.357 Y156.627 E.03087
G1 X119.664 Y155.219 E.03087
G1 X119.14 Y153.739 E.03088
G1 X118.793 Y152.208 E.03088
G1 X118.627 Y150.647 E.03088
G1 X118.646 Y149.077 E.03088
G1 X118.847 Y147.52 E.03088
G1 X119.23 Y145.998 E.03087
G1 X119.789 Y144.531 E.03088
G1 X120.515 Y143.139 E.03088
G1 X121.399 Y141.842 E.03087
G1 X122.429 Y140.657 E.03088
G1 X123.591 Y139.601 E.03088
G1 X124.868 Y138.688 E.03088
G1 X126.243 Y137.931 E.03087
G1 X127.697 Y137.341 E.03086
G1 X129.211 Y136.924 E.03089
G1 X130.763 Y136.688 E.03088
G1 X132.332 Y136.635 E.03088
G1 X133.896 Y136.765 E.03087
G1 X135.434 Y137.078 E.03087
G1 X136.925 Y137.569 E.03088
G1 X137.888 Y138.017 E.02089
G1 X138.418 Y138.274 E.01159
G1 X139.685 Y139.056 E.02929
G1 X140.92 Y140.034 E.03099
G1 X160.939 Y157.903 E.5278
G1 X162.049 Y158.769 E.02769
G1 X163.27 Y159.482 E.02781
G1 X164.587 Y160.03 E.02806
G1 X165.954 Y160.394 E.02782
G1 X167.332 Y160.573 E.02733
G1 X168.758 Y160.567 E.02805
G1 X170.159 Y160.372 E.02782
G1 X171.522 Y159.993 E.02783
G1 X172.822 Y159.436 E.02782
G1 X174.046 Y158.703 E.02806
G1 X175.152 Y157.821 E.02782
G1 X176.115 Y156.82 E.02732
G1 X177.064 Y155.477 E.03234
G1 X177.636 Y154.428 E.0235
G1 X178.142 Y153.107 E.02782
G1 X178.467 Y151.731 E.02781
G1 X178.607 Y150.323 E.02783
G1 X178.577 Y149.467 E.01685
G1 X178.556 Y148.897 E.01122
G1 X178.318 Y147.503 E.02782
G1 X177.906 Y146.176 E.02733
G1 X177.306 Y144.881 E.02807
G1 X176.545 Y143.689 E.02782
G1 X175.633 Y142.609 E.0278
G1 X174.584 Y141.659 E.02784
G1 X173.408 Y140.852 E.02805
G1 X172.146 Y140.214 E.02781
G1 X170.834 Y139.756 E.02733
G1 X169.428 Y139.467 E.02823
G1 X168.641 Y139.399 E.01554
; stop printing object s+hook+20mm id:0 copy 0
; FIBER RESERVE: mode=band strands=1 removed=14
M400
G1 E-10 F1200
MOVE_TO_BRUSH_STATION
CLEAN_NOZZLE
M104 S150 T1 ; standby
M104 S270 T0 ; pre-charge
M109 S270 T0
MOVE_OUT_BRUSH_STATION
M106 P2 S175 ; fibre-side cooling, fan4, owned by T0 (depositing)
M106 P1 S0 ; part-cooling, fan3, owned by T1 (idle)
M106 P3 S255 ; auxiliary fan on while T0 deposits
M106 P5 S255 ; exhaust fan on while T0 deposits
T0 ; switch extruder type to:FIBER
; LAYER:31 [3.84]
M1001 L231
G1 F1200 Z5.04
G1 X144.72 Y145.94 F1200
G1 F1200 U55.000 ; Extrude restart
G1 F1200 Z3.84
G1 F600 V1.000 ; Recover matrix retract
G1 F600 V3.000 ; Matrix prime
G1 X139.64 Y141.40 V0.227 U6.674 P0.034 F300
G1 X139.05 Y140.94 V0.025 U0.734 P0.034 F300
M73 P93 R0
G1 X138.45 Y140.50 V0.025 U0.733 P0.034 F300
G1 X137.81 Y140.10 V0.025 U0.733 P0.034 F300
G1 X137.80 Y140.09 V0.001 U0.019 P0.034 F300
G1 X137.12 Y139.73 V0.026 U0.751 P0.034 F300
G1 X136.42 Y139.41 V0.026 U0.751 P0.034 F300
G1 X135.70 Y139.14 V0.026 U0.763 P0.034 F300
G1 X134.96 Y138.91 V0.026 U0.751 P0.034 F300
G1 X134.22 Y138.74 V0.026 U0.751 P0.034 F300
G1 X133.47 Y138.62 V0.025 U0.738 P0.034 F300
G1 X132.72 Y138.55 V0.025 U0.738 P0.034 F300
G1 X131.97 Y138.53 V0.025 U0.738 P0.034 F300
G1 X131.95 Y138.53 V0.001 U0.024 P0.034 F600
G1 X131.18 Y138.55 V0.026 U0.751 P0.034 F600
G1 X130.42 Y138.63 V0.026 U0.751 P0.034 F600
G1 X129.66 Y138.77 V0.026 U0.751 P0.034 F600
G1 X128.92 Y138.95 V0.026 U0.751 P0.034 F600
G1 X128.19 Y139.18 V0.026 U0.751 P0.034 F600
G1 X127.47 Y139.45 V0.026 U0.751 P0.034 F600
G1 X126.78 Y139.78 V0.026 U0.752 P0.034 F600
G1 X126.11 Y140.15 V0.026 U0.751 P0.034 F600
G1 X125.45 Y140.57 V0.026 U0.763 P0.034 F600
G1 X124.84 Y141.03 V0.026 U0.751 P0.034 F600
G1 X124.25 Y141.53 V0.026 U0.751 P0.034 F600
G1 X123.71 Y142.06 V0.025 U0.742 P0.034 F600
G1 X123.21 Y142.62 V0.025 U0.742 P0.034 F600
G1 X122.75 Y143.22 V0.025 U0.742 P0.034 F600
G1 X122.54 Y143.51 V0.012 U0.345 P0.034 F600
G1 X122.18 Y144.05 V0.022 U0.640 P0.034 F600
G1 X121.85 Y144.62 V0.022 U0.640 P0.034 F600
G1 X121.56 Y145.20 V0.022 U0.640 P0.034 F600
G1 X121.31 Y145.80 V0.022 U0.640 P0.034 F600
G1 X121.27 Y145.91 V0.004 U0.111 P0.034 F600
G1 X121.02 Y146.63 V0.026 U0.751 P0.034 F600
G1 X120.82 Y147.37 V0.026 U0.751 P0.034 F600
G1 X120.66 Y148.12 V0.026 U0.751 P0.034 F600
G1 X120.56 Y148.88 V0.026 U0.751 P0.034 F600
G1 X120.53 Y149.19 V0.010 U0.303 P0.034 F600
G1 X120.50 Y149.65 V0.015 U0.449 P0.034 F600
G1 X120.50 Y150.11 V0.015 U0.449 P0.034 F600
G1 X120.52 Y150.57 V0.015 U0.450 P0.034 F600
G1 X120.53 Y150.88 V0.011 U0.309 P0.034 F600
G1 X120.55 Y151.20 V0.011 U0.309 P0.034 F600
G1 X120.60 Y151.51 V0.011 U0.309 P0.034 F600
G1 X120.67 Y151.96 V0.015 U0.454 P0.034 F600
G1 X120.82 Y152.70 V0.025 U0.738 P0.034 F600
G1 X121.02 Y153.43 V0.025 U0.738 P0.034 F600
G1 X121.27 Y154.14 V0.025 U0.738 P0.034 F600
G1 X121.57 Y154.83 V0.025 U0.738 P0.034 F600
G1 X121.58 Y154.86 V0.001 U0.024 P0.034 F600
G1 X121.92 Y155.54 V0.026 U0.751 P0.034 F600
G1 X122.31 Y156.20 V0.026 U0.751 P0.034 F600
G1 X122.75 Y156.83 V0.026 U0.751 P0.034 F600
G1 X123.22 Y157.43 V0.026 U0.751 P0.034 F600
G1 X123.73 Y158.00 V0.026 U0.751 P0.034 F600
G1 X124.28 Y158.54 V0.026 U0.751 P0.034 F600
G1 X124.87 Y159.03 V0.026 U0.751 P0.034 F600
G1 X125.49 Y159.49 V0.026 U0.751 P0.034 F600
G1 X126.14 Y159.91 V0.026 U0.763 P0.034 F600
G1 X126.81 Y160.27 V0.026 U0.751 P0.034 F600
G1 X127.51 Y160.60 V0.026 U0.751 P0.034 F600
G1 X128.21 Y160.87 V0.025 U0.739 P0.034 F600
G1 X128.93 Y161.09 V0.025 U0.739 P0.034 F600
G1 X129.66 Y161.27 V0.025 U0.739 P0.034 F600
G1 X130.42 Y161.42 V0.026 U0.751 P0.034 F600
G1 X130.44 Y161.43 V0.001 U0.027 P0.034 F600
G1 X130.47 Y161.43 V0.001 U0.027 P0.034 F600
G1 X130.50 Y161.43 V0.001 U0.027 P0.034 F600
G1 X130.50 Y161.92 V0.016 U0.476 P0.034 F600
G1 X130.35 Y162.23 V0.011 U0.337 P0.034 F600
G1 X130.02 Y162.32 V0.011 U0.337 P0.034 F600
G1 X129.81 Y162.28 V0.007 U0.213 P0.034 F600
G1 X129.12 Y162.14 V0.023 U0.688 P0.034 F600
G1 X128.44 Y161.96 V0.023 U0.688 P0.034 F600
G1 X128.39 Y161.94 V0.002 U0.054 P0.034 F600
G1 X127.72 Y161.72 V0.023 U0.690 P0.034 F600
G1 X127.07 Y161.46 V0.023 U0.690 P0.034 F600
G1 X127.02 Y161.44 V0.002 U0.053 P0.034 F600
G1 X126.38 Y161.14 V0.023 U0.689 P0.034 F600
G1 X125.76 Y160.80 V0.023 U0.689 P0.034 F600
G1 X125.71 Y160.78 V0.002 U0.053 P0.034 F600
G1 X125.12 Y160.41 V0.023 U0.690 P0.034 F600
G1 X124.54 Y160.00 V0.023 U0.690 P0.034 F600
G1 X124.50 Y159.97 V0.002 U0.053 P0.034 F600
G1 X123.95 Y159.53 V0.023 U0.690 P0.034 F600
G1 X123.42 Y159.06 V0.023 U0.690 P0.034 F600
G1 X123.39 Y159.02 V0.002 U0.053 P0.034 F600
G1 X122.89 Y158.52 V0.023 U0.690 P0.034 F600
G1 X122.43 Y157.99 V0.023 U0.690 P0.034 F600
G1 X122.39 Y157.95 V0.002 U0.053 P0.034 F600
G1 X121.96 Y157.40 V0.023 U0.690 P0.034 F600
G1 X121.56 Y156.82 V0.023 U0.690 P0.034 F600
G1 X121.53 Y156.77 V0.002 U0.053 P0.034 F600
G1 X121.16 Y156.17 V0.023 U0.690 P0.034 F600
G1 X120.83 Y155.55 V0.023 U0.690 P0.034 F600
G1 X120.81 Y155.50 V0.002 U0.053 P0.034 F600
G1 X120.52 Y154.86 V0.023 U0.690 P0.034 F600
G1 X120.26 Y154.20 V0.023 U0.690 P0.034 F600
G1 X120.25 Y154.15 V0.002 U0.053 P0.034 F600
G1 X120.03 Y153.48 V0.023 U0.690 P0.034 F600
G1 X119.85 Y152.80 V0.023 U0.690 P0.034 F600
G1 X119.84 Y152.75 V0.002 U0.053 P0.034 F600
G1 X119.71 Y152.06 V0.023 U0.690 P0.034 F600
G1 X119.61 Y151.36 V0.023 U0.690 P0.034 F600
G1 X119.61 Y151.30 V0.002 U0.053 P0.034 F600
G1 X119.55 Y150.60 V0.023 U0.690 P0.034 F600
G1 X119.54 Y149.90 V0.023 U0.690 P0.034 F600
G1 X119.54 Y149.85 V0.002 U0.053 P0.034 F600
G1 X119.57 Y149.14 V0.023 U0.690 P0.034 F600
G1 X119.64 Y148.44 V0.023 U0.690 P0.034 F600
G1 X119.65 Y148.39 V0.002 U0.053 P0.034 F600
G1 X119.76 Y147.69 V0.023 U0.690 P0.034 F600
G1 X119.91 Y147.01 V0.023 U0.690 P0.034 F600
G1 X119.92 Y146.95 V0.002 U0.053 P0.034 F600
M73 P94 R0
G1 X120.11 Y146.28 V0.023 U0.690 P0.034 F600
G1 X120.34 Y145.61 V0.023 U0.690 P0.034 F600
G1 X120.36 Y145.56 V0.002 U0.053 P0.034 F600
G1 X120.63 Y144.91 V0.023 U0.689 P0.034 F600
G1 X120.94 Y144.28 V0.023 U0.689 P0.034 F600
G1 X120.97 Y144.23 V0.002 U0.053 P0.034 F600
G1 X121.31 Y143.62 V0.023 U0.690 P0.034 F600
G1 X121.69 Y143.02 V0.023 U0.690 P0.034 F600
G1 X121.72 Y142.98 V0.002 U0.053 P0.034 F600
G1 X122.13 Y142.41 V0.023 U0.690 P0.034 F600
G1 X122.58 Y141.86 V0.023 U0.690 P0.034 F600
G1 X122.61 Y141.82 V0.002 U0.053 P0.034 F600
G1 X123.09 Y141.31 V0.023 U0.690 P0.034 F600
G1 X123.60 Y140.82 V0.023 U0.690 P0.034 F600
G1 X123.64 Y140.78 V0.002 U0.053 P0.034 F600
G1 X124.17 Y140.32 V0.023 U0.690 P0.034 F600
G1 X124.73 Y139.90 V0.023 U0.690 P0.034 F600
G1 X124.78 Y139.86 V0.002 U0.053 P0.034 F600
G1 X125.36 Y139.47 V0.023 U0.690 P0.034 F600
G1 X125.97 Y139.12 V0.023 U0.690 P0.034 F600
G1 X126.02 Y139.09 V0.002 U0.053 P0.034 F600
G1 X126.64 Y138.77 V0.023 U0.690 P0.034 F600
G1 X127.29 Y138.48 V0.023 U0.690 P0.034 F600
G1 X127.34 Y138.46 V0.002 U0.053 P0.034 F600
G1 X128.00 Y138.22 V0.023 U0.690 P0.034 F600
G1 X128.67 Y138.01 V0.023 U0.690 P0.034 F600
G1 X128.72 Y138.00 V0.002 U0.053 P0.034 F600
G1 X129.40 Y137.83 V0.023 U0.690 P0.034 F600
G1 X130.10 Y137.70 V0.023 U0.690 P0.034 F600
G1 X130.15 Y137.70 V0.002 U0.053 P0.034 F600
G1 X130.85 Y137.61 V0.023 U0.690 P0.034 F600
G1 X131.55 Y137.57 V0.023 U0.690 P0.034 F600
G1 X131.61 Y137.56 V0.002 U0.053 P0.034 F600
G1 X132.31 Y137.56 V0.023 U0.689 P0.034 F600
G1 X133.01 Y137.60 V0.023 U0.689 P0.034 F600
G1 X133.07 Y137.60 V0.002 U0.053 P0.034 F600
G1 X133.76 Y137.68 V0.023 U0.690 P0.034 F600
G1 X134.46 Y137.80 V0.023 U0.690 P0.034 F600
G1 X134.51 Y137.81 V0.002 U0.053 P0.034 F600
G1 X135.20 Y137.97 V0.023 U0.690 P0.034 F600
G1 X135.87 Y138.17 V0.023 U0.690 P0.034 F600
G1 X136.12 Y138.26 V0.009 U0.253 P0.034 F600
M104 S250 T1 ; FS_PREHEAT next_tool=1 lead_s=15
G1 X136.59 Y138.43 V0.017 U0.490 P0.034 F600
G1 X137.05 Y138.62 V0.017 U0.490 P0.034 F600
G1 X137.50 Y138.83 V0.017 U0.491 P0.034 F600
G1 X137.74 Y138.95 V0.009 U0.263 P0.034 F600
G1 X137.98 Y139.07 V0.009 U0.263 P0.034 F600
G1 X138.21 Y139.21 V0.009 U0.263 P0.034 F600
G1 X138.57 Y139.43 V0.014 U0.418 P0.034 F600
G1 X139.15 Y139.81 V0.023 U0.680 P0.034 F600
G1 X139.71 Y140.23 V0.023 U0.680 P0.034 F600
G1 X140.34 Y140.73 V0.027 U0.786 P0.034 F600
G1 X160.36 Y158.60 V0.894 U26.301 P0.034 F600
G1 X160.95 Y159.06 V0.025 U0.734 P0.034 F600
G1 X161.55 Y159.50 V0.025 U0.733 P0.034 F600
G1 X162.19 Y159.90 V0.025 U0.733 P0.034 F600
G1 X162.20 Y159.91 V0.001 U0.019 P0.034 F600
G1 X162.88 Y160.27 V0.026 U0.751 P0.034 F600
G1 X163.58 Y160.59 V0.026 U0.751 P0.034 F600
G1 X164.30 Y160.86 V0.026 U0.763 P0.034 F600
G1 X165.04 Y161.09 V0.026 U0.751 P0.034 F600
G1 X165.78 Y161.26 V0.026 U0.751 P0.034 F600
G1 X166.53 Y161.38 V0.025 U0.738 P0.034 F600
G1 X167.28 Y161.45 V0.025 U0.738 P0.034 F600
G1 X168.03 Y161.47 V0.025 U0.738 P0.034 F600
G1 X168.05 Y161.47 V0.001 U0.024 P0.034 F600
G1 X168.82 Y161.45 V0.026 U0.751 P0.034 F600
G1 X169.58 Y161.37 V0.026 U0.751 P0.034 F600
G1 X170.34 Y161.23 V0.026 U0.751 P0.034 F600
G1 X171.08 Y161.05 V0.026 U0.751 P0.034 F600
G1 X171.81 Y160.82 V0.026 U0.751 P0.034 F600
G1 X172.53 Y160.55 V0.026 U0.751 P0.034 F600
G1 X173.22 Y160.22 V0.026 U0.752 P0.034 F600
G1 X173.89 Y159.85 V0.026 U0.751 P0.034 F600
G1 X174.55 Y159.43 V0.026 U0.763 P0.034 F600
G1 X175.16 Y158.97 V0.026 U0.751 P0.034 F600
G1 X175.75 Y158.47 V0.026 U0.751 P0.034 F600
G1 X176.29 Y157.94 V0.025 U0.742 P0.034 F600
G1 X176.79 Y157.38 V0.025 U0.742 P0.034 F600
G1 X177.25 Y156.78 V0.025 U0.742 P0.034 F600
G1 X177.46 Y156.49 V0.012 U0.345 P0.034 F600
G1 X177.82 Y155.95 V0.022 U0.640 P0.034 F600
G1 X178.15 Y155.38 V0.022 U0.640 P0.034 F600
G1 X178.44 Y154.80 V0.022 U0.640 P0.034 F600
G1 X178.69 Y154.20 V0.022 U0.640 P0.034 F600
G1 X178.73 Y154.09 V0.004 U0.111 P0.034 F600
G1 X178.98 Y153.37 V0.026 U0.751 P0.034 F600
G1 X179.18 Y152.63 V0.026 U0.751 P0.034 F600
M73 P95 R0
G1 X179.34 Y151.88 V0.026 U0.751 P0.034 F600
G1 X179.44 Y151.12 V0.026 U0.751 P0.034 F600
G1 X179.47 Y150.81 V0.010 U0.303 P0.034 F600
G1 X179.50 Y150.35 V0.015 U0.449 P0.034 F600
G1 X179.50 Y149.89 V0.015 U0.449 P0.034 F600
G1 X179.48 Y149.43 V0.015 U0.450 P0.034 F600
G1 X179.47 Y149.12 V0.011 U0.309 P0.034 F600
G1 X179.45 Y148.80 V0.011 U0.309 P0.034 F600
G1 X179.40 Y148.49 V0.011 U0.309 P0.034 F600
G1 X179.33 Y148.04 V0.015 U0.454 P0.034 F600
G1 X179.18 Y147.30 V0.025 U0.738 P0.034 F600
G1 X178.98 Y146.57 V0.025 U0.738 P0.034 F600
G1 X178.73 Y145.86 V0.025 U0.738 P0.034 F600
G1 X178.43 Y145.17 V0.025 U0.738 P0.034 F600
G1 X178.42 Y145.14 V0.001 U0.024 P0.034 F600
G1 X178.08 Y144.46 V0.026 U0.751 P0.034 F600
G1 X177.69 Y143.80 V0.026 U0.751 P0.034 F600
G1 X177.25 Y143.17 V0.026 U0.751 P0.034 F600
G1 X176.78 Y142.57 V0.026 U0.751 P0.034 F600
G1 X176.27 Y142.00 V0.026 U0.751 P0.034 F600
G1 X175.72 Y141.46 V0.026 U0.751 P0.034 F600
G1 X175.13 Y140.97 V0.026 U0.752 P0.034 F600
G1 X174.51 Y140.51 V0.026 U0.751 P0.034 F600
G1 X173.86 Y140.09 V0.026 U0.763 P0.034 F600
G1 X173.19 Y139.73 V0.026 U0.751 P0.034 F600
G1 X172.49 Y139.40 V0.026 U0.751 P0.034 F600
G1 X171.79 Y139.13 V0.025 U0.739 P0.034 F600
G1 X171.07 Y138.91 V0.025 U0.739 P0.034 F600
G1 X170.34 Y138.73 V0.025 U0.739 P0.034 F600
G1 X169.58 Y138.58 V0.026 U0.751 P0.034 F600
G1 X169.56 Y138.57 V0.001 U0.027 P0.034 F600
G1 X169.53 Y138.57 V0.001 U0.027 P0.034 F600
G1 X169.50 Y138.57 V0.001 U0.027 P0.034 F600
G1 X169.50 Y138.08 V0.016 U0.476 P0.034 F600
G1 X169.65 Y137.77 V0.011 U0.337 P0.034 F600
G1 X169.98 Y137.68 V0.011 U0.337 P0.034 F600
G1 X170.19 Y137.72 V0.007 U0.213 P0.034 F600
G1 X170.88 Y137.86 V0.023 U0.688 P0.034 F600
G1 X171.56 Y138.04 V0.023 U0.688 P0.034 F600
G1 X171.61 Y138.06 V0.002 U0.054 P0.034 F600
G1 X172.28 Y138.28 V0.023 U0.690 P0.034 F600
G1 X172.93 Y138.54 V0.023 U0.690 P0.034 F600
G1 X172.98 Y138.56 V0.002 U0.053 P0.034 F600
G1 X173.62 Y138.86 V0.023 U0.689 P0.034 F600
G1 X174.24 Y139.20 V0.023 U0.689 P0.034 F600
G1 X174.47 Y139.33 V0.009 U0.266 P0.034 F600
G1 X174.89 Y139.59 V0.016 U0.478 P0.034 F600
G1 X175.29 Y139.87 V0.016 U0.478 P0.034 F600
G1 X175.68 Y140.16 V0.016 U0.478 P0.034 F600
G1 X175.87 Y140.31 V0.008 U0.239 P0.034 F600
G1 X176.06 Y140.46 V0.008 U0.238 P0.034 F600
G1 X176.24 Y140.62 V0.008 U0.238 P0.034 F600
G1 X176.61 Y140.98 V0.017 U0.505 P0.034 F600
G1 X177.11 Y141.48 V0.023 U0.690 P0.034 F600
G1 X177.57 Y142.01 V0.023 U0.690 P0.034 F600
G1 X177.61 Y142.05 V0.002 U0.053 P0.034 F600
G1 X178.04 Y142.60 V0.023 U0.690 P0.034 F600
G1 X178.44 Y143.18 V0.023 U0.690 P0.034 F600
G1 X178.47 Y143.23 V0.002 U0.053 P0.034 F600
G1 X178.84 Y143.83 V0.023 U0.690 P0.034 F600
G1 X179.00 Y144.13 V0.011 U0.338 P0.034 F600
; Start to cut
M2800
M400
;CUT DISTANCE 54.8
G1 X179.17 Y144.45 V0.009 F600
G1 X179.19 Y144.50 V0.001 F600
G1 X179.48 Y145.14 V0.017 F600
G1 X179.74 Y145.80 V0.017 F600
G1 X179.75 Y145.85 V0.001 F600
G1 X179.97 Y146.52 V0.017 F600
G1 X180.15 Y147.20 V0.017 F600
G1 X180.15 Y147.23 V0.001 F600
G1 X180.29 Y147.94 V0.017 F600
G1 X180.39 Y148.66 V0.017 F600
G1 X180.40 Y148.81 V0.003 F600
G1 X180.45 Y149.48 V0.016 F600
G1 X180.46 Y150.15 V0.016 F600
G1 X180.46 Y150.17 V0.001 F600
G1 X180.43 Y150.86 V0.017 F600
G1 X180.36 Y151.55 V0.017 F600
G1 X180.35 Y151.61 V0.002 F600
G1 X180.24 Y152.31 V0.017 F600
G1 X180.09 Y152.99 V0.017 F600
G1 X180.08 Y153.05 V0.001 F600
G1 X179.89 Y153.72 V0.017 F600
G1 X179.66 Y154.39 V0.017 F600
G1 X179.64 Y154.44 V0.001 F600
G1 X179.37 Y155.09 V0.017 F600
G1 X179.06 Y155.72 V0.017 F600
G1 X179.03 Y155.77 V0.001 F600
G1 X178.69 Y156.38 V0.017 F600
G1 X178.31 Y156.98 V0.017 F600
G1 X178.28 Y157.02 V0.001 F600
G1 X177.87 Y157.59 V0.017 F600
G1 X177.42 Y158.14 V0.017 F600
G1 X177.39 Y158.18 V0.001 F600
G1 X176.91 Y158.69 V0.017 F600
G1 X176.40 Y159.18 V0.017 F600
G1 X176.36 Y159.22 V0.001 F600
G1 X175.83 Y159.68 V0.017 F600
G1 X175.27 Y160.10 V0.017 F600
G1 X175.22 Y160.14 V0.001 F600
G1 X174.64 Y160.53 V0.017 F600
G1 X174.03 Y160.88 V0.017 F600
G1 X173.98 Y160.91 V0.001 F600
G1 X173.36 Y161.23 V0.017 F600
G1 X172.71 Y161.52 V0.017 F600
G1 X172.66 Y161.54 V0.001 F600
G1 X172.00 Y161.78 V0.017 F600
G1 X171.33 Y161.99 V0.017 F600
G1 X171.28 Y162.00 V0.001 F600
G1 X170.60 Y162.17 V0.017 F600
G1 X169.90 Y162.30 V0.017 F600
G1 X169.85 Y162.30 V0.001 F600
G1 X169.15 Y162.39 V0.017 F600
G1 X168.45 Y162.43 V0.017 F600
G1 X168.39 Y162.44 V0.001 F600
G1 X167.69 Y162.44 V0.017 F600
G1 X166.99 Y162.40 V0.017 F600
G1 X166.93 Y162.40 V0.001 F600
G1 X166.24 Y162.32 V0.017 F600
G1 X165.54 Y162.20 V0.017 F600
G1 X165.49 Y162.19 V0.001 F600
G1 X164.80 Y162.03 V0.017 F600
G1 X164.13 Y161.83 V0.017 F600
G1 X163.88 Y161.74 V0.006 F600
G1 X163.41 Y161.57 V0.012 F600
G1 X162.95 Y161.38 V0.012 F600
G1 X162.50 Y161.17 V0.012 F600
G1 X162.26 Y161.05 V0.006 F600
G1 X162.02 Y160.93 V0.006 F600
G1 X161.79 Y160.79 V0.006 F600
G1 X161.43 Y160.57 V0.010 F600
G1 X160.85 Y160.19 V0.017 F600
G1 X160.29 Y159.77 V0.017 F600
G1 X159.66 Y159.27 V0.019 F600
G1 X144.72 Y145.94 V0.480 F600
; Cutting completed.
G1 F600 V-1.000 ; Retract
M73 P96 R0
; FS_RELEASE_BEGIN length_mm=6.800 speed_mm_s=10.000
G1 X139.649 Y141.409 F600
; FS_RELEASE_END physical_clearance=unmeasured
M1002
M400
G1 F600 V-4.000 ; Toolchange matrix retract
G1 F1200 Z4.44
MOVE_TO_BRUSH_STATION
CLEAN_NOZZLE
M104 S180 T0 ; standby
M104 S250 T1 ; pre-charge
M109 S250 T1
MOVE_OUT_BRUSH_STATION
M106 P2 S0 ; fibre-side cooling, fan4, owned by T0 (idle)
M106 P1 S175 ; part-cooling, fan3, owned by T1 (depositing)
M106 P3 S0 ; auxiliary fan off while T1 deposits
M106 P5 S0 ; exhaust fan off while T1 deposits
T1 ; switch extruder type to:PLASTIC
; FIBER TURNS: 72 joints tighter than 12.00 mm, policy=keep, splits=0
M106 S117
;LAYER_CHANGE
;Z:3.96
;HEIGHT:0.12
;_SET_FAN_SPEED_CHANGING_LAYER
; printing object s+hook+20mm id:0 copy 0
G1 X169.188 Y138.855 Z3.96 F9000
G1 Z3.96 F9000
G1 E10 F1500
;TYPE:Inner wall
G1 F7200
G1 X169.186 Y137.244 E.03169
G1 X169.474 Y137.266 E.00568
G1 X170.959 Y137.528 E.02966
G1 X172.396 Y137.96 E.02951
G1 X173.773 Y138.558 E.02953
G1 X175.071 Y139.312 E.02953
G1 X176.271 Y140.213 E.02952
G1 X177.358 Y141.248 E.02952
G1 X178.316 Y142.404 E.02953
G1 X179.132 Y143.663 E.02951
G1 X179.795 Y145.01 E.02953
G1 X180.296 Y146.425 E.02952
G1 X180.628 Y147.888 E.02951
G1 X180.786 Y149.429 E.03047
G1 X180.769 Y150.882 E.02858
G1 X180.576 Y152.37 E.02951
G1 X180.209 Y153.826 E.02953
G1 X179.676 Y155.229 E.02952
G1 X178.981 Y156.559 E.02952
G1 X178.136 Y157.799 E.02951
G1 X177.151 Y158.932 E.02953
G1 X176.04 Y159.942 E.02953
G1 X174.819 Y160.814 E.02951
G1 X173.504 Y161.538 E.02953
G1 X172.114 Y162.103 E.02951
G1 X170.667 Y162.501 E.02952
G1 X169.183 Y162.727 E.02953
G1 X167.683 Y162.778 E.02952
G1 X166.187 Y162.653 E.02953
G1 X164.716 Y162.354 E.02952
G1 X163.291 Y161.884 E.02951
G1 X161.889 Y161.226 E.03046
G1 X160.652 Y160.463 E.02859
G1 X159.462 Y159.52 E.02986
G1 X139.442 Y141.65 E.52783
G1 X138.281 Y140.745 E.02895
G1 X136.992 Y139.992 E.02936
G1 X135.576 Y139.407 E.03013
G1 X134.134 Y139.026 E.02934
G1 X132.731 Y138.844 E.02783
G1 X131.2 Y138.847 E.03011
G1 X129.721 Y139.052 E.02937
G1 X128.283 Y139.453 E.02936
G1 X126.911 Y140.041 E.02936
G1 X125.599 Y140.831 E.03012
G1 X124.434 Y141.764 E.02936
G1 X123.403 Y142.843 E.02935
G1 X122.568 Y143.983 E.02779
G1 X121.83 Y145.326 E.03014
G1 X121.297 Y146.72 E.02935
G1 X120.953 Y148.173 E.02937
G1 X120.806 Y149.658 E.02935
G1 X120.837 Y150.553 E.01761
G1 X120.864 Y151.189 E.01252
G1 X121.119 Y152.659 E.02935
G1 X121.538 Y154.009 E.0278
G1 X122.178 Y155.401 E.03013
G1 X122.981 Y156.659 E.02935
G1 X123.945 Y157.8 E.02938
G1 X125.051 Y158.802 E.02935
G1 X126.316 Y159.666 E.03013
G1 X127.649 Y160.336 E.02934
G1 X129.06 Y160.823 E.02936
G1 X130.176 Y161.052 E.02241
G1 X130.812 Y161.145 E.01264
G1 X130.814 Y162.756 E.03169
G1 X130.526 Y162.734 E.00568
G1 X129.041 Y162.472 E.02966
G1 X127.604 Y162.04 E.02951
G1 X126.227 Y161.442 E.02953
G1 X124.929 Y160.688 E.02953
G1 X123.729 Y159.787 E.02952
G1 X122.642 Y158.752 E.02952
G1 X121.684 Y157.596 E.02953
G1 X120.868 Y156.337 E.02951
G1 X120.205 Y154.99 E.02953
G1 X119.704 Y153.575 E.02952
G1 X119.372 Y152.112 E.02951
G1 X119.214 Y150.619 E.02953
G1 X119.231 Y149.118 E.02953
G1 X119.424 Y147.63 E.02951
G1 X119.791 Y146.174 E.02953
G1 X120.324 Y144.771 E.02952
G1 X121.019 Y143.441 E.02952
G1 X121.864 Y142.201 E.02951
G1 X122.849 Y141.068 E.02953
G1 X123.96 Y140.058 E.02953
G1 X125.181 Y139.186 E.02951
G1 X126.496 Y138.462 E.02953
G1 X127.886 Y137.897 E.02951
G1 X129.333 Y137.499 E.02952
G1 X130.817 Y137.273 E.02953
G1 X132.317 Y137.222 E.02952
G1 X133.813 Y137.347 E.02953
G1 X135.284 Y137.646 E.02952
G1 X136.709 Y138.116 E.02951
G1 X138.111 Y138.774 E.03046
G1 X139.348 Y139.537 E.02859
G1 X140.538 Y140.48 E.02986
G1 X160.558 Y158.35 E.52783
G1 X161.719 Y159.255 E.02895
G1 X163.008 Y160.008 E.02936
G1 X164.424 Y160.593 E.03013
G1 X165.866 Y160.974 E.02934
G1 X167.269 Y161.156 E.02783
G1 X168.8 Y161.153 E.03011
G1 X170.279 Y160.948 E.02937
G1 X171.717 Y160.547 E.02936
G1 X173.089 Y159.959 E.02936
G1 X174.401 Y159.169 E.03012
G1 X175.566 Y158.236 E.02936
G1 X176.597 Y157.157 E.02935
G1 X177.432 Y156.017 E.02779
G1 X178.17 Y154.674 E.03014
G1 X178.703 Y153.28 E.02935
G1 X179.047 Y151.827 E.02937
G1 X179.194 Y150.342 E.02935
G1 X179.163 Y149.447 E.01761
G1 X179.136 Y148.811 E.01252
G1 X178.881 Y147.341 E.02935
G1 X178.462 Y145.991 E.0278
G1 X177.822 Y144.599 E.03013
G1 X177.019 Y143.341 E.02935
G1 X176.055 Y142.2 E.02938
G1 X174.949 Y141.198 E.02935
G1 X173.684 Y140.334 E.03013
G1 X172.351 Y139.664 E.02934
G1 X170.94 Y139.177 E.02936
G1 X169.824 Y138.948 E.02241
G1 X169.227 Y138.86 E.01187
G1 X168.781 Y139.225 F9000
;TYPE:Outer wall
G1 F6000
G1 X168.778 Y136.803 E.04764
G1 X169.525 Y136.862 E.01474
G1 X171.053 Y137.132 E.03052
G1 X172.536 Y137.577 E.03045
G1 X173.957 Y138.194 E.03047
G1 X175.296 Y138.972 E.03046
G1 X176.535 Y139.902 E.03047
G1 X177.656 Y140.97 E.03045
G1 X178.644 Y142.162 E.03045
G1 X179.487 Y143.462 E.03048
G1 X180.171 Y144.851 E.03045
G1 X180.688 Y146.311 E.03046
G1 X181.03 Y147.822 E.03047
G1 X181.193 Y149.433 E.03185
G1 X181.175 Y150.91 E.02905
G1 X180.976 Y152.446 E.03046
G1 X180.598 Y153.948 E.03046
G1 X180.048 Y155.396 E.03047
G1 X179.331 Y156.769 E.03047
G1 X178.459 Y158.048 E.03045
G1 X177.443 Y159.217 E.03046
G1 X176.297 Y160.259 E.03047
G1 X175.037 Y161.16 E.03047
G1 X173.68 Y161.906 E.03046
G1 X172.245 Y162.489 E.03047
G1 X170.752 Y162.9 E.03046
G1 X169.221 Y163.133 E.03046
G1 X167.673 Y163.186 E.03047
G1 X166.129 Y163.057 E.03047
G1 X164.612 Y162.748 E.03045
G1 X163.141 Y162.264 E.03046
G1 X161.676 Y161.573 E.03186
G1 X160.418 Y160.797 E.02907
G1 X159.2 Y159.832 E.03056
G1 X139.181 Y141.963 E.5278
G1 X138.052 Y141.083 E.02816
G1 X136.81 Y140.357 E.0283
G1 X135.471 Y139.8 E.02852
G1 X134.081 Y139.429 E.0283
G1 X132.679 Y139.248 E.0278
G1 X131.229 Y139.254 E.02852
G1 X129.804 Y139.452 E.0283
G1 X128.419 Y139.838 E.02828
G1 X127.096 Y140.404 E.0283
G1 X125.852 Y141.149 E.02852
G1 X124.727 Y142.046 E.0283
G1 X123.732 Y143.084 E.02828
G1 X122.896 Y144.224 E.02781
G1 X122.201 Y145.497 E.02853
G1 X121.687 Y146.84 E.02828
G1 X121.355 Y148.24 E.0283
G1 X121.214 Y149.671 E.02828
G1 X121.244 Y150.539 E.01708
G1 X121.265 Y151.121 E.01145
G1 X121.507 Y152.539 E.02829
G1 X121.927 Y153.889 E.02781
G1 X122.536 Y155.205 E.02852
G1 X123.31 Y156.417 E.02829
G1 X124.238 Y157.516 E.02829
G1 X125.304 Y158.482 E.0283
G1 X126.5 Y159.302 E.02852
G1 X127.784 Y159.951 E.0283
G1 X129.118 Y160.417 E.02779
G1 X130.546 Y160.711 E.02868
G1 X131.219 Y160.775 E.0133
G1 X131.222 Y163.197 E.04764
G1 X130.475 Y163.138 E.01474
G1 X128.947 Y162.868 E.03052
G1 X127.464 Y162.423 E.03045
G1 X126.043 Y161.806 E.03047
G1 X124.704 Y161.028 E.03046
G1 X123.465 Y160.098 E.03047
G1 X122.344 Y159.03 E.03045
G1 X121.356 Y157.838 E.03045
G1 X120.513 Y156.538 E.03048
G1 X119.829 Y155.149 E.03045
G1 X119.312 Y153.689 E.03046
G1 X118.97 Y152.178 E.03047
G1 X118.807 Y150.638 E.03046
G1 X118.825 Y149.09 E.03045
G1 X119.024 Y147.554 E.03046
G1 X119.402 Y146.052 E.03046
G1 X119.952 Y144.604 E.03047
G1 X120.669 Y143.231 E.03047
G1 X121.541 Y141.952 E.03045
G1 X122.557 Y140.783 E.03046
G1 X123.703 Y139.741 E.03047
G1 X124.963 Y138.84 E.03047
G1 X126.32 Y138.094 E.03046
G1 X127.755 Y137.511 E.03047
G1 X129.248 Y137.1 E.03046
G1 X130.779 Y136.867 E.03046
G1 X132.327 Y136.814 E.03047
G1 X133.871 Y136.943 E.03047
G1 X135.388 Y137.252 E.03045
G1 X136.859 Y137.736 E.03046
G1 X138.324 Y138.427 E.03186
G1 X139.582 Y139.203 E.02907
G1 X140.8 Y140.168 E.03056
G1 X160.819 Y158.037 E.5278
G1 X161.948 Y158.917 E.02816
G1 X163.19 Y159.643 E.0283
G1 X164.529 Y160.2 E.02852
G1 X165.919 Y160.571 E.0283
G1 X167.321 Y160.752 E.0278
G1 X168.771 Y160.746 E.02852
G1 X170.196 Y160.548 E.0283
G1 X171.581 Y160.162 E.02828
G1 X172.904 Y159.596 E.0283
G1 X174.148 Y158.851 E.02852
G1 X175.273 Y157.954 E.0283
G1 X176.268 Y156.916 E.02828
G1 X177.104 Y155.776 E.02781
G1 X177.799 Y154.503 E.02853
G1 X178.313 Y153.16 E.02828
G1 X178.645 Y151.76 E.0283
G1 X178.786 Y150.329 E.02828
G1 X178.756 Y149.461 E.01708
G1 X178.735 Y148.879 E.01145
G1 X178.493 Y147.461 E.02829
G1 X178.073 Y146.111 E.02781
G1 X177.464 Y144.795 E.02852
G1 X176.69 Y143.583 E.02829
G1 X175.762 Y142.484 E.02829
G1 X174.696 Y141.518 E.0283
G1 X173.5 Y140.698 E.02852
G1 X172.216 Y140.049 E.0283
M73 P97 R0
G1 X170.882 Y139.583 E.02779
G1 X169.454 Y139.289 E.02868
G1 X168.821 Y139.229 E.01251
G1 E-1 F1200
G1 X178.27 Y157.393 F9000
G1 E1 F1500
;TYPE:Top surface
;WIDTH:0.422875
G1 F6000
G1 X175.43 Y160.233 E.07956
G1 E-1 F1200
G1 X173.935 Y161.166 F9000
G1 E1 F1500
G1 F6000
G1 X179.182 Y155.919 E.14702
G1 E-1 F1200
G1 X179.695 Y154.844 F9000
G1 E1 F1500
G1 F6000
G1 X172.872 Y161.668 E.19119
G1 E-1 F1200
G1 X171.953 Y162.025 F9000
G1 E1 F1500
G1 F6000
G1 X180.04 Y153.937 E.2266
G1 E-1 F1200
G1 X180.255 Y153.162 F9000
G1 E1 F1500
G1 F6000
G1 X177.776 Y155.641 E.06946
G1 E-1 F1200
G1 X178.367 Y154.488 F9000
G1 E1 F1500
G1 F6000
G1 X180.443 Y152.411 E.05817
G1 E-1 F1200
G1 X180.536 Y151.757 F9000
G1 E1 F1500
G1 F6000
G1 X178.709 Y153.584 E.05118
G1 E-1 F1200
G1 X178.941 Y152.791 F9000
G1 E1 F1500
G1 F6000
G1 X180.619 Y151.112 E.04704
G1 X180.655 Y150.515 F9000
G1 F6000
G1 X179.115 Y152.055 E.04315
G1 E-1 F1200
G1 X179.2 Y151.408 F9000
G1 E1 F1500
G1 F6000
G1 X180.661 Y149.947 E.04093
G1 X180.667 Y149.38 F9000
G1 F6000
G1 X179.262 Y150.784 E.03936
G1 E-1 F1200
G1 X179.307 Y150.178 F9000
G1 E1 F1500
G1 F6000
G1 X180.613 Y148.872 E.0366
G1 X180.559 Y148.364 F9000
G1 F6000
G1 X179.287 Y149.636 E.03564
G1 X179.268 Y149.094 F9000
G1 F6000
G1 X180.5 Y147.861 E.03454
G1 X180.397 Y147.403 F9000
G1 F6000
G1 X179.216 Y148.584 E.03308
G1 X179.135 Y148.104 F9000
G1 F6000
G1 X180.293 Y146.946 E.03245
G1 X180.189 Y146.488 F9000
G1 F6000
G1 X179.053 Y147.623 E.03182
G1 X178.948 Y147.167 F9000
G1 F6000
G1 X180.045 Y146.07 E.03073
G1 X179.898 Y145.655 F9000
G1 F6000
G1 X178.814 Y146.74 E.03038
G1 X178.68 Y146.312 F9000
G1 F6000
G1 X179.751 Y145.241 E.03002
G1 X179.583 Y144.847 F9000
G1 F6000
G1 X178.546 Y145.885 E.02907
G1 X178.37 Y145.499 F9000
G1 F6000
G1 X179.398 Y144.471 E.0288
G1 X179.213 Y144.095 F9000
G1 F6000
G1 X178.192 Y145.115 E.0286
G1 X178.014 Y144.732 F9000
G1 F6000
G1 X179.027 Y143.719 E.02839
G1 X178.806 Y143.378 F9000
G1 F6000
G1 X177.812 Y144.372 E.02785
G1 X177.594 Y144.028 F9000
G1 F6000
G1 X178.585 Y143.037 E.02777
G1 X178.364 Y142.696 F9000
G1 F6000
G1 X177.376 Y143.684 E.02768
G1 X177.159 Y143.34 F9000
G1 F6000
G1 X178.132 Y142.367 E.02727
G1 X177.877 Y142.06 F9000
G1 F6000
G1 X176.905 Y143.033 E.02725
G1 X176.647 Y142.728 F9000
G1 F6000
G1 X177.623 Y141.753 E.02733
G1 X177.368 Y141.446 F9000
G1 F6000
G1 X176.39 Y142.424 E.0274
G1 X176.133 Y142.12 F9000
G1 F6000
G1 X177.093 Y141.159 E.02691
G1 X176.806 Y140.885 F9000
G1 F6000
G1 X175.842 Y141.849 E.02699
G1 X175.547 Y141.583 F9000
G1 F6000
G1 X176.518 Y140.611 E.02721
G1 X176.23 Y140.337 F9000
G1 F6000
G1 X175.252 Y141.316 E.02743
G1 X174.95 Y141.056 F9000
G1 F6000
G1 X175.914 Y140.092 E.02701
G1 X175.593 Y139.852 F9000
G1 F6000
G1 X174.617 Y140.828 E.02735
G1 X174.284 Y140.599 F9000
G1 F6000
G1 X175.272 Y139.611 E.02769
G1 X174.946 Y139.376 F9000
G1 F6000
G1 X173.951 Y140.371 E.02787
G1 X173.599 Y140.16 F9000
G1 F6000
G1 X174.59 Y139.169 E.02777
G1 X174.235 Y138.963 F9000
G1 F6000
G1 X173.227 Y139.971 E.02826
G1 X172.854 Y139.782 F9000
G1 F6000
G1 X173.88 Y138.756 E.02875
G1 X173.505 Y138.57 F9000
G1 F6000
G1 X172.481 Y139.594 E.02868
G1 X172.07 Y139.443 F9000
G1 F6000
G1 X173.113 Y138.4 E.02921
G1 X172.721 Y138.23 F9000
G1 F6000
G1 X171.655 Y139.297 E.02989
G1 X171.239 Y139.151 F9000
G1 F6000
G1 X172.327 Y138.063 E.03049
G1 X171.895 Y137.933 F9000
G1 F6000
G1 X170.796 Y139.033 E.03081
G1 X170.331 Y138.935 F9000
G1 F6000
G1 X171.463 Y137.803 E.03171
G1 X171.031 Y137.674 F9000
G1 F6000
G1 X169.867 Y138.838 E.03262
G1 X169.388 Y138.755 F9000
G1 F6000
G1 X170.563 Y137.58 E.03292
G1 X170.084 Y137.498 F9000
G1 F6000
G1 X169.305 Y138.277 E.02182
G1 E-1 F1200
G1 X173.664 Y159.752 F9000
G1 E1 F1500
G1 F6000
G1 X171.178 Y162.238 E.06965
G1 E-1 F1200
G1 X170.438 Y162.417 F9000
G1 E1 F1500
G1 F6000
G1 X172.532 Y160.322 E.05868
G1 E-1 F1200
G1 X171.595 Y160.699 F9000
G1 E1 F1500
G1 F6000
G1 X169.776 Y162.517 E.05097
G1 E-1 F1200
G1 X169.12 Y162.611 F9000
G1 E1 F1500
G1 F6000
G1 X170.817 Y160.914 E.04755
G1 E-1 F1200
G1 X170.075 Y161.095 F9000
G1 E1 F1500
G1 F6000
G1 X168.539 Y162.631 E.04303
G1 X167.958 Y162.651 F9000
G1 F6000
G1 X169.425 Y161.184 E.04111
G1 E-1 F1200
G1 X168.775 Y161.271 F9000
G1 E1 F1500
G1 F6000
G1 X167.41 Y162.637 E.03826
G1 X166.892 Y162.593 F9000
G1 F6000
M73 P98 R0
G1 X168.211 Y161.274 E.03696
G1 X167.646 Y161.277 F9000
G1 F6000
G1 X166.373 Y162.55 E.03567
G1 X165.89 Y162.472 F9000
G1 F6000
G1 X167.113 Y161.248 E.03428
G1 X166.614 Y161.186 F9000
G1 F6000
G1 X165.423 Y162.377 E.03338
G1 X164.956 Y162.282 F9000
G1 F6000
G1 X166.116 Y161.123 E.03248
G1 X165.637 Y161.039 F9000
G1 F6000
G1 X164.514 Y162.163 E.03148
G1 X164.092 Y162.024 F9000
G1 F6000
G1 X165.195 Y160.921 E.0309
G1 X164.752 Y160.802 F9000
G1 F6000
G1 X163.669 Y161.885 E.03033
G1 X163.255 Y161.737 F9000
G1 F6000
G1 X164.314 Y160.678 E.02967
G1 X163.917 Y160.513 F9000
G1 F6000
G1 X162.871 Y161.559 E.02929
G1 X162.488 Y161.381 F9000
G1 F6000
G1 X163.52 Y160.348 E.02892
G1 X163.124 Y160.183 F9000
G1 F6000
G1 X162.105 Y161.202 E.02855
G1 X161.746 Y160.999 F9000
G1 F6000
G1 X162.754 Y159.992 E.02823
G1 X162.4 Y159.784 F9000
G1 F6000
G1 X161.399 Y160.785 E.02804
G1 X161.052 Y160.571 F9000
G1 F6000
G1 X162.046 Y159.576 E.02786
G1 X161.692 Y159.369 F9000
G1 F6000
G1 X160.706 Y160.355 E.02763
G1 X160.393 Y160.107 F9000
G1 F6000
G1 X161.368 Y159.131 E.02733
G1 X161.053 Y158.885 F9000
G1 F6000
G1 X160.079 Y159.858 E.02728
G1 X159.766 Y159.61 F9000
G1 F6000
G1 X160.737 Y158.638 E.02722
G1 X160.425 Y158.39 F9000
G1 F6000
G1 X159.457 Y159.357 E.02711
G1 X159.16 Y159.092 F9000
G1 F6000
G1 X160.128 Y158.125 E.02711
G1 X159.831 Y157.86 F9000
G1 F6000
G1 X158.864 Y158.827 E.02711
G1 X158.567 Y158.563 F9000
G1 F6000
G1 X159.534 Y157.595 E.02711
G1 X159.238 Y157.33 F9000
G1 F6000
G1 X158.27 Y158.298 E.02711
G1 X157.973 Y158.033 F9000
G1 F6000
G1 X158.941 Y157.065 E.02711
G1 X158.644 Y156.8 F9000
G1 F6000
G1 X157.677 Y157.768 E.02711
G1 X157.38 Y157.503 F9000
G1 F6000
G1 X158.347 Y156.536 E.02711
G1 X158.051 Y156.271 F9000
G1 F6000
G1 X157.083 Y157.238 E.02711
G1 X156.786 Y156.973 F9000
G1 F6000
G1 X157.754 Y156.006 E.02711
G1 X157.457 Y155.741 F9000
G1 F6000
G1 X156.49 Y156.708 E.02711
G1 X156.193 Y156.444 F9000
G1 F6000
G1 X157.16 Y155.476 E.02711
G1 X156.864 Y155.211 F9000
G1 F6000
G1 X155.896 Y156.179 E.02711
G1 X155.599 Y155.914 F9000
G1 F6000
G1 X156.567 Y154.946 E.02711
G1 X156.27 Y154.681 F9000
G1 F6000
G1 X155.303 Y155.649 E.02711
G1 X155.006 Y155.384 F9000
G1 F6000
G1 X155.973 Y154.416 E.02711
G1 X155.677 Y154.152 F9000
G1 F6000
G1 X154.709 Y155.119 E.02711
G1 X154.412 Y154.854 F9000
G1 F6000
G1 X155.38 Y153.887 E.02711
G1 X155.083 Y153.622 F9000
G1 F6000
G1 X154.116 Y154.589 E.02711
G1 X153.819 Y154.325 F9000
G1 F6000
G1 X154.787 Y153.357 E.02711
G1 X154.49 Y153.092 F9000
G1 F6000
G1 X153.522 Y154.06 E.02711
G1 X153.225 Y153.795 F9000
G1 F6000
G1 X154.193 Y152.827 E.02711
G1 X153.896 Y152.562 F9000
G1 F6000
G1 X152.929 Y153.53 E.02711
G1 X152.632 Y153.265 F9000
G1 F6000
G1 X153.6 Y152.297 E.02711
G1 X153.303 Y152.033 F9000
G1 F6000
G1 X152.335 Y153 E.02711
G1 X152.039 Y152.735 F9000
G1 F6000
G1 X153.006 Y151.768 E.02711
G1 X152.709 Y151.503 F9000
G1 F6000
G1 X151.742 Y152.47 E.02711
G1 X151.445 Y152.206 F9000
G1 F6000
G1 X152.413 Y151.238 E.02711
G1 X152.116 Y150.973 F9000
G1 F6000
G1 X151.148 Y151.941 E.02711
G1 X150.852 Y151.676 F9000
G1 F6000
G1 X151.819 Y150.708 E.02711
G1 X151.522 Y150.443 F9000
G1 F6000
G1 X150.555 Y151.411 E.02711
G1 X150.258 Y151.146 F9000
G1 F6000
G1 X151.226 Y150.178 E.02711
G1 X150.929 Y149.914 F9000
G1 F6000
G1 X149.961 Y150.881 E.02711
G1 X149.665 Y150.616 F9000
G1 F6000
G1 X150.632 Y149.649 E.02711
G1 X150.335 Y149.384 F9000
G1 F6000
G1 X149.368 Y150.351 E.02711
G1 X149.071 Y150.086 F9000
G1 F6000
G1 X150.039 Y149.119 E.02711
G1 X149.742 Y148.854 F9000
G1 F6000
G1 X148.774 Y149.822 E.02711
G1 X148.478 Y149.557 F9000
G1 F6000
G1 X149.445 Y148.589 E.02711
G1 X149.148 Y148.324 F9000
G1 F6000
G1 X148.181 Y149.292 E.02711
G1 X147.884 Y149.027 F9000
G1 F6000
G1 X148.852 Y148.059 E.02711
G1 X148.555 Y147.795 F9000
G1 F6000
G1 X147.587 Y148.762 E.02711
G1 X147.291 Y148.497 F9000
G1 F6000
G1 X148.258 Y147.53 E.02711
G1 X147.962 Y147.265 F9000
G1 F6000
G1 X146.994 Y148.232 E.02711
G1 X146.697 Y147.967 F9000
G1 F6000
G1 X147.665 Y147 E.02711
G1 X147.368 Y146.735 F9000
G1 F6000
G1 X146.4 Y147.703 E.02711
G1 X146.104 Y147.438 F9000
G1 F6000
G1 X147.071 Y146.47 E.02711
G1 X146.775 Y146.205 F9000
G1 F6000
G1 X145.807 Y147.173 E.02711
G1 X145.51 Y146.908 F9000
G1 F6000
G1 X146.478 Y145.94 E.02711
G1 X146.181 Y145.676 F9000
G1 F6000
G1 X145.214 Y146.643 E.02711
G1 X144.917 Y146.378 F9000
G1 F6000
G1 X145.884 Y145.411 E.02711
G1 X145.588 Y145.146 F9000
G1 F6000
G1 X144.62 Y146.113 E.02711
G1 X144.323 Y145.848 F9000
G1 F6000
G1 X145.291 Y144.881 E.02711
G1 X144.994 Y144.616 F9000
G1 F6000
G1 X144.027 Y145.584 E.02711
G1 X143.73 Y145.319 F9000
G1 F6000
G1 X144.697 Y144.351 E.02711
G1 X144.401 Y144.086 F9000
G1 F6000
G1 X143.433 Y145.054 E.02711
G1 X143.136 Y144.789 F9000
G1 F6000
G1 X144.104 Y143.821 E.02711
G1 X143.807 Y143.557 F9000
G1 F6000
G1 X142.84 Y144.524 E.02711
G1 X142.543 Y144.259 F9000
G1 F6000
G1 X143.51 Y143.292 E.02711
G1 X143.214 Y143.027 F9000
G1 F6000
G1 X142.246 Y143.994 E.02711
G1 X141.949 Y143.729 F9000
G1 F6000
G1 X142.917 Y142.762 E.02711
G1 X142.62 Y142.497 F9000
G1 F6000
G1 X141.653 Y143.465 E.02711
G1 X141.356 Y143.2 F9000
G1 F6000
G1 X142.323 Y142.232 E.02711
G1 X142.027 Y141.967 F9000
G1 F6000
G1 X141.059 Y142.935 E.02711
G1 X140.762 Y142.67 F9000
G1 F6000
G1 X141.73 Y141.702 E.02711
G1 X141.433 Y141.437 F9000
G1 F6000
G1 X140.466 Y142.405 E.02711
G1 X140.169 Y142.14 F9000
G1 F6000
G1 X141.137 Y141.173 E.02711
G1 X140.84 Y140.908 F9000
G1 F6000
G1 X139.872 Y141.875 E.02711
G1 X139.575 Y141.61 F9000
G1 F6000
G1 X140.543 Y140.643 E.02711
G1 X140.234 Y140.39 F9000
G1 F6000
G1 X139.262 Y141.362 E.02725
G1 X138.946 Y141.117 F9000
G1 F6000
G1 X139.921 Y140.142 E.02732
G1 X139.608 Y139.894 F9000
G1 F6000
G1 X138.629 Y140.872 E.0274
G1 X138.313 Y140.627 F9000
G1 F6000
G1 X139.294 Y139.645 E.0275
G1 X138.948 Y139.429 F9000
G1 F6000
G1 X137.958 Y140.42 E.02776
G1 X137.602 Y140.214 F9000
G1 F6000
G1 X138.601 Y139.215 E.02798
G1 X138.254 Y139.001 F9000
G1 F6000
G1 X137.247 Y140.007 E.0282
G1 X136.877 Y139.816 F9000
G1 F6000
G1 X137.895 Y138.798 E.02854
G1 X137.512 Y138.619 F9000
G1 F6000
G1 X136.481 Y139.651 E.0289
G1 X136.084 Y139.485 F9000
G1 F6000
G1 X137.129 Y138.441 E.02926
G1 X136.745 Y138.263 F9000
G1 F6000
G1 X135.687 Y139.321 E.02966
G1 X135.245 Y139.201 F9000
G1 F6000
G1 X136.331 Y138.116 E.03042
G1 X135.908 Y137.976 F9000
G1 F6000
M73 P99 R0
G1 X134.804 Y139.081 E.03096
G1 X134.362 Y138.961 F9000
G1 F6000
G1 X135.486 Y137.837 E.03149
G1 X135.044 Y137.718 F9000
G1 F6000
G1 X133.884 Y138.877 E.03248
G1 X133.386 Y138.814 F9000
G1 F6000
G1 X134.577 Y137.623 E.03338
G1 X134.11 Y137.528 F9000
G1 F6000
G1 X132.887 Y138.752 E.03428
G1 X132.354 Y138.723 F9000
G1 F6000
G1 X133.627 Y137.45 E.03566
G1 X133.109 Y137.407 F9000
G1 F6000
G1 X131.789 Y138.726 E.03696
G1 X131.225 Y138.729 F9000
G1 F6000
G1 X132.59 Y137.363 E.03826
G1 X132.039 Y137.353 F9000
G1 F6000
G1 X130.575 Y138.817 E.04101
G1 E-1 F1200
G1 X129.925 Y138.905 F9000
G1 E1 F1500
G1 F6000
G1 X131.459 Y137.371 E.04299
G1 X130.88 Y137.389 F9000
G1 F6000
G1 X129.184 Y139.085 E.04752
G1 E-1 F1200
G1 X128.406 Y139.301 F9000
G1 E1 F1500
G1 F6000
G1 X130.225 Y137.483 E.05096
G1 E-1 F1200
G1 X129.562 Y137.583 F9000
G1 E1 F1500
G1 F6000
G1 X127.468 Y139.678 E.05868
G1 E-1 F1200
G1 X126.336 Y140.248 F9000
G1 E1 F1500
G1 F6000
G1 X128.822 Y137.762 E.06964
G1 E-1 F1200
G1 X130.695 Y161.724 F9000
G1 E1 F1500
G1 F6000
G1 X129.916 Y162.502 E.02182
G1 X129.437 Y162.42 F9000
G1 F6000
G1 X130.612 Y161.245 E.03292
G1 X130.133 Y161.162 F9000
G1 F6000
G1 X128.969 Y162.326 E.03262
G1 X128.537 Y162.197 F9000
G1 F6000
G1 X129.669 Y161.065 E.03171
G1 X129.205 Y160.967 F9000
G1 F6000
G1 X128.105 Y162.067 E.03081
G1 X127.673 Y161.937 F9000
G1 F6000
G1 X128.761 Y160.849 E.03049
G1 X128.345 Y160.703 F9000
G1 F6000
G1 X127.279 Y161.77 E.02989
G1 X126.887 Y161.6 F9000
G1 F6000
G1 X127.93 Y160.557 E.02921
G1 X127.519 Y160.406 F9000
G1 F6000
G1 X126.495 Y161.43 E.02868
G1 X126.12 Y161.244 F9000
G1 F6000
G1 X127.146 Y160.218 E.02875
G1 X126.773 Y160.029 F9000
G1 F6000
G1 X125.765 Y161.037 E.02826
G1 X125.41 Y160.831 F9000
G1 F6000
G1 X126.401 Y159.84 E.02777
G1 X126.05 Y159.629 F9000
G1 F6000
G1 X125.055 Y160.624 E.02789
G1 X124.728 Y160.389 F9000
G1 F6000
G1 X125.718 Y159.399 E.02774
G1 X125.386 Y159.169 F9000
G1 F6000
G1 X124.407 Y160.148 E.02743
G1 X124.086 Y159.908 F9000
G1 F6000
G1 X125.054 Y158.94 E.02712
G1 X124.747 Y158.686 F9000
G1 F6000
G1 X123.77 Y159.663 E.02738
G1 X123.482 Y159.389 F9000
G1 F6000
G1 X124.452 Y158.419 E.02718
G1 X124.157 Y158.152 F9000
G1 F6000
G1 X123.194 Y159.115 E.02698
G1 X122.907 Y158.841 F9000
G1 F6000
G1 X123.865 Y157.882 E.02686
G1 X123.608 Y157.578 F9000
G1 F6000
G1 X122.632 Y158.554 E.02735
G1 X122.377 Y158.247 F9000
G1 F6000
G1 X123.35 Y157.274 E.02726
G1 X123.093 Y156.97 F9000
G1 F6000
G1 X122.123 Y157.94 E.02718
G1 X121.868 Y157.633 F9000
G1 F6000
G1 X122.842 Y156.659 E.0273
G1 X122.625 Y156.315 F9000
G1 F6000
G1 X121.636 Y157.304 E.02772
G1 X121.415 Y156.963 F9000
G1 F6000
G1 X122.407 Y155.971 E.0278
G1 X122.189 Y155.627 F9000
G1 F6000
G1 X121.194 Y156.622 E.02789
G1 X120.973 Y156.281 F9000
G1 F6000
G1 X121.987 Y155.268 E.0284
G1 X121.809 Y154.884 F9000
G1 F6000
G1 X120.787 Y155.905 E.02863
G1 X120.602 Y155.529 F9000
G1 F6000
G1 X121.632 Y154.499 E.02885
G1 X121.455 Y154.115 F9000
G1 F6000
G1 X120.417 Y155.153 E.02908
G1 X120.249 Y154.759 F9000
G1 F6000
G1 X121.316 Y153.692 E.02991
G1 X121.183 Y153.264 F9000
G1 F6000
G1 X120.102 Y154.345 E.03029
G1 X119.955 Y153.93 F9000
G1 F6000
G1 X121.049 Y152.835 E.03067
G1 X120.951 Y152.373 F9000
G1 F6000
G1 X119.811 Y153.512 E.03193
G1 X119.707 Y153.054 F9000
G1 F6000
G1 X120.868 Y151.894 E.03252
G1 X120.785 Y151.415 F9000
G1 F6000
G1 X119.603 Y152.597 E.0331
G1 X119.5 Y152.139 F9000
G1 F6000
G1 X120.733 Y150.905 E.03457
G1 X120.716 Y150.361 F9000
G1 F6000
G1 X119.441 Y151.636 E.03574
G1 X119.387 Y151.128 F9000
G1 F6000
G1 X120.699 Y149.816 E.03677
G1 X120.732 Y149.222 F9000
G1 F6000
G1 X119.333 Y150.621 E.0392
G1 X119.339 Y150.053 F9000
G1 F6000
G1 X120.797 Y148.595 E.04086
G1 E-1 F1200
G1 X120.885 Y147.945 F9000
G1 E1 F1500
G1 F6000
G1 X119.345 Y149.485 E.04315
G1 X119.381 Y148.888 F9000
G1 F6000
G1 X121.059 Y147.209 E.04704
G1 E-1 F1200
G1 X121.291 Y146.416 F9000
G1 E1 F1500
G1 F6000
G1 X119.464 Y148.243 E.05118
G1 E-1 F1200
G1 X119.557 Y147.589 F9000
G1 E1 F1500
G1 F6000
G1 X121.633 Y145.513 E.05817
G1 E-1 F1200
G1 X122.232 Y144.352 F9000
G1 E1 F1500
G1 F6000
G1 X119.745 Y146.838 E.06966
G1 E-1 F1200
G1 X119.959 Y146.063 F9000
G1 E1 F1500
G1 F6000
G1 X128.047 Y137.975 E.2266
G1 E-1 F1200
G1 X127.128 Y138.332 F9000
G1 E1 F1500
G1 F6000
G1 X120.305 Y145.156 E.19119
G1 E-1 F1200
G1 X120.822 Y144.077 F9000
G1 E1 F1500
G1 F6000
G1 X126.066 Y138.833 E.14691
G1 E-1 F1200
G1 X124.57 Y139.767 F9000
G1 E1 F1500
G1 F6000
G1 X121.73 Y142.607 E.07957
; stop printing object s+hook+20mm id:0 copy 0
G1 E-1 F1200
M106 S0
;TYPE:Custom
; filament end gcode 
M104 S0 T0
M400
M104 S0 T1
M106 P1 S0
M140 S0
M141 S0
M191 S0
G90
M73 P100 R0
; EXECUTABLE_BLOCK_END

; filament used [mm] = 332.55
; filament used [cm3] = 0.80
; filament used [g] = 1.02
; filament cost = 0.02
; total filament used [g] = 1.02
; total filament cost = 0.02
; total layers count = 32
; estimated printing time (normal mode) = 12m 36s
; estimated first layer printing time (normal mode) = 8s

; CONFIG_BLOCK_START
; accel_to_decel_enable = 1
; accel_to_decel_factor = 50%
; activate_air_filtration = 0
; activate_air_filtration_during_print = 1
; activate_air_filtration_on_completion = 1
; activate_chamber_temp_control = 0
; adaptive_bed_mesh_margin = 0
; adaptive_pressure_advance = 0
; adaptive_pressure_advance_bridges = 0
; adaptive_pressure_advance_model = "0,0,0\n0,0,0"
; adaptive_pressure_advance_overhangs = 0
; additional_cooling_fan_speed = 0
; additional_fan_full_speed_layer = 0
; align_infill_direction_to_model = 0
; alternate_extra_wall = 0
; auxiliary_fan = 0
; bbl_calib_mark_logo = 1
; bbl_use_printhost = 0
; bed_custom_model = 
; bed_custom_texture = 
; bed_exclude_area = 0x0
; bed_mesh_max = 99999,99999
; bed_mesh_min = -99999,-99999
; bed_mesh_probe_distance = 50,50
; bed_temperature_formula = by_highest_temp
; before_layer_change_gcode = 
; best_object_pos = 0.5,0.5
; bottom_layer_direction = -1
; bottom_shell_layers = 2
; bottom_shell_thickness = 0
; bottom_solid_infill_flow_ratio = 1
; bottom_surface_density = 100%
; bottom_surface_filament_id = 0
; bottom_surface_fill_order = default
; bottom_surface_pattern = monotonic
; bridge_acceleration = 50%
; bridge_angle = 0
; bridge_density = 100%
; bridge_flow = 1
; bridge_line_width = 100%
; bridge_no_support = 0
; bridge_speed = 30
; brim_ears_detection_length = 1
; brim_ears_max_angle = 125
; brim_ears_outer_only = 0
; brim_flow_ratio = 1
; brim_object_gap = 0.1
; brim_type = no_brim
; brim_use_efc_outline = 0
; brim_width = 0
; calib_flowrate_topinfill_special_order = 0
; center_of_surface_pattern = each_surface
; chamber_minimal_temperature = 0
; chamber_temperature = 0
; change_extrusion_role_gcode = 
; change_filament_gcode = 
; close_additional_fan_first_x_layers = 1
; close_fan_the_first_x_layers = 5
; combine_brims = 0
; compatible_machine_expression_group = ;;
; compatible_printers_condition = 
; compatible_process_expression_group = ""
; complete_print_exhaust_fan_speed = 80
; cool_plate_temp = 75
; cool_plate_temp_initial_layer = 75
; cooling_filter_enabled = 0
; cooling_tube_length = 5
; cooling_tube_retraction = 91.5
; counterbore_hole_bridging = none
; curr_bed_type = Cool Plate
; default_acceleration = 0
; default_bed_type = 
; default_filament_colour = ""
; default_filament_profile = "FibreSeek PETG @FibreSeeker3 SK3"
; default_jerk = 0
; default_junction_deviation = 0
; default_nozzle_volume_type = Standard
; default_print_profile = 0.12mm Standard @FibreSeeker3 SK3
; deretraction_speed = 25
; detect_narrow_internal_solid_infill = 1
; detect_overhang_wall = 1
; detect_thin_wall = 1
; different_settings_to_system = ;;fs_fiber_release_length_mm
; disable_m73 = 0
; dont_filter_internal_bridges = disabled
; dont_slow_down_outer_wall = 0
; draft_shield = disabled
; during_print_exhaust_fan_speed = 60
; elefant_foot_compensation = 0
; elefant_foot_compensation_layers = 1
; elefant_foot_layers_density = 100%
; emit_machine_limits_to_gcode = 1
; enable_arc_fitting = 0
; enable_extra_bridge_layer = disabled
; enable_filament_dynamic_map = 0
; enable_filament_ramming = 1
; enable_long_retraction_when_cut = 0
; enable_mixed_color_sublayer = 0
; enable_overhang_bridge_fan = 1
; enable_overhang_speed = 1
; enable_power_loss_recovery = printer_configuration
; enable_pre_heating = 0
; enable_pressure_advance = 0
; enable_prime_tower = 0
; enable_support = 0
; enable_tower_interface_cooldown_during_tower = 0
; enable_tower_interface_features = 0
; enable_wrapping_detection = 0
; enforce_support_layers = 0
; eng_plate_temp = 75
; eng_plate_temp_initial_layer = 75
; ensure_vertical_shell_thickness = none
; exclude_object = 0
; extra_loading_move = -2
; extra_perimeters_on_overhangs = 0
; extra_solid_infills = 
; extruder_ams_count = 
; extruder_clearance_dist_to_rod = 40
; extruder_clearance_height_to_lid = 140
; extruder_clearance_height_to_rod = 36
; extruder_clearance_radius = 65
; extruder_colour = #F2754E
; extruder_max_nozzle_count = 1
; extruder_nozzle_stats = 
; extruder_offset = 0x0
; extruder_printable_area = 
; extruder_printable_height = 0
; extruder_type = Direct Drive
; extruder_variant_list = "Direct Drive Standard"
; extrusion_rate_smoothing_external_perimeter_only = 0
; fan_cooling_layer_time = 20
; fan_direction = undefine
; fan_kickstart = 0
; fan_max_speed = 80
; fan_min_speed = 20
; fan_speedup_overhangs = 1
; fan_speedup_time = 0
; filament_adaptive_volumetric_speed = 0
; filament_adhesiveness_category = 0
; filament_change_extrusion_role_gcode = ""
; filament_change_length = 0
; filament_change_length_nc = 10
; filament_colour = #F2754E
; filament_cooling_before_tower = 10
; filament_cooling_final_speed = 3.4
; filament_cooling_initial_speed = 2.2
; filament_cooling_moves = 4
; filament_cost = 20
; filament_density = 1.27
; filament_dev_ams_drying_ams_limitations = ""
; filament_dev_ams_drying_heat_distortion_temperature = 0
; filament_dev_ams_drying_temperature = 0
; filament_dev_ams_drying_time = 0
; filament_dev_chamber_drying_bed_temperature = 0
; filament_dev_chamber_drying_time = 0
; filament_dev_drying_cooling_temperature = 0
; filament_dev_drying_softening_temperature = 0
; filament_diameter = 1.75
; filament_end_gcode = "; filament end gcode \n"
; filament_extruder_variant = "Direct Drive Standard"
; filament_flow_ratio = 1
; filament_flush_temp = 0
; filament_flush_volumetric_speed = 0
; filament_ids = OFeIWsgg
; filament_is_mixed = 0
; filament_is_support = 0
; filament_loading_speed = 28
; filament_loading_speed_start = 3
; filament_map = 1
; filament_map_2 = 0
; filament_map_mode = Auto For Flush
; filament_max_volumetric_speed = 25
; filament_minimal_purge_on_wipe_tower = 50
; filament_mixed_components = ""
; filament_mixed_gradient = 0
; filament_mixed_gradient_curve = ""
; filament_mixed_gradient_per_part = 0
; filament_mixed_gradient_range = ""
; filament_mixed_sublayer_ratios = ""
; filament_multitool_ramming = 0
; filament_multitool_ramming_flow = 10
; filament_multitool_ramming_volume = 10
; filament_notes = "FibreSeek PETG, 1.75 mm. 250 C nozzle, 75 C bed, 25 mm3/s max flow. Fan off for the first 1 mm. Chamber 0 C. All bed-plate variants pinned equal: SK3 has a single heated bed."
; filament_nozzle_map = 0
; filament_pre_cooling_temperature = 0
; filament_pre_cooling_temperature_nc = 0
; filament_preheat_temperature_delta = 0
; filament_prime_volume = 45
; filament_prime_volume_nc = 60
; filament_printable = 3
; filament_ramming_parameters = "120 100 6.6 6.8 7.2 7.6 7.9 8.2 8.7 9.4 9.9 10.0| 0.05 6.6 0.45 6.8 0.95 7.8 1.45 8.3 1.95 9.7 2.45 10 2.95 7.6 3.45 7.6 3.95 7.6 4.45 7.6 4.95 7.6"
; filament_ramming_travel_time = 0
; filament_ramming_travel_time_nc = 0
; filament_ramming_volumetric_speed = -1
; filament_ramming_volumetric_speed_nc = -1
; filament_retraction_length = 1
; filament_retraction_minimum_travel = 0.6
; filament_retraction_speed = 20
; filament_self_index = 1
; filament_settings_id = "FibreSeek PETG @FibreSeeker3 SK3"
; filament_shrink = 100%
; filament_shrinkage_compensation_z = 100%
; filament_soluble = 0
; filament_stamping_distance = 0
; filament_stamping_loading_speed = 0
; filament_start_gcode = "; Filament gcode\n"
; filament_toolchange_delay = 0
; filament_tower_interface_pre_extrusion_dist = 10
; filament_tower_interface_pre_extrusion_length = 0
; filament_tower_interface_print_temp = -1
; filament_tower_interface_purge_volume = 20
; filament_tower_ironing_area = 4
; filament_type = PETG
; filament_unloading_speed = 90
; filament_unloading_speed_start = 100
; filament_vendor = FibreSeek
; filament_volume_map = 0
; file_start_gcode = 
; filename_format = {input_filename_base}_{timestamp}.gcode
; fill_multiline = 1
; filter_out_gap_fill = 0
; first_layer_flow_ratio = 1
; first_layer_print_sequence = 0
; first_x_layer_fan_speed = 0
; flashforge_serial_number = 
; flush_into_infill = 0
; flush_into_objects = 0
; flush_into_support = 1
; flush_multiplier = 0.3
; flush_volumes_matrix = 0,280,280,280,280,0,280,280,280,280,0,280,280,280,280,0
; flush_volumes_vector = 140,140,140,140,140,140,140,140
; full_fan_speed_layer = 3
; fuzzy_skin = none
; fuzzy_skin_first_layer = 0
; fuzzy_skin_layers_between_ripple_offset = 1
; fuzzy_skin_mode = displacement
; fuzzy_skin_noise_type = classic
; fuzzy_skin_octaves = 4
; fuzzy_skin_persistence = 0.5
; fuzzy_skin_point_distance = 0.3
; fuzzy_skin_ripple_offset = 50%
; fuzzy_skin_ripples_per_layer = 15
; fuzzy_skin_scale = 1
; fuzzy_skin_thickness = 0.2
; gap_fill_flow_ratio = 1
; gap_fill_target = nowhere
; gap_infill_speed = 30
; gcode_add_line_number = 0
; gcode_comments = 0
; gcode_flavor = klipper
; gcode_label_objects = 1
; gcode_skip_config_block = 0
; grab_length = 0
; group_algo_with_time = 0
; gyroid_optimized = 0
; has_filament_switcher = 0
; has_scarf_joint_seam = 0
; head_wrap_detect_zone = 
; high_current_on_filament_swap = 0
; hole_to_polyhole = 0
; hole_to_polyhole_max_edges = 50
; hole_to_polyhole_threshold = 0.01
; hole_to_polyhole_twisted = 1
; host_type = moonraker
; hot_plate_temp = 75
; hot_plate_temp_initial_layer = 75
; hotend_cooling_rate = 2
; hotend_heating_rate = 2
; idle_temperature = 0
; independent_support_layer_height = 1
; infill_anchor = 400%
; infill_anchor_max = 20
; infill_combination = 0
; infill_combination_max_layer_height = 100%
; infill_direction = 45
; infill_jerk = 9
; infill_lock_depth = 1
; infill_overhang_angle = 60
; infill_shift_step = 0.4
; infill_wall_overlap = 25%
; inherits_group = ;;"FibreSeeker3 SK3 CF nozzle"
; initial_layer_acceleration = 0
; initial_layer_fan_speed = -1
; initial_layer_infill_speed = 20
; initial_layer_jerk = 9
; initial_layer_line_width = 0.42
; initial_layer_min_bead_width = 85%
; initial_layer_print_height = 0.24
; initial_layer_speed = 20
; initial_layer_travel_acceleration = 100%
; initial_layer_travel_jerk = 100%
; initial_layer_travel_speed = 100%
; inner_wall_acceleration = 10000
; inner_wall_filament_id = 0
; inner_wall_flow_ratio = 1
; inner_wall_jerk = 9
; inner_wall_line_width = 0.42
; inner_wall_speed = 120
; input_shaping_damp_x = 0.1
; input_shaping_damp_y = 0.1
; input_shaping_emit = 0
; input_shaping_freq_x = 0
; input_shaping_freq_y = 0
; input_shaping_type = Default
; interface_shells = 0
; interlocking_beam = 0
; interlocking_beam_layer_count = 2
; interlocking_beam_width = 0.8
; interlocking_boundary_avoidance = 2
; interlocking_depth = 2
; interlocking_orientation = 22.5
; internal_bridge_angle = 0
; internal_bridge_density = 100%
; internal_bridge_fan_speed = -1
; internal_bridge_flow = 1
; internal_bridge_speed = 150%
; internal_solid_filament_id = 0
; internal_solid_infill_acceleration = 100%
; internal_solid_infill_flow_ratio = 1
; internal_solid_infill_line_width = 0.42
; internal_solid_infill_pattern = monotonic
; internal_solid_infill_speed = 120
; ironing_angle = 0
; ironing_angle_fixed = 0
; ironing_expansion = 0
; ironing_fan_speed = -1
; ironing_flow = 10%
; ironing_inset = 0
; ironing_pattern = rectilinear
; ironing_spacing = 0.1
; ironing_speed = 20
; ironing_type = no ironing
; is_infill_first = 0
; lateral_lattice_angle_1 = -45
; lateral_lattice_angle_2 = 45
; layer_change_gcode = 
; layer_height = 0.12
; lightning_overhang_angle = 45
; lightning_prune_angle = 45
; lightning_straightening_angle = 45
; line_width = 0.42
; long_retractions_when_cut = 0
; long_retractions_when_ec = 0
; machine_bed_mass_Y = 0
; machine_end_gcode = M400\nM104 S0 T1\nM106 P1 S0\nM140 S0\nM141 S0\nM191 S0\nG90
; machine_hotend_change_time = 0
; machine_load_filament_time = 0
; machine_max_acceleration_e = 5000,5000
; machine_max_acceleration_extruding = 1500,1250
; machine_max_acceleration_retracting = 1500,1250
; machine_max_acceleration_travel = 0,0
; machine_max_acceleration_x = 1000,1000
; machine_max_acceleration_y = 1000,1000
; machine_max_acceleration_z = 500,200
; machine_max_force_Y = 0
; machine_max_jerk_e = 2.5,2.5
; machine_max_jerk_x = 10,10
; machine_max_jerk_y = 10,10
; machine_max_jerk_z = 0.2,0.4
; machine_max_junction_deviation = 0.01,0.01
; machine_max_printed_mass = 0
; machine_max_speed_e = 120,120
; machine_max_speed_x = 500,200
; machine_max_speed_y = 500,200
; machine_max_speed_z = 12,12
; machine_min_extruding_rate = 0,0
; machine_min_travel_rate = 0,0
; machine_pause_gcode = PAUSE
; machine_prepare_compensation_time = 260
; machine_start_gcode = SET_VELOCITY_LIMIT SQUARE_CORNER_VELOCITY=10 ACCEL=10000\nSET_PRESSURE_ADVANCE EXTRUDER=extruder1 ADVANCE=0.04\nM104 S[first_layer_temperature] T1\nM140 S[first_layer_bed_temperature]\nM141 S0\nG21\nG90\nM83\nG92 E0\nG0 Z10 F900\nM190 S[first_layer_bed_temperature]\nM191 S0\nM400\nM109 S[first_layer_temperature] T1\nT1 ; switch extruder type to:PLASTIC\nMOVE_TO_BRUSH_STATION\nCLEAN_NOZZLE\nMOVE_OUT_BRUSH_STATION\nM106 P3 S0\nM106 P5 S0
; machine_tool_change_time = 0
; machine_unload_filament_time = 0
; make_overhang_printable = 0
; make_overhang_printable_angle = 55
; make_overhang_printable_hole_size = 0
; manual_filament_change = 0
; master_extruder_id = 1
; max_bridge_length = 10
; max_layer_height = 0.32
; max_resonance_avoidance_speed = 120
; max_travel_detour_distance = 0
; max_volumetric_extrusion_rate_slope = 0
; max_volumetric_extrusion_rate_slope_segment_length = 3
; min_bead_width = 85%
; min_feature_size = 25%
; min_layer_height = 0.08
; min_length_factor = 0.5
; min_resonance_avoidance_speed = 70
; min_skirt_length = 0
; min_width_top_surface = 300%
; minimum_sparse_infill_area = 15
; mmu_segmented_region_interlocking_depth = 0
; mmu_segmented_region_max_width = 0
; notes = 
; nozzle_diameter = 0.4
; nozzle_flush_dataset = 0
; nozzle_height = 2.5
; nozzle_hrc = 0
; nozzle_temperature = 250
; nozzle_temperature_initial_layer = 250
; nozzle_temperature_range_high = 240
; nozzle_temperature_range_low = 190
; nozzle_type = undefine
; nozzle_volume = 0
; nozzle_volume_type = Standard
; only_one_wall_first_layer = 0
; only_one_wall_top = 0
; ooze_prevention = 0
; other_layers_print_sequence = 0
; other_layers_print_sequence_nums = 0
; outer_wall_acceleration = 500
; outer_wall_filament_id = 0
; outer_wall_flow_ratio = 1
; outer_wall_jerk = 9
; outer_wall_line_width = 0.42
; outer_wall_speed = 100
; overhang_1_4_speed = 0
; overhang_2_4_speed = 0
; overhang_3_4_speed = 0
; overhang_4_4_speed = 0
; overhang_fan_speed = 100
; overhang_fan_threshold = 25%
; overhang_flow_ratio = 1
; overhang_reverse = 0
; overhang_reverse_internal_only = 0
; overhang_reverse_threshold = 50%
; parallel_printheads_bed_exclude_areas = 
; parallel_printheads_count = 1
; parking_pos_retraction = 92
; part_cooling_fan_min_pwm = 0
; pellet_flow_coefficient = 0.4157
; pellet_modded_printer = 0
; physical_extruder_map = 0
; plugins = 
; post_process = 
; precise_outer_wall = 1
; precise_z_height = 0
; preferred_orientation = 0
; preheat_steps = 1
; preheat_time = 30
; pressure_advance = 0.02
; prime_tower_brim_width = 3
; prime_tower_enable_framework = 0
; prime_tower_flat_ironing = 0
; prime_tower_infill_gap = 150%
; prime_tower_skip_points = 1
; prime_tower_width = 60
; prime_volume = 45
; print_compatible_printers = "FibreSeeker3 SK3 CF nozzle";"FibreSeeker3 SK3 FFF nozzle"
; print_extruder_id = 1
; print_extruder_variant = "Direct Drive Standard"
; print_flow_ratio = 1
; print_order = default
; print_plugin_config_overrides = 
; print_sequence = by layer
; print_settings_id = 0.12mm Reinforced L5 @FibreSeeker3 SK3
; printable_area = 0x0,300x0,300x300,0x300
; printable_height = 245
; printer_agent = 
; printer_extruder_id = 1
; printer_extruder_variant = "Direct Drive Standard"
; printer_model = FibreSeeker3 SK3
; printer_notes = Two-head machine: a 0.7 mm composite head with independently controlled plastic (V) and continuous-fiber (U) channels sharing one orifice, able to print plastic-only, plus a 0.4 mm plastic head (T1) that carries the E moves. The Nozzle diameters field models the E-driven plastic head; the composite orifice size is carried by the Fiber nozzle diameter setting. This variant enables continuous-fiber capability.
; printer_plugin_config_overrides = 
; printer_settings_id = shook_B_forward_release
; printer_structure = undefine
; printer_technology = FFF
; printer_variant = 0.4CF
; printhost_authorization_type = key
; printhost_skip_foreign_detect = 0
; printhost_skip_precheck = 0
; printhost_ssl_ignore_revoke = 0
; printing_by_object_gcode = 
; process_change_extrusion_role_gcode = 
; purge_in_prime_tower = 1
; raft_contact_distance = 0.1
; raft_expansion = 1.5
; raft_first_layer_density = 90%
; raft_first_layer_expansion = 2
; raft_layers = 0
; reduce_crossing_wall = 0
; reduce_fan_stop_start_freq = 1
; reduce_infill_retraction = 0
; relative_bridge_angle = 0
; required_nozzle_HRC = 0
; resolution = 0.01
; resonance_avoidance = 0
; retract_after_wipe = 0%
; retract_before_wipe = 0%
; retract_length_toolchange = 10
; retract_lift_above = 0
; retract_lift_below = 0
; retract_lift_enforce = All Surfaces
; retract_restart_extra = 0
; retract_restart_extra_toolchange = 0
; retract_when_changing_layer = 0
; retraction_distances_when_cut = 18
; retraction_distances_when_ec = 10
; retraction_length = 0.8
; retraction_minimum_travel = 1
; retraction_speed = 25
; role_based_wipe_speed = 1
; scan_first_layer = 0
; scarf_angle_threshold = 155
; scarf_joint_flow_ratio = 1
; scarf_joint_speed = 100%
; scarf_overhang_threshold = 40%
; seam_gap = 10%
; seam_position = nearest
; seam_slope_conditional = 0
; seam_slope_entire_loop = 0
; seam_slope_inner_walls = 0
; seam_slope_min_length = 20
; seam_slope_start_height = 0
; seam_slope_steps = 10
; seam_slope_type = none
; separated_infills = 0
; set_other_flow_ratios = 0
; silent_mode = 0
; single_extruder_multi_material = 1
; single_extruder_multi_material_priming = 0
; single_loop_draft_shield = 0
; skeleton_infill_density = 25%
; skeleton_infill_line_width = 100%
; skin_infill_density = 25%
; skin_infill_depth = 2
; skin_infill_line_width = 100%
; skirt_distance = 2
; skirt_height = 1
; skirt_loops = 1
; skirt_speed = 50
; skirt_start_angle = -135
; skirt_type = combined
; slice_closing_radius = 0.049
; slicing_mode = regular
; slicing_pipeline_plugin = 
; slow_down_for_layer_cooling = 1
; slow_down_layer_time = 4
; slow_down_layers = 0
; slow_down_min_speed = 10
; slowdown_for_curled_perimeters = 0
; small_area_infill_flow_compensation = 0
; small_area_infill_flow_compensation_model = 0,0;"\n0.2,0.4444";"\n0.4,0.6145";"\n0.6,0.7059";"\n0.8,0.7619";"\n1.5,0.8571";"\n2,0.8889";"\n3,0.9231";"\n5,0.9520";"\n10,1"
; small_perimeter_speed = 50%
; small_perimeter_threshold = 0
; small_support_perimeter_speed = 50%
; small_support_perimeter_threshold = 0
; solid_infill_direction = 45
; solid_infill_rotate_template = 
; sparse_infill_acceleration = 100%
; sparse_infill_density = 10%
; sparse_infill_filament_id = 0
; sparse_infill_flow_ratio = 1
; sparse_infill_line_width = 0.42
; sparse_infill_pattern = crosshatch
; sparse_infill_rotate_template = 
; sparse_infill_smooth_factor = 0%
; sparse_infill_speed = 120
; spiral_finishing_flow_ratio = 0
; spiral_mode = 0
; spiral_mode_max_xy_smoothing = 200%
; spiral_mode_smooth = 0
; spiral_starting_flow_ratio = 0
; staggered_inner_seams = 0
; standby_temperature_delta = -5
; start_end_points = 30x-3,54x245
; supertack_plate_temp = 75
; supertack_plate_temp_initial_layer = 75
; support_air_filtration = 1
; support_angle = 0
; support_base_pattern = default
; support_base_pattern_spacing = 2.5
; support_bottom_interface_spacing = 0.5
; support_bottom_z_distance = 0.2
; support_chamber_temp_control = 1
; support_cooling_filter = 0
; support_critical_regions_only = 0
; support_expansion = 0
; support_filament = 0
; support_flow_ratio = 1
; support_interface_bottom_layers = 0
; support_interface_filament = 0
; support_interface_flow_ratio = 1
; support_interface_loop_pattern = 0
; support_interface_not_for_body = 1
; support_interface_pattern = auto
; support_interface_spacing = 0.5
; support_interface_speed = 80
; support_interface_top_layers = 3
; support_ironing = 0
; support_ironing_flow = 10%
; support_ironing_pattern = rectilinear
; support_ironing_spacing = 0.1
; support_line_width = 0
; support_material_interface_fan_speed = -1
; support_multi_bed_types = 0
; support_object_first_layer_gap = 0.2
; support_object_skip_flush = 0
; support_object_xy_distance = 0.35
; support_on_build_plate_only = 0
; support_parallel_printheads = 0
; support_remove_small_overhang = 1
; support_speed = 80
; support_style = default
; support_threshold_angle = 30
; support_threshold_overlap = 50%
; support_top_z_distance = 0.2
; support_type = normal(auto)
; symmetric_infill_y_axis = 0
; temperature_vitrification = 100
; template_custom_gcode = 
; textured_cool_plate_temp = 40
; textured_cool_plate_temp_initial_layer = 40
; textured_plate_temp = 75
; textured_plate_temp_initial_layer = 75
; thick_bridges = 0
; thick_internal_bridges = 1
; thumbnails = 100x100/PNG
; thumbnails_format = PNG
; time_cost = 0
; time_lapse_gcode = 
; timelapse_type = 0
; tool_change_on_wipe_tower = 0
; toolchange_cyclic_first_layer = 0
; toolchange_cyclic_order = 
; toolchange_ordering = default
; top_bottom_infill_wall_overlap = 25%
; top_layer_direction = -1
; top_shell_layers = 2
; top_shell_thickness = 0
; top_solid_infill_flow_ratio = 1
; top_surface_acceleration = 500
; top_surface_density = 100%
; top_surface_expansion = 0
; top_surface_expansion_direction = inward_and_outward
; top_surface_expansion_margin = 0
; top_surface_filament_id = 0
; top_surface_fill_order = default
; top_surface_jerk = 9
; top_surface_line_width = 0.42
; top_surface_pattern = monotonicline
; top_surface_speed = 100
; travel_acceleration = 10000
; travel_jerk = 12
; travel_slope = 3
; travel_speed = 150
; travel_speed_z = 0
; tree_support_angle_slow = 25
; tree_support_auto_brim = 1
; tree_support_branch_angle = 40
; tree_support_branch_angle_organic = 40
; tree_support_branch_diameter = 5
; tree_support_branch_diameter_angle = 5
; tree_support_branch_diameter_organic = 2
; tree_support_branch_distance = 5
; tree_support_branch_distance_organic = 1
; tree_support_brim_width = 3
; tree_support_tip_diameter = 0.8
; tree_support_top_rate = 30%
; tree_support_wall_count = 0
; unsupported_wall_last = 0
; upward_compatible_machine = 
; use_3mf = 0
; use_firmware_retraction = 0
; use_relative_e_distances = 1
; volumetric_speed_coefficients = ""
; wait_for_temp_on_wipe_tower = 0
; wall_direction = ccw
; wall_distribution_count = 1
; wall_generator = arachne
; wall_loops = 2
; wall_maximum_deviation = 0.025
; wall_maximum_resolution = 0.5
; wall_sequence = inner wall/outer wall
; wall_transition_angle = 10
; wall_transition_filter_deviation = 25%
; wall_transition_length = 4%
; wipe = 0
; wipe_before_external_loop = 0
; wipe_distance = 2
; wipe_inward = 0
; wipe_inward_distance = 50%
; wipe_on_loops = 0
; wipe_speed = 0
; wipe_tower_bridging = 10
; wipe_tower_cone_angle = 30
; wipe_tower_extra_flow = 100%
; wipe_tower_extra_rib_length = 0
; wipe_tower_extra_spacing = 100%
; wipe_tower_filament = 0
; wipe_tower_fillet_wall = 1
; wipe_tower_max_purge_speed = 90
; wipe_tower_no_sparse_layers = 0
; wipe_tower_rib_width = 8
; wipe_tower_rotation_angle = 0
; wipe_tower_sparse_layers_combination = 0
; wipe_tower_type = type2
; wipe_tower_wall_type = rib
; wipe_tower_x = 15.000
; wipe_tower_x = 15
; wipe_tower_y = 220.000
; wipe_tower_y = 220
; wiping_volumes_extruders = 70,70,70,70,70,70,70,70,70,70
; wrapping_detection_gcode = 
; wrapping_detection_layers = 20
; wrapping_exclude_area = 
; xy_contour_compensation = 0
; xy_hole_compensation = 0
; z_hop = 0
; z_hop_types = Normal Lift
; z_offset = 0
; zaa_dont_alternate_fill_direction = 0
; zaa_enabled = 0
; zaa_min_z = 0.05
; zaa_minimize_perimeter_height = 35
; first_layer_bed_temperature = 75
; bed_shape = 0x0,300x0,300x300,0x300
; first_layer_temperature = 250
; first_layer_height = 0.240
; CONFIG_BLOCK_END


